CREATE TABLE IF NOT EXISTS `Amenities` (
  `amenity_id` varchar(4) NOT NULL DEFAULT '',
  `description` varchar(320) NOT NULL,
  PRIMARY KEY (`amenity_id`)
) ENGINE=InnoDB DEFAULT CHARSET=latin1;

CREATE TABLE IF NOT EXISTS `Currencies` (
  `currency` char(3) NOT NULL DEFAULT '',
  `symbol` char(1) DEFAULT NULL,
  `text` varchar(50) DEFAULT NULL,
  PRIMARY KEY (`currency`)
) ENGINE=InnoDB DEFAULT CHARSET=latin1;

CREATE TABLE IF NOT EXISTS `IncludedAmenities` (
  `listing_id` int(11) NOT NULL DEFAULT '0',
  `amenity_id` varchar(4) NOT NULL DEFAULT '',
  PRIMARY KEY (`listing_id`,`amenity_id`),
  KEY `amenity_id` (`amenity_id`),
  CONSTRAINT `IncludedAmenities_ibfk_1` FOREIGN KEY (`amenity_id`) REFERENCES `Amenities` (`amenity_id`),
  CONSTRAINT `IncludedAmenities_ibfk_2` FOREIGN KEY (`listing_id`) REFERENCES `Listings` (`listing_id`)
) ENGINE=InnoDB DEFAULT CHARSET=latin1;

CREATE TABLE IF NOT EXISTS `Listings` (
  `listing_id` int(11) NOT NULL DEFAULT '0',
  `address` varchar(320) DEFAULT NULL,
  `image` varchar(320) DEFAULT NULL,
  `beds` int(11) DEFAULT NULL,
  `baths` int(11) DEFAULT NULL,
  `price` decimal(11,2) DEFAULT NULL,
  `currency` char(3) DEFAULT NULL,
  `safety_rating` int(11) DEFAULT NULL,
  `link` varchar(320) DEFAULT NULL,
  `latitude` double DEFAULT NULL,
  `longitude` double DEFAULT NULL,
  `Agent_id` char(4) NOT NULL,
  PRIMARY KEY (`listing_id`),
  KEY `Agent_id` (`Agent_id`),
  KEY `currency` (`currency`),
  CONSTRAINT `Listings_ibfk_1` FOREIGN KEY (`Agent_id`) REFERENCES `RealEstateAgents` (`agent_id`),
  CONSTRAINT `Listings_ibfk_2` FOREIGN KEY (`currency`) REFERENCES `Currencies` (`currency`)
) ENGINE=InnoDB DEFAULT CHARSET=latin1;

CREATE TABLE IF NOT EXISTS `RealEstateAgents` (
  `agent_id` char(4) NOT NULL DEFAULT '',
  `description` varchar(320) NOT NULL,
  `email_id` varchar(320) DEFAULT NULL,
  `phone_no` varchar(320) DEFAULT NULL,
  PRIMARY KEY (`agent_id`)
) ENGINE=InnoDB DEFAULT CHARSET=latin1;

INSERT INTO `Amenities` (`amenity_id`,`description`) VALUES ('24EM','24 Hour Emergency Maintenance');
INSERT INTO `Amenities` (`amenity_id`,`description`) VALUES ('AIRC','Air Conditioning');
INSERT INTO `Amenities` (`amenity_id`,`description`) VALUES ('BKRM','Bike Room');
INSERT INTO `Amenities` (`amenity_id`,`description`) VALUES ('C2C','lose to Campus');
INSERT INTO `Amenities` (`amenity_id`,`description`) VALUES ('CARD','Cable ready');
INSERT INTO `Amenities` (`amenity_id`,`description`) VALUES ('CSS','Complimentary Shuttle Service');
INSERT INTO `Amenities` (`amenity_id`,`description`) VALUES ('CTYD','Courtyard');
INSERT INTO `Amenities` (`amenity_id`,`description`) VALUES ('DIS','Dishwasher');
INSERT INTO `Amenities` (`amenity_id`,`description`) VALUES ('EVTR','Elevator');
INSERT INTO `Amenities` (`amenity_id`,`description`) VALUES ('FGS','Fenced in Green Space');
INSERT INTO `Amenities` (`amenity_id`,`description`) VALUES ('HFC','Hardwood Flooring and Carpeting');
INSERT INTO `Amenities` (`amenity_id`,`description`) VALUES ('HWFL','Hardwood Flooring');
INSERT INTO `Amenities` (`amenity_id`,`description`) VALUES ('OFSP','Off-street parking');
INSERT INTO `Amenities` (`amenity_id`,`description`) VALUES ('OL','Onsite laundry');
INSERT INTO `Amenities` (`amenity_id`,`description`) VALUES ('OPA','Online Payments Available');
INSERT INTO `Amenities` (`amenity_id`,`description`) VALUES ('PETF','Pet Friendly');
INSERT INTO `Amenities` (`amenity_id`,`description`) VALUES ('PL','Prime Locations');
INSERT INTO `Amenities` (`amenity_id`,`description`) VALUES ('UKB','Updated Kitchens and Bathrooms');
INSERT INTO `Amenities` (`amenity_id`,`description`) VALUES ('WAD','Washer/Dryer');

INSERT INTO `Currencies` (`currency`,`symbol`,`text`) VALUES ('USD','$','dollar');

INSERT INTO `IncludedAmenities` (`listing_id`,`amenity_id`) VALUES (0,'24EM');
INSERT INTO `IncludedAmenities` (`listing_id`,`amenity_id`) VALUES (1,'24EM');
INSERT INTO `IncludedAmenities` (`listing_id`,`amenity_id`) VALUES (2,'24EM');
INSERT INTO `IncludedAmenities` (`listing_id`,`amenity_id`) VALUES (3,'24EM');
INSERT INTO `IncludedAmenities` (`listing_id`,`amenity_id`) VALUES (4,'24EM');
INSERT INTO `IncludedAmenities` (`listing_id`,`amenity_id`) VALUES (5,'24EM');
INSERT INTO `IncludedAmenities` (`listing_id`,`amenity_id`) VALUES (6,'24EM');
INSERT INTO `IncludedAmenities` (`listing_id`,`amenity_id`) VALUES (7,'24EM');
INSERT INTO `IncludedAmenities` (`listing_id`,`amenity_id`) VALUES (8,'24EM');
INSERT INTO `IncludedAmenities` (`listing_id`,`amenity_id`) VALUES (9,'24EM');
INSERT INTO `IncludedAmenities` (`listing_id`,`amenity_id`) VALUES (10,'24EM');
INSERT INTO `IncludedAmenities` (`listing_id`,`amenity_id`) VALUES (11,'24EM');
INSERT INTO `IncludedAmenities` (`listing_id`,`amenity_id`) VALUES (12,'24EM');
INSERT INTO `IncludedAmenities` (`listing_id`,`amenity_id`) VALUES (13,'24EM');
INSERT INTO `IncludedAmenities` (`listing_id`,`amenity_id`) VALUES (14,'24EM');
INSERT INTO `IncludedAmenities` (`listing_id`,`amenity_id`) VALUES (15,'24EM');
INSERT INTO `IncludedAmenities` (`listing_id`,`amenity_id`) VALUES (16,'24EM');
INSERT INTO `IncludedAmenities` (`listing_id`,`amenity_id`) VALUES (17,'24EM');
INSERT INTO `IncludedAmenities` (`listing_id`,`amenity_id`) VALUES (18,'24EM');
INSERT INTO `IncludedAmenities` (`listing_id`,`amenity_id`) VALUES (19,'24EM');
INSERT INTO `IncludedAmenities` (`listing_id`,`amenity_id`) VALUES (20,'24EM');
INSERT INTO `IncludedAmenities` (`listing_id`,`amenity_id`) VALUES (21,'24EM');
INSERT INTO `IncludedAmenities` (`listing_id`,`amenity_id`) VALUES (22,'24EM');
INSERT INTO `IncludedAmenities` (`listing_id`,`amenity_id`) VALUES (23,'24EM');
INSERT INTO `IncludedAmenities` (`listing_id`,`amenity_id`) VALUES (24,'24EM');
INSERT INTO `IncludedAmenities` (`listing_id`,`amenity_id`) VALUES (25,'24EM');
INSERT INTO `IncludedAmenities` (`listing_id`,`amenity_id`) VALUES (26,'24EM');
INSERT INTO `IncludedAmenities` (`listing_id`,`amenity_id`) VALUES (27,'24EM');
INSERT INTO `IncludedAmenities` (`listing_id`,`amenity_id`) VALUES (28,'24EM');
INSERT INTO `IncludedAmenities` (`listing_id`,`amenity_id`) VALUES (29,'24EM');
INSERT INTO `IncludedAmenities` (`listing_id`,`amenity_id`) VALUES (30,'24EM');
INSERT INTO `IncludedAmenities` (`listing_id`,`amenity_id`) VALUES (31,'24EM');
INSERT INTO `IncludedAmenities` (`listing_id`,`amenity_id`) VALUES (32,'24EM');
INSERT INTO `IncludedAmenities` (`listing_id`,`amenity_id`) VALUES (33,'24EM');
INSERT INTO `IncludedAmenities` (`listing_id`,`amenity_id`) VALUES (34,'24EM');
INSERT INTO `IncludedAmenities` (`listing_id`,`amenity_id`) VALUES (35,'24EM');
INSERT INTO `IncludedAmenities` (`listing_id`,`amenity_id`) VALUES (36,'24EM');
INSERT INTO `IncludedAmenities` (`listing_id`,`amenity_id`) VALUES (37,'24EM');
INSERT INTO `IncludedAmenities` (`listing_id`,`amenity_id`) VALUES (38,'24EM');
INSERT INTO `IncludedAmenities` (`listing_id`,`amenity_id`) VALUES (39,'24EM');
INSERT INTO `IncludedAmenities` (`listing_id`,`amenity_id`) VALUES (40,'24EM');
INSERT INTO `IncludedAmenities` (`listing_id`,`amenity_id`) VALUES (41,'24EM');
INSERT INTO `IncludedAmenities` (`listing_id`,`amenity_id`) VALUES (42,'24EM');
INSERT INTO `IncludedAmenities` (`listing_id`,`amenity_id`) VALUES (43,'24EM');
INSERT INTO `IncludedAmenities` (`listing_id`,`amenity_id`) VALUES (44,'24EM');
INSERT INTO `IncludedAmenities` (`listing_id`,`amenity_id`) VALUES (45,'24EM');
INSERT INTO `IncludedAmenities` (`listing_id`,`amenity_id`) VALUES (46,'24EM');
INSERT INTO `IncludedAmenities` (`listing_id`,`amenity_id`) VALUES (47,'24EM');
INSERT INTO `IncludedAmenities` (`listing_id`,`amenity_id`) VALUES (48,'24EM');
INSERT INTO `IncludedAmenities` (`listing_id`,`amenity_id`) VALUES (49,'24EM');
INSERT INTO `IncludedAmenities` (`listing_id`,`amenity_id`) VALUES (50,'24EM');
INSERT INTO `IncludedAmenities` (`listing_id`,`amenity_id`) VALUES (51,'24EM');
INSERT INTO `IncludedAmenities` (`listing_id`,`amenity_id`) VALUES (52,'24EM');
INSERT INTO `IncludedAmenities` (`listing_id`,`amenity_id`) VALUES (53,'24EM');
INSERT INTO `IncludedAmenities` (`listing_id`,`amenity_id`) VALUES (54,'24EM');
INSERT INTO `IncludedAmenities` (`listing_id`,`amenity_id`) VALUES (55,'24EM');
INSERT INTO `IncludedAmenities` (`listing_id`,`amenity_id`) VALUES (56,'24EM');
INSERT INTO `IncludedAmenities` (`listing_id`,`amenity_id`) VALUES (57,'24EM');
INSERT INTO `IncludedAmenities` (`listing_id`,`amenity_id`) VALUES (58,'24EM');
INSERT INTO `IncludedAmenities` (`listing_id`,`amenity_id`) VALUES (59,'24EM');
INSERT INTO `IncludedAmenities` (`listing_id`,`amenity_id`) VALUES (60,'24EM');
INSERT INTO `IncludedAmenities` (`listing_id`,`amenity_id`) VALUES (61,'24EM');
INSERT INTO `IncludedAmenities` (`listing_id`,`amenity_id`) VALUES (62,'24EM');
INSERT INTO `IncludedAmenities` (`listing_id`,`amenity_id`) VALUES (63,'24EM');
INSERT INTO `IncludedAmenities` (`listing_id`,`amenity_id`) VALUES (64,'24EM');
INSERT INTO `IncludedAmenities` (`listing_id`,`amenity_id`) VALUES (65,'24EM');
INSERT INTO `IncludedAmenities` (`listing_id`,`amenity_id`) VALUES (66,'24EM');
INSERT INTO `IncludedAmenities` (`listing_id`,`amenity_id`) VALUES (67,'24EM');
INSERT INTO `IncludedAmenities` (`listing_id`,`amenity_id`) VALUES (68,'24EM');
INSERT INTO `IncludedAmenities` (`listing_id`,`amenity_id`) VALUES (69,'24EM');
INSERT INTO `IncludedAmenities` (`listing_id`,`amenity_id`) VALUES (70,'24EM');
INSERT INTO `IncludedAmenities` (`listing_id`,`amenity_id`) VALUES (71,'24EM');
INSERT INTO `IncludedAmenities` (`listing_id`,`amenity_id`) VALUES (72,'24EM');
INSERT INTO `IncludedAmenities` (`listing_id`,`amenity_id`) VALUES (73,'24EM');
INSERT INTO `IncludedAmenities` (`listing_id`,`amenity_id`) VALUES (74,'24EM');
INSERT INTO `IncludedAmenities` (`listing_id`,`amenity_id`) VALUES (75,'24EM');
INSERT INTO `IncludedAmenities` (`listing_id`,`amenity_id`) VALUES (76,'24EM');
INSERT INTO `IncludedAmenities` (`listing_id`,`amenity_id`) VALUES (77,'24EM');
INSERT INTO `IncludedAmenities` (`listing_id`,`amenity_id`) VALUES (78,'24EM');
INSERT INTO `IncludedAmenities` (`listing_id`,`amenity_id`) VALUES (79,'24EM');
INSERT INTO `IncludedAmenities` (`listing_id`,`amenity_id`) VALUES (80,'24EM');
INSERT INTO `IncludedAmenities` (`listing_id`,`amenity_id`) VALUES (81,'24EM');
INSERT INTO `IncludedAmenities` (`listing_id`,`amenity_id`) VALUES (82,'24EM');
INSERT INTO `IncludedAmenities` (`listing_id`,`amenity_id`) VALUES (83,'24EM');
INSERT INTO `IncludedAmenities` (`listing_id`,`amenity_id`) VALUES (84,'24EM');
INSERT INTO `IncludedAmenities` (`listing_id`,`amenity_id`) VALUES (85,'24EM');
INSERT INTO `IncludedAmenities` (`listing_id`,`amenity_id`) VALUES (86,'24EM');
INSERT INTO `IncludedAmenities` (`listing_id`,`amenity_id`) VALUES (87,'24EM');
INSERT INTO `IncludedAmenities` (`listing_id`,`amenity_id`) VALUES (88,'24EM');
INSERT INTO `IncludedAmenities` (`listing_id`,`amenity_id`) VALUES (89,'24EM');
INSERT INTO `IncludedAmenities` (`listing_id`,`amenity_id`) VALUES (90,'24EM');
INSERT INTO `IncludedAmenities` (`listing_id`,`amenity_id`) VALUES (91,'24EM');
INSERT INTO `IncludedAmenities` (`listing_id`,`amenity_id`) VALUES (92,'24EM');
INSERT INTO `IncludedAmenities` (`listing_id`,`amenity_id`) VALUES (93,'24EM');
INSERT INTO `IncludedAmenities` (`listing_id`,`amenity_id`) VALUES (94,'24EM');
INSERT INTO `IncludedAmenities` (`listing_id`,`amenity_id`) VALUES (95,'24EM');
INSERT INTO `IncludedAmenities` (`listing_id`,`amenity_id`) VALUES (96,'24EM');
INSERT INTO `IncludedAmenities` (`listing_id`,`amenity_id`) VALUES (97,'24EM');
INSERT INTO `IncludedAmenities` (`listing_id`,`amenity_id`) VALUES (98,'24EM');
INSERT INTO `IncludedAmenities` (`listing_id`,`amenity_id`) VALUES (99,'24EM');
INSERT INTO `IncludedAmenities` (`listing_id`,`amenity_id`) VALUES (100,'24EM');
INSERT INTO `IncludedAmenities` (`listing_id`,`amenity_id`) VALUES (101,'24EM');
INSERT INTO `IncludedAmenities` (`listing_id`,`amenity_id`) VALUES (102,'24EM');
INSERT INTO `IncludedAmenities` (`listing_id`,`amenity_id`) VALUES (103,'24EM');
INSERT INTO `IncludedAmenities` (`listing_id`,`amenity_id`) VALUES (104,'24EM');
INSERT INTO `IncludedAmenities` (`listing_id`,`amenity_id`) VALUES (105,'24EM');
INSERT INTO `IncludedAmenities` (`listing_id`,`amenity_id`) VALUES (106,'24EM');
INSERT INTO `IncludedAmenities` (`listing_id`,`amenity_id`) VALUES (107,'24EM');
INSERT INTO `IncludedAmenities` (`listing_id`,`amenity_id`) VALUES (108,'24EM');
INSERT INTO `IncludedAmenities` (`listing_id`,`amenity_id`) VALUES (109,'24EM');
INSERT INTO `IncludedAmenities` (`listing_id`,`amenity_id`) VALUES (110,'24EM');
INSERT INTO `IncludedAmenities` (`listing_id`,`amenity_id`) VALUES (111,'24EM');
INSERT INTO `IncludedAmenities` (`listing_id`,`amenity_id`) VALUES (112,'24EM');
INSERT INTO `IncludedAmenities` (`listing_id`,`amenity_id`) VALUES (113,'24EM');
INSERT INTO `IncludedAmenities` (`listing_id`,`amenity_id`) VALUES (23,'BKRM');
INSERT INTO `IncludedAmenities` (`listing_id`,`amenity_id`) VALUES (24,'BKRM');
INSERT INTO `IncludedAmenities` (`listing_id`,`amenity_id`) VALUES (25,'BKRM');
INSERT INTO `IncludedAmenities` (`listing_id`,`amenity_id`) VALUES (26,'BKRM');
INSERT INTO `IncludedAmenities` (`listing_id`,`amenity_id`) VALUES (92,'BKRM');
INSERT INTO `IncludedAmenities` (`listing_id`,`amenity_id`) VALUES (93,'BKRM');
INSERT INTO `IncludedAmenities` (`listing_id`,`amenity_id`) VALUES (94,'BKRM');
INSERT INTO `IncludedAmenities` (`listing_id`,`amenity_id`) VALUES (95,'BKRM');
INSERT INTO `IncludedAmenities` (`listing_id`,`amenity_id`) VALUES (96,'BKRM');
INSERT INTO `IncludedAmenities` (`listing_id`,`amenity_id`) VALUES (97,'BKRM');
INSERT INTO `IncludedAmenities` (`listing_id`,`amenity_id`) VALUES (100,'BKRM');
INSERT INTO `IncludedAmenities` (`listing_id`,`amenity_id`) VALUES (101,'BKRM');
INSERT INTO `IncludedAmenities` (`listing_id`,`amenity_id`) VALUES (102,'BKRM');
INSERT INTO `IncludedAmenities` (`listing_id`,`amenity_id`) VALUES (103,'BKRM');
INSERT INTO `IncludedAmenities` (`listing_id`,`amenity_id`) VALUES (104,'BKRM');
INSERT INTO `IncludedAmenities` (`listing_id`,`amenity_id`) VALUES (105,'BKRM');
INSERT INTO `IncludedAmenities` (`listing_id`,`amenity_id`) VALUES (106,'BKRM');
INSERT INTO `IncludedAmenities` (`listing_id`,`amenity_id`) VALUES (107,'BKRM');
INSERT INTO `IncludedAmenities` (`listing_id`,`amenity_id`) VALUES (108,'BKRM');
INSERT INTO `IncludedAmenities` (`listing_id`,`amenity_id`) VALUES (109,'BKRM');
INSERT INTO `IncludedAmenities` (`listing_id`,`amenity_id`) VALUES (110,'BKRM');
INSERT INTO `IncludedAmenities` (`listing_id`,`amenity_id`) VALUES (0,'C2C');
INSERT INTO `IncludedAmenities` (`listing_id`,`amenity_id`) VALUES (1,'C2C');
INSERT INTO `IncludedAmenities` (`listing_id`,`amenity_id`) VALUES (2,'C2C');
INSERT INTO `IncludedAmenities` (`listing_id`,`amenity_id`) VALUES (3,'C2C');
INSERT INTO `IncludedAmenities` (`listing_id`,`amenity_id`) VALUES (4,'C2C');
INSERT INTO `IncludedAmenities` (`listing_id`,`amenity_id`) VALUES (5,'C2C');
INSERT INTO `IncludedAmenities` (`listing_id`,`amenity_id`) VALUES (6,'C2C');
INSERT INTO `IncludedAmenities` (`listing_id`,`amenity_id`) VALUES (7,'C2C');
INSERT INTO `IncludedAmenities` (`listing_id`,`amenity_id`) VALUES (8,'C2C');
INSERT INTO `IncludedAmenities` (`listing_id`,`amenity_id`) VALUES (9,'C2C');
INSERT INTO `IncludedAmenities` (`listing_id`,`amenity_id`) VALUES (10,'C2C');
INSERT INTO `IncludedAmenities` (`listing_id`,`amenity_id`) VALUES (11,'C2C');
INSERT INTO `IncludedAmenities` (`listing_id`,`amenity_id`) VALUES (12,'C2C');
INSERT INTO `IncludedAmenities` (`listing_id`,`amenity_id`) VALUES (13,'C2C');
INSERT INTO `IncludedAmenities` (`listing_id`,`amenity_id`) VALUES (14,'C2C');
INSERT INTO `IncludedAmenities` (`listing_id`,`amenity_id`) VALUES (15,'C2C');
INSERT INTO `IncludedAmenities` (`listing_id`,`amenity_id`) VALUES (16,'C2C');
INSERT INTO `IncludedAmenities` (`listing_id`,`amenity_id`) VALUES (17,'C2C');
INSERT INTO `IncludedAmenities` (`listing_id`,`amenity_id`) VALUES (18,'C2C');
INSERT INTO `IncludedAmenities` (`listing_id`,`amenity_id`) VALUES (19,'C2C');
INSERT INTO `IncludedAmenities` (`listing_id`,`amenity_id`) VALUES (20,'C2C');
INSERT INTO `IncludedAmenities` (`listing_id`,`amenity_id`) VALUES (21,'C2C');
INSERT INTO `IncludedAmenities` (`listing_id`,`amenity_id`) VALUES (22,'C2C');
INSERT INTO `IncludedAmenities` (`listing_id`,`amenity_id`) VALUES (23,'C2C');
INSERT INTO `IncludedAmenities` (`listing_id`,`amenity_id`) VALUES (24,'C2C');
INSERT INTO `IncludedAmenities` (`listing_id`,`amenity_id`) VALUES (25,'C2C');
INSERT INTO `IncludedAmenities` (`listing_id`,`amenity_id`) VALUES (26,'C2C');
INSERT INTO `IncludedAmenities` (`listing_id`,`amenity_id`) VALUES (27,'C2C');
INSERT INTO `IncludedAmenities` (`listing_id`,`amenity_id`) VALUES (28,'C2C');
INSERT INTO `IncludedAmenities` (`listing_id`,`amenity_id`) VALUES (29,'C2C');
INSERT INTO `IncludedAmenities` (`listing_id`,`amenity_id`) VALUES (30,'C2C');
INSERT INTO `IncludedAmenities` (`listing_id`,`amenity_id`) VALUES (31,'C2C');
INSERT INTO `IncludedAmenities` (`listing_id`,`amenity_id`) VALUES (32,'C2C');
INSERT INTO `IncludedAmenities` (`listing_id`,`amenity_id`) VALUES (33,'C2C');
INSERT INTO `IncludedAmenities` (`listing_id`,`amenity_id`) VALUES (34,'C2C');
INSERT INTO `IncludedAmenities` (`listing_id`,`amenity_id`) VALUES (35,'C2C');
INSERT INTO `IncludedAmenities` (`listing_id`,`amenity_id`) VALUES (36,'C2C');
INSERT INTO `IncludedAmenities` (`listing_id`,`amenity_id`) VALUES (37,'C2C');
INSERT INTO `IncludedAmenities` (`listing_id`,`amenity_id`) VALUES (38,'C2C');
INSERT INTO `IncludedAmenities` (`listing_id`,`amenity_id`) VALUES (39,'C2C');
INSERT INTO `IncludedAmenities` (`listing_id`,`amenity_id`) VALUES (40,'C2C');
INSERT INTO `IncludedAmenities` (`listing_id`,`amenity_id`) VALUES (41,'C2C');
INSERT INTO `IncludedAmenities` (`listing_id`,`amenity_id`) VALUES (42,'C2C');
INSERT INTO `IncludedAmenities` (`listing_id`,`amenity_id`) VALUES (43,'C2C');
INSERT INTO `IncludedAmenities` (`listing_id`,`amenity_id`) VALUES (44,'C2C');
INSERT INTO `IncludedAmenities` (`listing_id`,`amenity_id`) VALUES (45,'C2C');
INSERT INTO `IncludedAmenities` (`listing_id`,`amenity_id`) VALUES (46,'C2C');
INSERT INTO `IncludedAmenities` (`listing_id`,`amenity_id`) VALUES (47,'C2C');
INSERT INTO `IncludedAmenities` (`listing_id`,`amenity_id`) VALUES (48,'C2C');
INSERT INTO `IncludedAmenities` (`listing_id`,`amenity_id`) VALUES (49,'C2C');
INSERT INTO `IncludedAmenities` (`listing_id`,`amenity_id`) VALUES (50,'C2C');
INSERT INTO `IncludedAmenities` (`listing_id`,`amenity_id`) VALUES (51,'C2C');
INSERT INTO `IncludedAmenities` (`listing_id`,`amenity_id`) VALUES (52,'C2C');
INSERT INTO `IncludedAmenities` (`listing_id`,`amenity_id`) VALUES (53,'C2C');
INSERT INTO `IncludedAmenities` (`listing_id`,`amenity_id`) VALUES (54,'C2C');
INSERT INTO `IncludedAmenities` (`listing_id`,`amenity_id`) VALUES (55,'C2C');
INSERT INTO `IncludedAmenities` (`listing_id`,`amenity_id`) VALUES (56,'C2C');
INSERT INTO `IncludedAmenities` (`listing_id`,`amenity_id`) VALUES (57,'C2C');
INSERT INTO `IncludedAmenities` (`listing_id`,`amenity_id`) VALUES (58,'C2C');
INSERT INTO `IncludedAmenities` (`listing_id`,`amenity_id`) VALUES (59,'C2C');
INSERT INTO `IncludedAmenities` (`listing_id`,`amenity_id`) VALUES (60,'C2C');
INSERT INTO `IncludedAmenities` (`listing_id`,`amenity_id`) VALUES (61,'C2C');
INSERT INTO `IncludedAmenities` (`listing_id`,`amenity_id`) VALUES (62,'C2C');
INSERT INTO `IncludedAmenities` (`listing_id`,`amenity_id`) VALUES (63,'C2C');
INSERT INTO `IncludedAmenities` (`listing_id`,`amenity_id`) VALUES (64,'C2C');
INSERT INTO `IncludedAmenities` (`listing_id`,`amenity_id`) VALUES (65,'C2C');
INSERT INTO `IncludedAmenities` (`listing_id`,`amenity_id`) VALUES (66,'C2C');
INSERT INTO `IncludedAmenities` (`listing_id`,`amenity_id`) VALUES (67,'C2C');
INSERT INTO `IncludedAmenities` (`listing_id`,`amenity_id`) VALUES (68,'C2C');
INSERT INTO `IncludedAmenities` (`listing_id`,`amenity_id`) VALUES (69,'C2C');
INSERT INTO `IncludedAmenities` (`listing_id`,`amenity_id`) VALUES (70,'C2C');
INSERT INTO `IncludedAmenities` (`listing_id`,`amenity_id`) VALUES (71,'C2C');
INSERT INTO `IncludedAmenities` (`listing_id`,`amenity_id`) VALUES (72,'C2C');
INSERT INTO `IncludedAmenities` (`listing_id`,`amenity_id`) VALUES (81,'C2C');
INSERT INTO `IncludedAmenities` (`listing_id`,`amenity_id`) VALUES (82,'C2C');
INSERT INTO `IncludedAmenities` (`listing_id`,`amenity_id`) VALUES (83,'C2C');
INSERT INTO `IncludedAmenities` (`listing_id`,`amenity_id`) VALUES (84,'C2C');
INSERT INTO `IncludedAmenities` (`listing_id`,`amenity_id`) VALUES (85,'C2C');
INSERT INTO `IncludedAmenities` (`listing_id`,`amenity_id`) VALUES (86,'C2C');
INSERT INTO `IncludedAmenities` (`listing_id`,`amenity_id`) VALUES (87,'C2C');
INSERT INTO `IncludedAmenities` (`listing_id`,`amenity_id`) VALUES (88,'C2C');
INSERT INTO `IncludedAmenities` (`listing_id`,`amenity_id`) VALUES (89,'C2C');
INSERT INTO `IncludedAmenities` (`listing_id`,`amenity_id`) VALUES (90,'C2C');
INSERT INTO `IncludedAmenities` (`listing_id`,`amenity_id`) VALUES (91,'C2C');
INSERT INTO `IncludedAmenities` (`listing_id`,`amenity_id`) VALUES (92,'C2C');
INSERT INTO `IncludedAmenities` (`listing_id`,`amenity_id`) VALUES (93,'C2C');
INSERT INTO `IncludedAmenities` (`listing_id`,`amenity_id`) VALUES (94,'C2C');
INSERT INTO `IncludedAmenities` (`listing_id`,`amenity_id`) VALUES (95,'C2C');
INSERT INTO `IncludedAmenities` (`listing_id`,`amenity_id`) VALUES (96,'C2C');
INSERT INTO `IncludedAmenities` (`listing_id`,`amenity_id`) VALUES (97,'C2C');
INSERT INTO `IncludedAmenities` (`listing_id`,`amenity_id`) VALUES (98,'C2C');
INSERT INTO `IncludedAmenities` (`listing_id`,`amenity_id`) VALUES (99,'C2C');
INSERT INTO `IncludedAmenities` (`listing_id`,`amenity_id`) VALUES (100,'C2C');
INSERT INTO `IncludedAmenities` (`listing_id`,`amenity_id`) VALUES (101,'C2C');
INSERT INTO `IncludedAmenities` (`listing_id`,`amenity_id`) VALUES (102,'C2C');
INSERT INTO `IncludedAmenities` (`listing_id`,`amenity_id`) VALUES (103,'C2C');
INSERT INTO `IncludedAmenities` (`listing_id`,`amenity_id`) VALUES (104,'C2C');
INSERT INTO `IncludedAmenities` (`listing_id`,`amenity_id`) VALUES (105,'C2C');
INSERT INTO `IncludedAmenities` (`listing_id`,`amenity_id`) VALUES (106,'C2C');
INSERT INTO `IncludedAmenities` (`listing_id`,`amenity_id`) VALUES (107,'C2C');
INSERT INTO `IncludedAmenities` (`listing_id`,`amenity_id`) VALUES (108,'C2C');
INSERT INTO `IncludedAmenities` (`listing_id`,`amenity_id`) VALUES (109,'C2C');
INSERT INTO `IncludedAmenities` (`listing_id`,`amenity_id`) VALUES (110,'C2C');
INSERT INTO `IncludedAmenities` (`listing_id`,`amenity_id`) VALUES (111,'C2C');
INSERT INTO `IncludedAmenities` (`listing_id`,`amenity_id`) VALUES (112,'C2C');
INSERT INTO `IncludedAmenities` (`listing_id`,`amenity_id`) VALUES (113,'C2C');
INSERT INTO `IncludedAmenities` (`listing_id`,`amenity_id`) VALUES (9,'CARD');
INSERT INTO `IncludedAmenities` (`listing_id`,`amenity_id`) VALUES (10,'CARD');
INSERT INTO `IncludedAmenities` (`listing_id`,`amenity_id`) VALUES (29,'CARD');
INSERT INTO `IncludedAmenities` (`listing_id`,`amenity_id`) VALUES (30,'CARD');
INSERT INTO `IncludedAmenities` (`listing_id`,`amenity_id`) VALUES (59,'CARD');
INSERT INTO `IncludedAmenities` (`listing_id`,`amenity_id`) VALUES (60,'CARD');
INSERT INTO `IncludedAmenities` (`listing_id`,`amenity_id`) VALUES (61,'CARD');
INSERT INTO `IncludedAmenities` (`listing_id`,`amenity_id`) VALUES (62,'CARD');
INSERT INTO `IncludedAmenities` (`listing_id`,`amenity_id`) VALUES (63,'CARD');
INSERT INTO `IncludedAmenities` (`listing_id`,`amenity_id`) VALUES (67,'CARD');
INSERT INTO `IncludedAmenities` (`listing_id`,`amenity_id`) VALUES (68,'CARD');
INSERT INTO `IncludedAmenities` (`listing_id`,`amenity_id`) VALUES (69,'CARD');
INSERT INTO `IncludedAmenities` (`listing_id`,`amenity_id`) VALUES (70,'CARD');
INSERT INTO `IncludedAmenities` (`listing_id`,`amenity_id`) VALUES (71,'CARD');
INSERT INTO `IncludedAmenities` (`listing_id`,`amenity_id`) VALUES (72,'CARD');
INSERT INTO `IncludedAmenities` (`listing_id`,`amenity_id`) VALUES (111,'CARD');
INSERT INTO `IncludedAmenities` (`listing_id`,`amenity_id`) VALUES (112,'CARD');
INSERT INTO `IncludedAmenities` (`listing_id`,`amenity_id`) VALUES (113,'CARD');
INSERT INTO `IncludedAmenities` (`listing_id`,`amenity_id`) VALUES (0,'CSS');
INSERT INTO `IncludedAmenities` (`listing_id`,`amenity_id`) VALUES (1,'CSS');
INSERT INTO `IncludedAmenities` (`listing_id`,`amenity_id`) VALUES (2,'CSS');
INSERT INTO `IncludedAmenities` (`listing_id`,`amenity_id`) VALUES (3,'CSS');
INSERT INTO `IncludedAmenities` (`listing_id`,`amenity_id`) VALUES (4,'CSS');
INSERT INTO `IncludedAmenities` (`listing_id`,`amenity_id`) VALUES (5,'CSS');
INSERT INTO `IncludedAmenities` (`listing_id`,`amenity_id`) VALUES (6,'CSS');
INSERT INTO `IncludedAmenities` (`listing_id`,`amenity_id`) VALUES (7,'CSS');
INSERT INTO `IncludedAmenities` (`listing_id`,`amenity_id`) VALUES (8,'CSS');
INSERT INTO `IncludedAmenities` (`listing_id`,`amenity_id`) VALUES (9,'CSS');
INSERT INTO `IncludedAmenities` (`listing_id`,`amenity_id`) VALUES (10,'CSS');
INSERT INTO `IncludedAmenities` (`listing_id`,`amenity_id`) VALUES (11,'CSS');
INSERT INTO `IncludedAmenities` (`listing_id`,`amenity_id`) VALUES (12,'CSS');
INSERT INTO `IncludedAmenities` (`listing_id`,`amenity_id`) VALUES (13,'CSS');
INSERT INTO `IncludedAmenities` (`listing_id`,`amenity_id`) VALUES (14,'CSS');
INSERT INTO `IncludedAmenities` (`listing_id`,`amenity_id`) VALUES (15,'CSS');
INSERT INTO `IncludedAmenities` (`listing_id`,`amenity_id`) VALUES (16,'CSS');
INSERT INTO `IncludedAmenities` (`listing_id`,`amenity_id`) VALUES (17,'CSS');
INSERT INTO `IncludedAmenities` (`listing_id`,`amenity_id`) VALUES (18,'CSS');
INSERT INTO `IncludedAmenities` (`listing_id`,`amenity_id`) VALUES (19,'CSS');
INSERT INTO `IncludedAmenities` (`listing_id`,`amenity_id`) VALUES (20,'CSS');
INSERT INTO `IncludedAmenities` (`listing_id`,`amenity_id`) VALUES (21,'CSS');
INSERT INTO `IncludedAmenities` (`listing_id`,`amenity_id`) VALUES (22,'CSS');
INSERT INTO `IncludedAmenities` (`listing_id`,`amenity_id`) VALUES (23,'CSS');
INSERT INTO `IncludedAmenities` (`listing_id`,`amenity_id`) VALUES (24,'CSS');
INSERT INTO `IncludedAmenities` (`listing_id`,`amenity_id`) VALUES (25,'CSS');
INSERT INTO `IncludedAmenities` (`listing_id`,`amenity_id`) VALUES (26,'CSS');
INSERT INTO `IncludedAmenities` (`listing_id`,`amenity_id`) VALUES (27,'CSS');
INSERT INTO `IncludedAmenities` (`listing_id`,`amenity_id`) VALUES (28,'CSS');
INSERT INTO `IncludedAmenities` (`listing_id`,`amenity_id`) VALUES (29,'CSS');
INSERT INTO `IncludedAmenities` (`listing_id`,`amenity_id`) VALUES (30,'CSS');
INSERT INTO `IncludedAmenities` (`listing_id`,`amenity_id`) VALUES (31,'CSS');
INSERT INTO `IncludedAmenities` (`listing_id`,`amenity_id`) VALUES (32,'CSS');
INSERT INTO `IncludedAmenities` (`listing_id`,`amenity_id`) VALUES (33,'CSS');
INSERT INTO `IncludedAmenities` (`listing_id`,`amenity_id`) VALUES (34,'CSS');
INSERT INTO `IncludedAmenities` (`listing_id`,`amenity_id`) VALUES (35,'CSS');
INSERT INTO `IncludedAmenities` (`listing_id`,`amenity_id`) VALUES (36,'CSS');
INSERT INTO `IncludedAmenities` (`listing_id`,`amenity_id`) VALUES (37,'CSS');
INSERT INTO `IncludedAmenities` (`listing_id`,`amenity_id`) VALUES (38,'CSS');
INSERT INTO `IncludedAmenities` (`listing_id`,`amenity_id`) VALUES (39,'CSS');
INSERT INTO `IncludedAmenities` (`listing_id`,`amenity_id`) VALUES (40,'CSS');
INSERT INTO `IncludedAmenities` (`listing_id`,`amenity_id`) VALUES (41,'CSS');
INSERT INTO `IncludedAmenities` (`listing_id`,`amenity_id`) VALUES (42,'CSS');
INSERT INTO `IncludedAmenities` (`listing_id`,`amenity_id`) VALUES (43,'CSS');
INSERT INTO `IncludedAmenities` (`listing_id`,`amenity_id`) VALUES (44,'CSS');
INSERT INTO `IncludedAmenities` (`listing_id`,`amenity_id`) VALUES (45,'CSS');
INSERT INTO `IncludedAmenities` (`listing_id`,`amenity_id`) VALUES (46,'CSS');
INSERT INTO `IncludedAmenities` (`listing_id`,`amenity_id`) VALUES (47,'CSS');
INSERT INTO `IncludedAmenities` (`listing_id`,`amenity_id`) VALUES (48,'CSS');
INSERT INTO `IncludedAmenities` (`listing_id`,`amenity_id`) VALUES (49,'CSS');
INSERT INTO `IncludedAmenities` (`listing_id`,`amenity_id`) VALUES (50,'CSS');
INSERT INTO `IncludedAmenities` (`listing_id`,`amenity_id`) VALUES (51,'CSS');
INSERT INTO `IncludedAmenities` (`listing_id`,`amenity_id`) VALUES (52,'CSS');
INSERT INTO `IncludedAmenities` (`listing_id`,`amenity_id`) VALUES (53,'CSS');
INSERT INTO `IncludedAmenities` (`listing_id`,`amenity_id`) VALUES (54,'CSS');
INSERT INTO `IncludedAmenities` (`listing_id`,`amenity_id`) VALUES (55,'CSS');
INSERT INTO `IncludedAmenities` (`listing_id`,`amenity_id`) VALUES (56,'CSS');
INSERT INTO `IncludedAmenities` (`listing_id`,`amenity_id`) VALUES (57,'CSS');
INSERT INTO `IncludedAmenities` (`listing_id`,`amenity_id`) VALUES (58,'CSS');
INSERT INTO `IncludedAmenities` (`listing_id`,`amenity_id`) VALUES (59,'CSS');
INSERT INTO `IncludedAmenities` (`listing_id`,`amenity_id`) VALUES (60,'CSS');
INSERT INTO `IncludedAmenities` (`listing_id`,`amenity_id`) VALUES (61,'CSS');
INSERT INTO `IncludedAmenities` (`listing_id`,`amenity_id`) VALUES (62,'CSS');
INSERT INTO `IncludedAmenities` (`listing_id`,`amenity_id`) VALUES (63,'CSS');
INSERT INTO `IncludedAmenities` (`listing_id`,`amenity_id`) VALUES (64,'CSS');
INSERT INTO `IncludedAmenities` (`listing_id`,`amenity_id`) VALUES (65,'CSS');
INSERT INTO `IncludedAmenities` (`listing_id`,`amenity_id`) VALUES (66,'CSS');
INSERT INTO `IncludedAmenities` (`listing_id`,`amenity_id`) VALUES (67,'CSS');
INSERT INTO `IncludedAmenities` (`listing_id`,`amenity_id`) VALUES (68,'CSS');
INSERT INTO `IncludedAmenities` (`listing_id`,`amenity_id`) VALUES (69,'CSS');
INSERT INTO `IncludedAmenities` (`listing_id`,`amenity_id`) VALUES (70,'CSS');
INSERT INTO `IncludedAmenities` (`listing_id`,`amenity_id`) VALUES (71,'CSS');
INSERT INTO `IncludedAmenities` (`listing_id`,`amenity_id`) VALUES (72,'CSS');
INSERT INTO `IncludedAmenities` (`listing_id`,`amenity_id`) VALUES (81,'CSS');
INSERT INTO `IncludedAmenities` (`listing_id`,`amenity_id`) VALUES (82,'CSS');
INSERT INTO `IncludedAmenities` (`listing_id`,`amenity_id`) VALUES (83,'CSS');
INSERT INTO `IncludedAmenities` (`listing_id`,`amenity_id`) VALUES (84,'CSS');
INSERT INTO `IncludedAmenities` (`listing_id`,`amenity_id`) VALUES (85,'CSS');
INSERT INTO `IncludedAmenities` (`listing_id`,`amenity_id`) VALUES (86,'CSS');
INSERT INTO `IncludedAmenities` (`listing_id`,`amenity_id`) VALUES (87,'CSS');
INSERT INTO `IncludedAmenities` (`listing_id`,`amenity_id`) VALUES (88,'CSS');
INSERT INTO `IncludedAmenities` (`listing_id`,`amenity_id`) VALUES (89,'CSS');
INSERT INTO `IncludedAmenities` (`listing_id`,`amenity_id`) VALUES (90,'CSS');
INSERT INTO `IncludedAmenities` (`listing_id`,`amenity_id`) VALUES (91,'CSS');
INSERT INTO `IncludedAmenities` (`listing_id`,`amenity_id`) VALUES (92,'CSS');
INSERT INTO `IncludedAmenities` (`listing_id`,`amenity_id`) VALUES (93,'CSS');
INSERT INTO `IncludedAmenities` (`listing_id`,`amenity_id`) VALUES (94,'CSS');
INSERT INTO `IncludedAmenities` (`listing_id`,`amenity_id`) VALUES (95,'CSS');
INSERT INTO `IncludedAmenities` (`listing_id`,`amenity_id`) VALUES (96,'CSS');
INSERT INTO `IncludedAmenities` (`listing_id`,`amenity_id`) VALUES (97,'CSS');
INSERT INTO `IncludedAmenities` (`listing_id`,`amenity_id`) VALUES (98,'CSS');
INSERT INTO `IncludedAmenities` (`listing_id`,`amenity_id`) VALUES (99,'CSS');
INSERT INTO `IncludedAmenities` (`listing_id`,`amenity_id`) VALUES (100,'CSS');
INSERT INTO `IncludedAmenities` (`listing_id`,`amenity_id`) VALUES (101,'CSS');
INSERT INTO `IncludedAmenities` (`listing_id`,`amenity_id`) VALUES (102,'CSS');
INSERT INTO `IncludedAmenities` (`listing_id`,`amenity_id`) VALUES (103,'CSS');
INSERT INTO `IncludedAmenities` (`listing_id`,`amenity_id`) VALUES (104,'CSS');
INSERT INTO `IncludedAmenities` (`listing_id`,`amenity_id`) VALUES (105,'CSS');
INSERT INTO `IncludedAmenities` (`listing_id`,`amenity_id`) VALUES (106,'CSS');
INSERT INTO `IncludedAmenities` (`listing_id`,`amenity_id`) VALUES (107,'CSS');
INSERT INTO `IncludedAmenities` (`listing_id`,`amenity_id`) VALUES (108,'CSS');
INSERT INTO `IncludedAmenities` (`listing_id`,`amenity_id`) VALUES (109,'CSS');
INSERT INTO `IncludedAmenities` (`listing_id`,`amenity_id`) VALUES (110,'CSS');
INSERT INTO `IncludedAmenities` (`listing_id`,`amenity_id`) VALUES (111,'CSS');
INSERT INTO `IncludedAmenities` (`listing_id`,`amenity_id`) VALUES (112,'CSS');
INSERT INTO `IncludedAmenities` (`listing_id`,`amenity_id`) VALUES (113,'CSS');
INSERT INTO `IncludedAmenities` (`listing_id`,`amenity_id`) VALUES (23,'CTYD');
INSERT INTO `IncludedAmenities` (`listing_id`,`amenity_id`) VALUES (24,'CTYD');
INSERT INTO `IncludedAmenities` (`listing_id`,`amenity_id`) VALUES (25,'CTYD');
INSERT INTO `IncludedAmenities` (`listing_id`,`amenity_id`) VALUES (26,'CTYD');
INSERT INTO `IncludedAmenities` (`listing_id`,`amenity_id`) VALUES (92,'CTYD');
INSERT INTO `IncludedAmenities` (`listing_id`,`amenity_id`) VALUES (93,'CTYD');
INSERT INTO `IncludedAmenities` (`listing_id`,`amenity_id`) VALUES (94,'CTYD');
INSERT INTO `IncludedAmenities` (`listing_id`,`amenity_id`) VALUES (95,'CTYD');
INSERT INTO `IncludedAmenities` (`listing_id`,`amenity_id`) VALUES (100,'CTYD');
INSERT INTO `IncludedAmenities` (`listing_id`,`amenity_id`) VALUES (101,'CTYD');
INSERT INTO `IncludedAmenities` (`listing_id`,`amenity_id`) VALUES (102,'CTYD');
INSERT INTO `IncludedAmenities` (`listing_id`,`amenity_id`) VALUES (103,'CTYD');
INSERT INTO `IncludedAmenities` (`listing_id`,`amenity_id`) VALUES (104,'CTYD');
INSERT INTO `IncludedAmenities` (`listing_id`,`amenity_id`) VALUES (105,'CTYD');
INSERT INTO `IncludedAmenities` (`listing_id`,`amenity_id`) VALUES (106,'CTYD');
INSERT INTO `IncludedAmenities` (`listing_id`,`amenity_id`) VALUES (107,'CTYD');
INSERT INTO `IncludedAmenities` (`listing_id`,`amenity_id`) VALUES (110,'CTYD');
INSERT INTO `IncludedAmenities` (`listing_id`,`amenity_id`) VALUES (23,'EVTR');
INSERT INTO `IncludedAmenities` (`listing_id`,`amenity_id`) VALUES (24,'EVTR');
INSERT INTO `IncludedAmenities` (`listing_id`,`amenity_id`) VALUES (25,'EVTR');
INSERT INTO `IncludedAmenities` (`listing_id`,`amenity_id`) VALUES (26,'EVTR');
INSERT INTO `IncludedAmenities` (`listing_id`,`amenity_id`) VALUES (96,'EVTR');
INSERT INTO `IncludedAmenities` (`listing_id`,`amenity_id`) VALUES (97,'EVTR');
INSERT INTO `IncludedAmenities` (`listing_id`,`amenity_id`) VALUES (103,'EVTR');
INSERT INTO `IncludedAmenities` (`listing_id`,`amenity_id`) VALUES (104,'EVTR');
INSERT INTO `IncludedAmenities` (`listing_id`,`amenity_id`) VALUES (105,'EVTR');
INSERT INTO `IncludedAmenities` (`listing_id`,`amenity_id`) VALUES (106,'EVTR');
INSERT INTO `IncludedAmenities` (`listing_id`,`amenity_id`) VALUES (107,'EVTR');
INSERT INTO `IncludedAmenities` (`listing_id`,`amenity_id`) VALUES (108,'EVTR');
INSERT INTO `IncludedAmenities` (`listing_id`,`amenity_id`) VALUES (109,'EVTR');
INSERT INTO `IncludedAmenities` (`listing_id`,`amenity_id`) VALUES (110,'EVTR');
INSERT INTO `IncludedAmenities` (`listing_id`,`amenity_id`) VALUES (96,'FGS');
INSERT INTO `IncludedAmenities` (`listing_id`,`amenity_id`) VALUES (97,'FGS');
INSERT INTO `IncludedAmenities` (`listing_id`,`amenity_id`) VALUES (23,'HFC');
INSERT INTO `IncludedAmenities` (`listing_id`,`amenity_id`) VALUES (24,'HFC');
INSERT INTO `IncludedAmenities` (`listing_id`,`amenity_id`) VALUES (25,'HFC');
INSERT INTO `IncludedAmenities` (`listing_id`,`amenity_id`) VALUES (26,'HFC');
INSERT INTO `IncludedAmenities` (`listing_id`,`amenity_id`) VALUES (92,'HWFL');
INSERT INTO `IncludedAmenities` (`listing_id`,`amenity_id`) VALUES (93,'HWFL');
INSERT INTO `IncludedAmenities` (`listing_id`,`amenity_id`) VALUES (94,'HWFL');
INSERT INTO `IncludedAmenities` (`listing_id`,`amenity_id`) VALUES (95,'HWFL');
INSERT INTO `IncludedAmenities` (`listing_id`,`amenity_id`) VALUES (96,'HWFL');
INSERT INTO `IncludedAmenities` (`listing_id`,`amenity_id`) VALUES (97,'HWFL');
INSERT INTO `IncludedAmenities` (`listing_id`,`amenity_id`) VALUES (100,'HWFL');
INSERT INTO `IncludedAmenities` (`listing_id`,`amenity_id`) VALUES (101,'HWFL');
INSERT INTO `IncludedAmenities` (`listing_id`,`amenity_id`) VALUES (102,'HWFL');
INSERT INTO `IncludedAmenities` (`listing_id`,`amenity_id`) VALUES (103,'HWFL');
INSERT INTO `IncludedAmenities` (`listing_id`,`amenity_id`) VALUES (104,'HWFL');
INSERT INTO `IncludedAmenities` (`listing_id`,`amenity_id`) VALUES (105,'HWFL');
INSERT INTO `IncludedAmenities` (`listing_id`,`amenity_id`) VALUES (106,'HWFL');
INSERT INTO `IncludedAmenities` (`listing_id`,`amenity_id`) VALUES (107,'HWFL');
INSERT INTO `IncludedAmenities` (`listing_id`,`amenity_id`) VALUES (108,'HWFL');
INSERT INTO `IncludedAmenities` (`listing_id`,`amenity_id`) VALUES (109,'HWFL');
INSERT INTO `IncludedAmenities` (`listing_id`,`amenity_id`) VALUES (110,'HWFL');
INSERT INTO `IncludedAmenities` (`listing_id`,`amenity_id`) VALUES (73,'OFSP');
INSERT INTO `IncludedAmenities` (`listing_id`,`amenity_id`) VALUES (74,'OFSP');
INSERT INTO `IncludedAmenities` (`listing_id`,`amenity_id`) VALUES (75,'OFSP');
INSERT INTO `IncludedAmenities` (`listing_id`,`amenity_id`) VALUES (76,'OFSP');
INSERT INTO `IncludedAmenities` (`listing_id`,`amenity_id`) VALUES (77,'OFSP');
INSERT INTO `IncludedAmenities` (`listing_id`,`amenity_id`) VALUES (78,'OFSP');
INSERT INTO `IncludedAmenities` (`listing_id`,`amenity_id`) VALUES (79,'OFSP');
INSERT INTO `IncludedAmenities` (`listing_id`,`amenity_id`) VALUES (80,'OFSP');
INSERT INTO `IncludedAmenities` (`listing_id`,`amenity_id`) VALUES (0,'OL');
INSERT INTO `IncludedAmenities` (`listing_id`,`amenity_id`) VALUES (1,'OL');
INSERT INTO `IncludedAmenities` (`listing_id`,`amenity_id`) VALUES (2,'OL');
INSERT INTO `IncludedAmenities` (`listing_id`,`amenity_id`) VALUES (3,'OL');
INSERT INTO `IncludedAmenities` (`listing_id`,`amenity_id`) VALUES (4,'OL');
INSERT INTO `IncludedAmenities` (`listing_id`,`amenity_id`) VALUES (5,'OL');
INSERT INTO `IncludedAmenities` (`listing_id`,`amenity_id`) VALUES (6,'OL');
INSERT INTO `IncludedAmenities` (`listing_id`,`amenity_id`) VALUES (7,'OL');
INSERT INTO `IncludedAmenities` (`listing_id`,`amenity_id`) VALUES (8,'OL');
INSERT INTO `IncludedAmenities` (`listing_id`,`amenity_id`) VALUES (9,'OL');
INSERT INTO `IncludedAmenities` (`listing_id`,`amenity_id`) VALUES (10,'OL');
INSERT INTO `IncludedAmenities` (`listing_id`,`amenity_id`) VALUES (11,'OL');
INSERT INTO `IncludedAmenities` (`listing_id`,`amenity_id`) VALUES (12,'OL');
INSERT INTO `IncludedAmenities` (`listing_id`,`amenity_id`) VALUES (13,'OL');
INSERT INTO `IncludedAmenities` (`listing_id`,`amenity_id`) VALUES (14,'OL');
INSERT INTO `IncludedAmenities` (`listing_id`,`amenity_id`) VALUES (15,'OL');
INSERT INTO `IncludedAmenities` (`listing_id`,`amenity_id`) VALUES (16,'OL');
INSERT INTO `IncludedAmenities` (`listing_id`,`amenity_id`) VALUES (17,'OL');
INSERT INTO `IncludedAmenities` (`listing_id`,`amenity_id`) VALUES (18,'OL');
INSERT INTO `IncludedAmenities` (`listing_id`,`amenity_id`) VALUES (19,'OL');
INSERT INTO `IncludedAmenities` (`listing_id`,`amenity_id`) VALUES (20,'OL');
INSERT INTO `IncludedAmenities` (`listing_id`,`amenity_id`) VALUES (21,'OL');
INSERT INTO `IncludedAmenities` (`listing_id`,`amenity_id`) VALUES (22,'OL');
INSERT INTO `IncludedAmenities` (`listing_id`,`amenity_id`) VALUES (23,'OL');
INSERT INTO `IncludedAmenities` (`listing_id`,`amenity_id`) VALUES (24,'OL');
INSERT INTO `IncludedAmenities` (`listing_id`,`amenity_id`) VALUES (25,'OL');
INSERT INTO `IncludedAmenities` (`listing_id`,`amenity_id`) VALUES (26,'OL');
INSERT INTO `IncludedAmenities` (`listing_id`,`amenity_id`) VALUES (27,'OL');
INSERT INTO `IncludedAmenities` (`listing_id`,`amenity_id`) VALUES (28,'OL');
INSERT INTO `IncludedAmenities` (`listing_id`,`amenity_id`) VALUES (29,'OL');
INSERT INTO `IncludedAmenities` (`listing_id`,`amenity_id`) VALUES (30,'OL');
INSERT INTO `IncludedAmenities` (`listing_id`,`amenity_id`) VALUES (31,'OL');
INSERT INTO `IncludedAmenities` (`listing_id`,`amenity_id`) VALUES (32,'OL');
INSERT INTO `IncludedAmenities` (`listing_id`,`amenity_id`) VALUES (33,'OL');
INSERT INTO `IncludedAmenities` (`listing_id`,`amenity_id`) VALUES (34,'OL');
INSERT INTO `IncludedAmenities` (`listing_id`,`amenity_id`) VALUES (35,'OL');
INSERT INTO `IncludedAmenities` (`listing_id`,`amenity_id`) VALUES (36,'OL');
INSERT INTO `IncludedAmenities` (`listing_id`,`amenity_id`) VALUES (37,'OL');
INSERT INTO `IncludedAmenities` (`listing_id`,`amenity_id`) VALUES (38,'OL');
INSERT INTO `IncludedAmenities` (`listing_id`,`amenity_id`) VALUES (39,'OL');
INSERT INTO `IncludedAmenities` (`listing_id`,`amenity_id`) VALUES (40,'OL');
INSERT INTO `IncludedAmenities` (`listing_id`,`amenity_id`) VALUES (41,'OL');
INSERT INTO `IncludedAmenities` (`listing_id`,`amenity_id`) VALUES (42,'OL');
INSERT INTO `IncludedAmenities` (`listing_id`,`amenity_id`) VALUES (43,'OL');
INSERT INTO `IncludedAmenities` (`listing_id`,`amenity_id`) VALUES (44,'OL');
INSERT INTO `IncludedAmenities` (`listing_id`,`amenity_id`) VALUES (45,'OL');
INSERT INTO `IncludedAmenities` (`listing_id`,`amenity_id`) VALUES (46,'OL');
INSERT INTO `IncludedAmenities` (`listing_id`,`amenity_id`) VALUES (47,'OL');
INSERT INTO `IncludedAmenities` (`listing_id`,`amenity_id`) VALUES (48,'OL');
INSERT INTO `IncludedAmenities` (`listing_id`,`amenity_id`) VALUES (49,'OL');
INSERT INTO `IncludedAmenities` (`listing_id`,`amenity_id`) VALUES (50,'OL');
INSERT INTO `IncludedAmenities` (`listing_id`,`amenity_id`) VALUES (51,'OL');
INSERT INTO `IncludedAmenities` (`listing_id`,`amenity_id`) VALUES (52,'OL');
INSERT INTO `IncludedAmenities` (`listing_id`,`amenity_id`) VALUES (53,'OL');
INSERT INTO `IncludedAmenities` (`listing_id`,`amenity_id`) VALUES (54,'OL');
INSERT INTO `IncludedAmenities` (`listing_id`,`amenity_id`) VALUES (55,'OL');
INSERT INTO `IncludedAmenities` (`listing_id`,`amenity_id`) VALUES (56,'OL');
INSERT INTO `IncludedAmenities` (`listing_id`,`amenity_id`) VALUES (57,'OL');
INSERT INTO `IncludedAmenities` (`listing_id`,`amenity_id`) VALUES (58,'OL');
INSERT INTO `IncludedAmenities` (`listing_id`,`amenity_id`) VALUES (59,'OL');
INSERT INTO `IncludedAmenities` (`listing_id`,`amenity_id`) VALUES (60,'OL');
INSERT INTO `IncludedAmenities` (`listing_id`,`amenity_id`) VALUES (61,'OL');
INSERT INTO `IncludedAmenities` (`listing_id`,`amenity_id`) VALUES (62,'OL');
INSERT INTO `IncludedAmenities` (`listing_id`,`amenity_id`) VALUES (63,'OL');
INSERT INTO `IncludedAmenities` (`listing_id`,`amenity_id`) VALUES (64,'OL');
INSERT INTO `IncludedAmenities` (`listing_id`,`amenity_id`) VALUES (65,'OL');
INSERT INTO `IncludedAmenities` (`listing_id`,`amenity_id`) VALUES (66,'OL');
INSERT INTO `IncludedAmenities` (`listing_id`,`amenity_id`) VALUES (67,'OL');
INSERT INTO `IncludedAmenities` (`listing_id`,`amenity_id`) VALUES (68,'OL');
INSERT INTO `IncludedAmenities` (`listing_id`,`amenity_id`) VALUES (69,'OL');
INSERT INTO `IncludedAmenities` (`listing_id`,`amenity_id`) VALUES (70,'OL');
INSERT INTO `IncludedAmenities` (`listing_id`,`amenity_id`) VALUES (71,'OL');
INSERT INTO `IncludedAmenities` (`listing_id`,`amenity_id`) VALUES (72,'OL');
INSERT INTO `IncludedAmenities` (`listing_id`,`amenity_id`) VALUES (73,'OL');
INSERT INTO `IncludedAmenities` (`listing_id`,`amenity_id`) VALUES (74,'OL');
INSERT INTO `IncludedAmenities` (`listing_id`,`amenity_id`) VALUES (75,'OL');
INSERT INTO `IncludedAmenities` (`listing_id`,`amenity_id`) VALUES (76,'OL');
INSERT INTO `IncludedAmenities` (`listing_id`,`amenity_id`) VALUES (77,'OL');
INSERT INTO `IncludedAmenities` (`listing_id`,`amenity_id`) VALUES (78,'OL');
INSERT INTO `IncludedAmenities` (`listing_id`,`amenity_id`) VALUES (79,'OL');
INSERT INTO `IncludedAmenities` (`listing_id`,`amenity_id`) VALUES (80,'OL');
INSERT INTO `IncludedAmenities` (`listing_id`,`amenity_id`) VALUES (81,'OL');
INSERT INTO `IncludedAmenities` (`listing_id`,`amenity_id`) VALUES (82,'OL');
INSERT INTO `IncludedAmenities` (`listing_id`,`amenity_id`) VALUES (83,'OL');
INSERT INTO `IncludedAmenities` (`listing_id`,`amenity_id`) VALUES (84,'OL');
INSERT INTO `IncludedAmenities` (`listing_id`,`amenity_id`) VALUES (85,'OL');
INSERT INTO `IncludedAmenities` (`listing_id`,`amenity_id`) VALUES (86,'OL');
INSERT INTO `IncludedAmenities` (`listing_id`,`amenity_id`) VALUES (87,'OL');
INSERT INTO `IncludedAmenities` (`listing_id`,`amenity_id`) VALUES (88,'OL');
INSERT INTO `IncludedAmenities` (`listing_id`,`amenity_id`) VALUES (89,'OL');
INSERT INTO `IncludedAmenities` (`listing_id`,`amenity_id`) VALUES (90,'OL');
INSERT INTO `IncludedAmenities` (`listing_id`,`amenity_id`) VALUES (91,'OL');
INSERT INTO `IncludedAmenities` (`listing_id`,`amenity_id`) VALUES (92,'OL');
INSERT INTO `IncludedAmenities` (`listing_id`,`amenity_id`) VALUES (93,'OL');
INSERT INTO `IncludedAmenities` (`listing_id`,`amenity_id`) VALUES (94,'OL');
INSERT INTO `IncludedAmenities` (`listing_id`,`amenity_id`) VALUES (95,'OL');
INSERT INTO `IncludedAmenities` (`listing_id`,`amenity_id`) VALUES (96,'OL');
INSERT INTO `IncludedAmenities` (`listing_id`,`amenity_id`) VALUES (97,'OL');
INSERT INTO `IncludedAmenities` (`listing_id`,`amenity_id`) VALUES (98,'OL');
INSERT INTO `IncludedAmenities` (`listing_id`,`amenity_id`) VALUES (99,'OL');
INSERT INTO `IncludedAmenities` (`listing_id`,`amenity_id`) VALUES (100,'OL');
INSERT INTO `IncludedAmenities` (`listing_id`,`amenity_id`) VALUES (101,'OL');
INSERT INTO `IncludedAmenities` (`listing_id`,`amenity_id`) VALUES (111,'OL');
INSERT INTO `IncludedAmenities` (`listing_id`,`amenity_id`) VALUES (112,'OL');
INSERT INTO `IncludedAmenities` (`listing_id`,`amenity_id`) VALUES (113,'OL');
INSERT INTO `IncludedAmenities` (`listing_id`,`amenity_id`) VALUES (0,'OPA');
INSERT INTO `IncludedAmenities` (`listing_id`,`amenity_id`) VALUES (1,'OPA');
INSERT INTO `IncludedAmenities` (`listing_id`,`amenity_id`) VALUES (2,'OPA');
INSERT INTO `IncludedAmenities` (`listing_id`,`amenity_id`) VALUES (3,'OPA');
INSERT INTO `IncludedAmenities` (`listing_id`,`amenity_id`) VALUES (4,'OPA');
INSERT INTO `IncludedAmenities` (`listing_id`,`amenity_id`) VALUES (5,'OPA');
INSERT INTO `IncludedAmenities` (`listing_id`,`amenity_id`) VALUES (6,'OPA');
INSERT INTO `IncludedAmenities` (`listing_id`,`amenity_id`) VALUES (7,'OPA');
INSERT INTO `IncludedAmenities` (`listing_id`,`amenity_id`) VALUES (8,'OPA');
INSERT INTO `IncludedAmenities` (`listing_id`,`amenity_id`) VALUES (9,'OPA');
INSERT INTO `IncludedAmenities` (`listing_id`,`amenity_id`) VALUES (10,'OPA');
INSERT INTO `IncludedAmenities` (`listing_id`,`amenity_id`) VALUES (11,'OPA');
INSERT INTO `IncludedAmenities` (`listing_id`,`amenity_id`) VALUES (12,'OPA');
INSERT INTO `IncludedAmenities` (`listing_id`,`amenity_id`) VALUES (13,'OPA');
INSERT INTO `IncludedAmenities` (`listing_id`,`amenity_id`) VALUES (14,'OPA');
INSERT INTO `IncludedAmenities` (`listing_id`,`amenity_id`) VALUES (15,'OPA');
INSERT INTO `IncludedAmenities` (`listing_id`,`amenity_id`) VALUES (16,'OPA');
INSERT INTO `IncludedAmenities` (`listing_id`,`amenity_id`) VALUES (17,'OPA');
INSERT INTO `IncludedAmenities` (`listing_id`,`amenity_id`) VALUES (18,'OPA');
INSERT INTO `IncludedAmenities` (`listing_id`,`amenity_id`) VALUES (19,'OPA');
INSERT INTO `IncludedAmenities` (`listing_id`,`amenity_id`) VALUES (20,'OPA');
INSERT INTO `IncludedAmenities` (`listing_id`,`amenity_id`) VALUES (21,'OPA');
INSERT INTO `IncludedAmenities` (`listing_id`,`amenity_id`) VALUES (22,'OPA');
INSERT INTO `IncludedAmenities` (`listing_id`,`amenity_id`) VALUES (23,'OPA');
INSERT INTO `IncludedAmenities` (`listing_id`,`amenity_id`) VALUES (24,'OPA');
INSERT INTO `IncludedAmenities` (`listing_id`,`amenity_id`) VALUES (25,'OPA');
INSERT INTO `IncludedAmenities` (`listing_id`,`amenity_id`) VALUES (26,'OPA');
INSERT INTO `IncludedAmenities` (`listing_id`,`amenity_id`) VALUES (27,'OPA');
INSERT INTO `IncludedAmenities` (`listing_id`,`amenity_id`) VALUES (28,'OPA');
INSERT INTO `IncludedAmenities` (`listing_id`,`amenity_id`) VALUES (29,'OPA');
INSERT INTO `IncludedAmenities` (`listing_id`,`amenity_id`) VALUES (30,'OPA');
INSERT INTO `IncludedAmenities` (`listing_id`,`amenity_id`) VALUES (31,'OPA');
INSERT INTO `IncludedAmenities` (`listing_id`,`amenity_id`) VALUES (32,'OPA');
INSERT INTO `IncludedAmenities` (`listing_id`,`amenity_id`) VALUES (33,'OPA');
INSERT INTO `IncludedAmenities` (`listing_id`,`amenity_id`) VALUES (34,'OPA');
INSERT INTO `IncludedAmenities` (`listing_id`,`amenity_id`) VALUES (35,'OPA');
INSERT INTO `IncludedAmenities` (`listing_id`,`amenity_id`) VALUES (36,'OPA');
INSERT INTO `IncludedAmenities` (`listing_id`,`amenity_id`) VALUES (37,'OPA');
INSERT INTO `IncludedAmenities` (`listing_id`,`amenity_id`) VALUES (38,'OPA');
INSERT INTO `IncludedAmenities` (`listing_id`,`amenity_id`) VALUES (39,'OPA');
INSERT INTO `IncludedAmenities` (`listing_id`,`amenity_id`) VALUES (40,'OPA');
INSERT INTO `IncludedAmenities` (`listing_id`,`amenity_id`) VALUES (41,'OPA');
INSERT INTO `IncludedAmenities` (`listing_id`,`amenity_id`) VALUES (42,'OPA');
INSERT INTO `IncludedAmenities` (`listing_id`,`amenity_id`) VALUES (43,'OPA');
INSERT INTO `IncludedAmenities` (`listing_id`,`amenity_id`) VALUES (44,'OPA');
INSERT INTO `IncludedAmenities` (`listing_id`,`amenity_id`) VALUES (45,'OPA');
INSERT INTO `IncludedAmenities` (`listing_id`,`amenity_id`) VALUES (46,'OPA');
INSERT INTO `IncludedAmenities` (`listing_id`,`amenity_id`) VALUES (47,'OPA');
INSERT INTO `IncludedAmenities` (`listing_id`,`amenity_id`) VALUES (48,'OPA');
INSERT INTO `IncludedAmenities` (`listing_id`,`amenity_id`) VALUES (49,'OPA');
INSERT INTO `IncludedAmenities` (`listing_id`,`amenity_id`) VALUES (50,'OPA');
INSERT INTO `IncludedAmenities` (`listing_id`,`amenity_id`) VALUES (51,'OPA');
INSERT INTO `IncludedAmenities` (`listing_id`,`amenity_id`) VALUES (52,'OPA');
INSERT INTO `IncludedAmenities` (`listing_id`,`amenity_id`) VALUES (53,'OPA');
INSERT INTO `IncludedAmenities` (`listing_id`,`amenity_id`) VALUES (54,'OPA');
INSERT INTO `IncludedAmenities` (`listing_id`,`amenity_id`) VALUES (55,'OPA');
INSERT INTO `IncludedAmenities` (`listing_id`,`amenity_id`) VALUES (56,'OPA');
INSERT INTO `IncludedAmenities` (`listing_id`,`amenity_id`) VALUES (57,'OPA');
INSERT INTO `IncludedAmenities` (`listing_id`,`amenity_id`) VALUES (58,'OPA');
INSERT INTO `IncludedAmenities` (`listing_id`,`amenity_id`) VALUES (59,'OPA');
INSERT INTO `IncludedAmenities` (`listing_id`,`amenity_id`) VALUES (60,'OPA');
INSERT INTO `IncludedAmenities` (`listing_id`,`amenity_id`) VALUES (61,'OPA');
INSERT INTO `IncludedAmenities` (`listing_id`,`amenity_id`) VALUES (62,'OPA');
INSERT INTO `IncludedAmenities` (`listing_id`,`amenity_id`) VALUES (63,'OPA');
INSERT INTO `IncludedAmenities` (`listing_id`,`amenity_id`) VALUES (64,'OPA');
INSERT INTO `IncludedAmenities` (`listing_id`,`amenity_id`) VALUES (65,'OPA');
INSERT INTO `IncludedAmenities` (`listing_id`,`amenity_id`) VALUES (66,'OPA');
INSERT INTO `IncludedAmenities` (`listing_id`,`amenity_id`) VALUES (67,'OPA');
INSERT INTO `IncludedAmenities` (`listing_id`,`amenity_id`) VALUES (68,'OPA');
INSERT INTO `IncludedAmenities` (`listing_id`,`amenity_id`) VALUES (69,'OPA');
INSERT INTO `IncludedAmenities` (`listing_id`,`amenity_id`) VALUES (70,'OPA');
INSERT INTO `IncludedAmenities` (`listing_id`,`amenity_id`) VALUES (71,'OPA');
INSERT INTO `IncludedAmenities` (`listing_id`,`amenity_id`) VALUES (72,'OPA');
INSERT INTO `IncludedAmenities` (`listing_id`,`amenity_id`) VALUES (73,'OPA');
INSERT INTO `IncludedAmenities` (`listing_id`,`amenity_id`) VALUES (74,'OPA');
INSERT INTO `IncludedAmenities` (`listing_id`,`amenity_id`) VALUES (75,'OPA');
INSERT INTO `IncludedAmenities` (`listing_id`,`amenity_id`) VALUES (76,'OPA');
INSERT INTO `IncludedAmenities` (`listing_id`,`amenity_id`) VALUES (77,'OPA');
INSERT INTO `IncludedAmenities` (`listing_id`,`amenity_id`) VALUES (78,'OPA');
INSERT INTO `IncludedAmenities` (`listing_id`,`amenity_id`) VALUES (79,'OPA');
INSERT INTO `IncludedAmenities` (`listing_id`,`amenity_id`) VALUES (80,'OPA');
INSERT INTO `IncludedAmenities` (`listing_id`,`amenity_id`) VALUES (81,'OPA');
INSERT INTO `IncludedAmenities` (`listing_id`,`amenity_id`) VALUES (82,'OPA');
INSERT INTO `IncludedAmenities` (`listing_id`,`amenity_id`) VALUES (83,'OPA');
INSERT INTO `IncludedAmenities` (`listing_id`,`amenity_id`) VALUES (84,'OPA');
INSERT INTO `IncludedAmenities` (`listing_id`,`amenity_id`) VALUES (85,'OPA');
INSERT INTO `IncludedAmenities` (`listing_id`,`amenity_id`) VALUES (86,'OPA');
INSERT INTO `IncludedAmenities` (`listing_id`,`amenity_id`) VALUES (87,'OPA');
INSERT INTO `IncludedAmenities` (`listing_id`,`amenity_id`) VALUES (88,'OPA');
INSERT INTO `IncludedAmenities` (`listing_id`,`amenity_id`) VALUES (89,'OPA');
INSERT INTO `IncludedAmenities` (`listing_id`,`amenity_id`) VALUES (90,'OPA');
INSERT INTO `IncludedAmenities` (`listing_id`,`amenity_id`) VALUES (91,'OPA');
INSERT INTO `IncludedAmenities` (`listing_id`,`amenity_id`) VALUES (92,'OPA');
INSERT INTO `IncludedAmenities` (`listing_id`,`amenity_id`) VALUES (93,'OPA');
INSERT INTO `IncludedAmenities` (`listing_id`,`amenity_id`) VALUES (94,'OPA');
INSERT INTO `IncludedAmenities` (`listing_id`,`amenity_id`) VALUES (95,'OPA');
INSERT INTO `IncludedAmenities` (`listing_id`,`amenity_id`) VALUES (96,'OPA');
INSERT INTO `IncludedAmenities` (`listing_id`,`amenity_id`) VALUES (97,'OPA');
INSERT INTO `IncludedAmenities` (`listing_id`,`amenity_id`) VALUES (98,'OPA');
INSERT INTO `IncludedAmenities` (`listing_id`,`amenity_id`) VALUES (99,'OPA');
INSERT INTO `IncludedAmenities` (`listing_id`,`amenity_id`) VALUES (100,'OPA');
INSERT INTO `IncludedAmenities` (`listing_id`,`amenity_id`) VALUES (101,'OPA');
INSERT INTO `IncludedAmenities` (`listing_id`,`amenity_id`) VALUES (102,'OPA');
INSERT INTO `IncludedAmenities` (`listing_id`,`amenity_id`) VALUES (103,'OPA');
INSERT INTO `IncludedAmenities` (`listing_id`,`amenity_id`) VALUES (104,'OPA');
INSERT INTO `IncludedAmenities` (`listing_id`,`amenity_id`) VALUES (105,'OPA');
INSERT INTO `IncludedAmenities` (`listing_id`,`amenity_id`) VALUES (106,'OPA');
INSERT INTO `IncludedAmenities` (`listing_id`,`amenity_id`) VALUES (107,'OPA');
INSERT INTO `IncludedAmenities` (`listing_id`,`amenity_id`) VALUES (108,'OPA');
INSERT INTO `IncludedAmenities` (`listing_id`,`amenity_id`) VALUES (109,'OPA');
INSERT INTO `IncludedAmenities` (`listing_id`,`amenity_id`) VALUES (110,'OPA');
INSERT INTO `IncludedAmenities` (`listing_id`,`amenity_id`) VALUES (111,'OPA');
INSERT INTO `IncludedAmenities` (`listing_id`,`amenity_id`) VALUES (112,'OPA');
INSERT INTO `IncludedAmenities` (`listing_id`,`amenity_id`) VALUES (113,'OPA');
INSERT INTO `IncludedAmenities` (`listing_id`,`amenity_id`) VALUES (92,'PETF');
INSERT INTO `IncludedAmenities` (`listing_id`,`amenity_id`) VALUES (93,'PETF');
INSERT INTO `IncludedAmenities` (`listing_id`,`amenity_id`) VALUES (94,'PETF');
INSERT INTO `IncludedAmenities` (`listing_id`,`amenity_id`) VALUES (95,'PETF');
INSERT INTO `IncludedAmenities` (`listing_id`,`amenity_id`) VALUES (103,'PETF');
INSERT INTO `IncludedAmenities` (`listing_id`,`amenity_id`) VALUES (104,'PETF');
INSERT INTO `IncludedAmenities` (`listing_id`,`amenity_id`) VALUES (105,'PETF');
INSERT INTO `IncludedAmenities` (`listing_id`,`amenity_id`) VALUES (106,'PETF');
INSERT INTO `IncludedAmenities` (`listing_id`,`amenity_id`) VALUES (107,'PETF');
INSERT INTO `IncludedAmenities` (`listing_id`,`amenity_id`) VALUES (110,'PETF');
INSERT INTO `IncludedAmenities` (`listing_id`,`amenity_id`) VALUES (0,'PL');
INSERT INTO `IncludedAmenities` (`listing_id`,`amenity_id`) VALUES (1,'PL');
INSERT INTO `IncludedAmenities` (`listing_id`,`amenity_id`) VALUES (2,'PL');
INSERT INTO `IncludedAmenities` (`listing_id`,`amenity_id`) VALUES (3,'PL');
INSERT INTO `IncludedAmenities` (`listing_id`,`amenity_id`) VALUES (4,'PL');
INSERT INTO `IncludedAmenities` (`listing_id`,`amenity_id`) VALUES (5,'PL');
INSERT INTO `IncludedAmenities` (`listing_id`,`amenity_id`) VALUES (6,'PL');
INSERT INTO `IncludedAmenities` (`listing_id`,`amenity_id`) VALUES (7,'PL');
INSERT INTO `IncludedAmenities` (`listing_id`,`amenity_id`) VALUES (8,'PL');
INSERT INTO `IncludedAmenities` (`listing_id`,`amenity_id`) VALUES (9,'PL');
INSERT INTO `IncludedAmenities` (`listing_id`,`amenity_id`) VALUES (10,'PL');
INSERT INTO `IncludedAmenities` (`listing_id`,`amenity_id`) VALUES (11,'PL');
INSERT INTO `IncludedAmenities` (`listing_id`,`amenity_id`) VALUES (12,'PL');
INSERT INTO `IncludedAmenities` (`listing_id`,`amenity_id`) VALUES (13,'PL');
INSERT INTO `IncludedAmenities` (`listing_id`,`amenity_id`) VALUES (14,'PL');
INSERT INTO `IncludedAmenities` (`listing_id`,`amenity_id`) VALUES (15,'PL');
INSERT INTO `IncludedAmenities` (`listing_id`,`amenity_id`) VALUES (16,'PL');
INSERT INTO `IncludedAmenities` (`listing_id`,`amenity_id`) VALUES (17,'PL');
INSERT INTO `IncludedAmenities` (`listing_id`,`amenity_id`) VALUES (18,'PL');
INSERT INTO `IncludedAmenities` (`listing_id`,`amenity_id`) VALUES (19,'PL');
INSERT INTO `IncludedAmenities` (`listing_id`,`amenity_id`) VALUES (20,'PL');
INSERT INTO `IncludedAmenities` (`listing_id`,`amenity_id`) VALUES (21,'PL');
INSERT INTO `IncludedAmenities` (`listing_id`,`amenity_id`) VALUES (22,'PL');
INSERT INTO `IncludedAmenities` (`listing_id`,`amenity_id`) VALUES (23,'PL');
INSERT INTO `IncludedAmenities` (`listing_id`,`amenity_id`) VALUES (24,'PL');
INSERT INTO `IncludedAmenities` (`listing_id`,`amenity_id`) VALUES (25,'PL');
INSERT INTO `IncludedAmenities` (`listing_id`,`amenity_id`) VALUES (26,'PL');
INSERT INTO `IncludedAmenities` (`listing_id`,`amenity_id`) VALUES (27,'PL');
INSERT INTO `IncludedAmenities` (`listing_id`,`amenity_id`) VALUES (28,'PL');
INSERT INTO `IncludedAmenities` (`listing_id`,`amenity_id`) VALUES (29,'PL');
INSERT INTO `IncludedAmenities` (`listing_id`,`amenity_id`) VALUES (30,'PL');
INSERT INTO `IncludedAmenities` (`listing_id`,`amenity_id`) VALUES (31,'PL');
INSERT INTO `IncludedAmenities` (`listing_id`,`amenity_id`) VALUES (32,'PL');
INSERT INTO `IncludedAmenities` (`listing_id`,`amenity_id`) VALUES (33,'PL');
INSERT INTO `IncludedAmenities` (`listing_id`,`amenity_id`) VALUES (34,'PL');
INSERT INTO `IncludedAmenities` (`listing_id`,`amenity_id`) VALUES (35,'PL');
INSERT INTO `IncludedAmenities` (`listing_id`,`amenity_id`) VALUES (36,'PL');
INSERT INTO `IncludedAmenities` (`listing_id`,`amenity_id`) VALUES (37,'PL');
INSERT INTO `IncludedAmenities` (`listing_id`,`amenity_id`) VALUES (38,'PL');
INSERT INTO `IncludedAmenities` (`listing_id`,`amenity_id`) VALUES (39,'PL');
INSERT INTO `IncludedAmenities` (`listing_id`,`amenity_id`) VALUES (40,'PL');
INSERT INTO `IncludedAmenities` (`listing_id`,`amenity_id`) VALUES (41,'PL');
INSERT INTO `IncludedAmenities` (`listing_id`,`amenity_id`) VALUES (42,'PL');
INSERT INTO `IncludedAmenities` (`listing_id`,`amenity_id`) VALUES (43,'PL');
INSERT INTO `IncludedAmenities` (`listing_id`,`amenity_id`) VALUES (44,'PL');
INSERT INTO `IncludedAmenities` (`listing_id`,`amenity_id`) VALUES (45,'PL');
INSERT INTO `IncludedAmenities` (`listing_id`,`amenity_id`) VALUES (46,'PL');
INSERT INTO `IncludedAmenities` (`listing_id`,`amenity_id`) VALUES (47,'PL');
INSERT INTO `IncludedAmenities` (`listing_id`,`amenity_id`) VALUES (48,'PL');
INSERT INTO `IncludedAmenities` (`listing_id`,`amenity_id`) VALUES (49,'PL');
INSERT INTO `IncludedAmenities` (`listing_id`,`amenity_id`) VALUES (50,'PL');
INSERT INTO `IncludedAmenities` (`listing_id`,`amenity_id`) VALUES (51,'PL');
INSERT INTO `IncludedAmenities` (`listing_id`,`amenity_id`) VALUES (52,'PL');
INSERT INTO `IncludedAmenities` (`listing_id`,`amenity_id`) VALUES (53,'PL');
INSERT INTO `IncludedAmenities` (`listing_id`,`amenity_id`) VALUES (54,'PL');
INSERT INTO `IncludedAmenities` (`listing_id`,`amenity_id`) VALUES (55,'PL');
INSERT INTO `IncludedAmenities` (`listing_id`,`amenity_id`) VALUES (56,'PL');
INSERT INTO `IncludedAmenities` (`listing_id`,`amenity_id`) VALUES (57,'PL');
INSERT INTO `IncludedAmenities` (`listing_id`,`amenity_id`) VALUES (58,'PL');
INSERT INTO `IncludedAmenities` (`listing_id`,`amenity_id`) VALUES (59,'PL');
INSERT INTO `IncludedAmenities` (`listing_id`,`amenity_id`) VALUES (60,'PL');
INSERT INTO `IncludedAmenities` (`listing_id`,`amenity_id`) VALUES (61,'PL');
INSERT INTO `IncludedAmenities` (`listing_id`,`amenity_id`) VALUES (62,'PL');
INSERT INTO `IncludedAmenities` (`listing_id`,`amenity_id`) VALUES (63,'PL');
INSERT INTO `IncludedAmenities` (`listing_id`,`amenity_id`) VALUES (64,'PL');
INSERT INTO `IncludedAmenities` (`listing_id`,`amenity_id`) VALUES (65,'PL');
INSERT INTO `IncludedAmenities` (`listing_id`,`amenity_id`) VALUES (66,'PL');
INSERT INTO `IncludedAmenities` (`listing_id`,`amenity_id`) VALUES (67,'PL');
INSERT INTO `IncludedAmenities` (`listing_id`,`amenity_id`) VALUES (68,'PL');
INSERT INTO `IncludedAmenities` (`listing_id`,`amenity_id`) VALUES (69,'PL');
INSERT INTO `IncludedAmenities` (`listing_id`,`amenity_id`) VALUES (70,'PL');
INSERT INTO `IncludedAmenities` (`listing_id`,`amenity_id`) VALUES (71,'PL');
INSERT INTO `IncludedAmenities` (`listing_id`,`amenity_id`) VALUES (72,'PL');
INSERT INTO `IncludedAmenities` (`listing_id`,`amenity_id`) VALUES (81,'PL');
INSERT INTO `IncludedAmenities` (`listing_id`,`amenity_id`) VALUES (82,'PL');
INSERT INTO `IncludedAmenities` (`listing_id`,`amenity_id`) VALUES (83,'PL');
INSERT INTO `IncludedAmenities` (`listing_id`,`amenity_id`) VALUES (84,'PL');
INSERT INTO `IncludedAmenities` (`listing_id`,`amenity_id`) VALUES (85,'PL');
INSERT INTO `IncludedAmenities` (`listing_id`,`amenity_id`) VALUES (86,'PL');
INSERT INTO `IncludedAmenities` (`listing_id`,`amenity_id`) VALUES (87,'PL');
INSERT INTO `IncludedAmenities` (`listing_id`,`amenity_id`) VALUES (88,'PL');
INSERT INTO `IncludedAmenities` (`listing_id`,`amenity_id`) VALUES (89,'PL');
INSERT INTO `IncludedAmenities` (`listing_id`,`amenity_id`) VALUES (90,'PL');
INSERT INTO `IncludedAmenities` (`listing_id`,`amenity_id`) VALUES (91,'PL');
INSERT INTO `IncludedAmenities` (`listing_id`,`amenity_id`) VALUES (92,'PL');
INSERT INTO `IncludedAmenities` (`listing_id`,`amenity_id`) VALUES (93,'PL');
INSERT INTO `IncludedAmenities` (`listing_id`,`amenity_id`) VALUES (94,'PL');
INSERT INTO `IncludedAmenities` (`listing_id`,`amenity_id`) VALUES (95,'PL');
INSERT INTO `IncludedAmenities` (`listing_id`,`amenity_id`) VALUES (96,'PL');
INSERT INTO `IncludedAmenities` (`listing_id`,`amenity_id`) VALUES (97,'PL');
INSERT INTO `IncludedAmenities` (`listing_id`,`amenity_id`) VALUES (98,'PL');
INSERT INTO `IncludedAmenities` (`listing_id`,`amenity_id`) VALUES (99,'PL');
INSERT INTO `IncludedAmenities` (`listing_id`,`amenity_id`) VALUES (100,'PL');
INSERT INTO `IncludedAmenities` (`listing_id`,`amenity_id`) VALUES (101,'PL');
INSERT INTO `IncludedAmenities` (`listing_id`,`amenity_id`) VALUES (102,'PL');
INSERT INTO `IncludedAmenities` (`listing_id`,`amenity_id`) VALUES (103,'PL');
INSERT INTO `IncludedAmenities` (`listing_id`,`amenity_id`) VALUES (104,'PL');
INSERT INTO `IncludedAmenities` (`listing_id`,`amenity_id`) VALUES (105,'PL');
INSERT INTO `IncludedAmenities` (`listing_id`,`amenity_id`) VALUES (106,'PL');
INSERT INTO `IncludedAmenities` (`listing_id`,`amenity_id`) VALUES (107,'PL');
INSERT INTO `IncludedAmenities` (`listing_id`,`amenity_id`) VALUES (108,'PL');
INSERT INTO `IncludedAmenities` (`listing_id`,`amenity_id`) VALUES (109,'PL');
INSERT INTO `IncludedAmenities` (`listing_id`,`amenity_id`) VALUES (110,'PL');
INSERT INTO `IncludedAmenities` (`listing_id`,`amenity_id`) VALUES (111,'PL');
INSERT INTO `IncludedAmenities` (`listing_id`,`amenity_id`) VALUES (112,'PL');
INSERT INTO `IncludedAmenities` (`listing_id`,`amenity_id`) VALUES (113,'PL');
INSERT INTO `IncludedAmenities` (`listing_id`,`amenity_id`) VALUES (0,'UKB');
INSERT INTO `IncludedAmenities` (`listing_id`,`amenity_id`) VALUES (1,'UKB');
INSERT INTO `IncludedAmenities` (`listing_id`,`amenity_id`) VALUES (2,'UKB');
INSERT INTO `IncludedAmenities` (`listing_id`,`amenity_id`) VALUES (3,'UKB');
INSERT INTO `IncludedAmenities` (`listing_id`,`amenity_id`) VALUES (4,'UKB');
INSERT INTO `IncludedAmenities` (`listing_id`,`amenity_id`) VALUES (5,'UKB');
INSERT INTO `IncludedAmenities` (`listing_id`,`amenity_id`) VALUES (6,'UKB');
INSERT INTO `IncludedAmenities` (`listing_id`,`amenity_id`) VALUES (7,'UKB');
INSERT INTO `IncludedAmenities` (`listing_id`,`amenity_id`) VALUES (8,'UKB');
INSERT INTO `IncludedAmenities` (`listing_id`,`amenity_id`) VALUES (11,'UKB');
INSERT INTO `IncludedAmenities` (`listing_id`,`amenity_id`) VALUES (12,'UKB');
INSERT INTO `IncludedAmenities` (`listing_id`,`amenity_id`) VALUES (13,'UKB');
INSERT INTO `IncludedAmenities` (`listing_id`,`amenity_id`) VALUES (14,'UKB');
INSERT INTO `IncludedAmenities` (`listing_id`,`amenity_id`) VALUES (15,'UKB');
INSERT INTO `IncludedAmenities` (`listing_id`,`amenity_id`) VALUES (16,'UKB');
INSERT INTO `IncludedAmenities` (`listing_id`,`amenity_id`) VALUES (17,'UKB');
INSERT INTO `IncludedAmenities` (`listing_id`,`amenity_id`) VALUES (18,'UKB');
INSERT INTO `IncludedAmenities` (`listing_id`,`amenity_id`) VALUES (19,'UKB');
INSERT INTO `IncludedAmenities` (`listing_id`,`amenity_id`) VALUES (20,'UKB');
INSERT INTO `IncludedAmenities` (`listing_id`,`amenity_id`) VALUES (21,'UKB');
INSERT INTO `IncludedAmenities` (`listing_id`,`amenity_id`) VALUES (22,'UKB');
INSERT INTO `IncludedAmenities` (`listing_id`,`amenity_id`) VALUES (27,'UKB');
INSERT INTO `IncludedAmenities` (`listing_id`,`amenity_id`) VALUES (28,'UKB');
INSERT INTO `IncludedAmenities` (`listing_id`,`amenity_id`) VALUES (31,'UKB');
INSERT INTO `IncludedAmenities` (`listing_id`,`amenity_id`) VALUES (32,'UKB');
INSERT INTO `IncludedAmenities` (`listing_id`,`amenity_id`) VALUES (33,'UKB');
INSERT INTO `IncludedAmenities` (`listing_id`,`amenity_id`) VALUES (34,'UKB');
INSERT INTO `IncludedAmenities` (`listing_id`,`amenity_id`) VALUES (35,'UKB');
INSERT INTO `IncludedAmenities` (`listing_id`,`amenity_id`) VALUES (36,'UKB');
INSERT INTO `IncludedAmenities` (`listing_id`,`amenity_id`) VALUES (37,'UKB');
INSERT INTO `IncludedAmenities` (`listing_id`,`amenity_id`) VALUES (38,'UKB');
INSERT INTO `IncludedAmenities` (`listing_id`,`amenity_id`) VALUES (39,'UKB');
INSERT INTO `IncludedAmenities` (`listing_id`,`amenity_id`) VALUES (40,'UKB');
INSERT INTO `IncludedAmenities` (`listing_id`,`amenity_id`) VALUES (41,'UKB');
INSERT INTO `IncludedAmenities` (`listing_id`,`amenity_id`) VALUES (42,'UKB');
INSERT INTO `IncludedAmenities` (`listing_id`,`amenity_id`) VALUES (43,'UKB');
INSERT INTO `IncludedAmenities` (`listing_id`,`amenity_id`) VALUES (44,'UKB');
INSERT INTO `IncludedAmenities` (`listing_id`,`amenity_id`) VALUES (45,'UKB');
INSERT INTO `IncludedAmenities` (`listing_id`,`amenity_id`) VALUES (46,'UKB');
INSERT INTO `IncludedAmenities` (`listing_id`,`amenity_id`) VALUES (47,'UKB');
INSERT INTO `IncludedAmenities` (`listing_id`,`amenity_id`) VALUES (48,'UKB');
INSERT INTO `IncludedAmenities` (`listing_id`,`amenity_id`) VALUES (49,'UKB');
INSERT INTO `IncludedAmenities` (`listing_id`,`amenity_id`) VALUES (50,'UKB');
INSERT INTO `IncludedAmenities` (`listing_id`,`amenity_id`) VALUES (51,'UKB');
INSERT INTO `IncludedAmenities` (`listing_id`,`amenity_id`) VALUES (52,'UKB');
INSERT INTO `IncludedAmenities` (`listing_id`,`amenity_id`) VALUES (53,'UKB');
INSERT INTO `IncludedAmenities` (`listing_id`,`amenity_id`) VALUES (54,'UKB');
INSERT INTO `IncludedAmenities` (`listing_id`,`amenity_id`) VALUES (55,'UKB');
INSERT INTO `IncludedAmenities` (`listing_id`,`amenity_id`) VALUES (56,'UKB');
INSERT INTO `IncludedAmenities` (`listing_id`,`amenity_id`) VALUES (57,'UKB');
INSERT INTO `IncludedAmenities` (`listing_id`,`amenity_id`) VALUES (58,'UKB');
INSERT INTO `IncludedAmenities` (`listing_id`,`amenity_id`) VALUES (64,'UKB');
INSERT INTO `IncludedAmenities` (`listing_id`,`amenity_id`) VALUES (65,'UKB');
INSERT INTO `IncludedAmenities` (`listing_id`,`amenity_id`) VALUES (66,'UKB');
INSERT INTO `IncludedAmenities` (`listing_id`,`amenity_id`) VALUES (81,'UKB');
INSERT INTO `IncludedAmenities` (`listing_id`,`amenity_id`) VALUES (82,'UKB');
INSERT INTO `IncludedAmenities` (`listing_id`,`amenity_id`) VALUES (83,'UKB');
INSERT INTO `IncludedAmenities` (`listing_id`,`amenity_id`) VALUES (84,'UKB');
INSERT INTO `IncludedAmenities` (`listing_id`,`amenity_id`) VALUES (85,'UKB');
INSERT INTO `IncludedAmenities` (`listing_id`,`amenity_id`) VALUES (86,'UKB');
INSERT INTO `IncludedAmenities` (`listing_id`,`amenity_id`) VALUES (87,'UKB');
INSERT INTO `IncludedAmenities` (`listing_id`,`amenity_id`) VALUES (88,'UKB');
INSERT INTO `IncludedAmenities` (`listing_id`,`amenity_id`) VALUES (89,'UKB');
INSERT INTO `IncludedAmenities` (`listing_id`,`amenity_id`) VALUES (90,'UKB');
INSERT INTO `IncludedAmenities` (`listing_id`,`amenity_id`) VALUES (91,'UKB');
INSERT INTO `IncludedAmenities` (`listing_id`,`amenity_id`) VALUES (98,'UKB');
INSERT INTO `IncludedAmenities` (`listing_id`,`amenity_id`) VALUES (99,'UKB');

INSERT INTO `Listings` (`listing_id`,`address`,`image`,`beds`,`baths`,`price`,`currency`,`safety_rating`,`link`,`latitude`,`longitude`,`Agent_id`) VALUES (0,'200 S 42nd St, Philadelphia, PA 19104, USA','http://www.livecampusapts.com/Common/website_templates/_common/display_type/responsive/img/transparent.png',1,1,1085,'USD',4,'http://www.livecampusapts.com/philadelphia/ca-200-south-42nd-street',39.9541489,-75.20680469999999,'CAPT');
INSERT INTO `Listings` (`listing_id`,`address`,`image`,`beds`,`baths`,`price`,`currency`,`safety_rating`,`link`,`latitude`,`longitude`,`Agent_id`) VALUES (1,'200 S 42nd St, Philadelphia, PA 19104, USA','http://www.livecampusapts.com/Common/website_templates/_common/display_type/responsive/img/transparent.png',2,2,1085,'USD',4,'http://www.livecampusapts.com/philadelphia/ca-200-south-42nd-street',39.9541489,-75.20680469999999,'CAPT');
INSERT INTO `Listings` (`listing_id`,`address`,`image`,`beds`,`baths`,`price`,`currency`,`safety_rating`,`link`,`latitude`,`longitude`,`Agent_id`) VALUES (2,'202 S 42nd St, Philadelphia, PA 19104, USA','http://www.livecampusapts.com/Common/website_templates/_common/display_type/responsive/img/transparent.png',1,1,985,'USD',5,'http://www.livecampusapts.com/philadelphia/ca-202-south-42nd-street',39.9541234,-75.2068153,'CAPT');
INSERT INTO `Listings` (`listing_id`,`address`,`image`,`beds`,`baths`,`price`,`currency`,`safety_rating`,`link`,`latitude`,`longitude`,`Agent_id`) VALUES (3,'202 S 42nd St, Philadelphia, PA 19104, USA','http://www.livecampusapts.com/Common/website_templates/_common/display_type/responsive/img/transparent.png',2,2,985,'USD',5,'http://www.livecampusapts.com/philadelphia/ca-202-south-42nd-street',39.9541234,-75.2068153,'CAPT');
INSERT INTO `Listings` (`listing_id`,`address`,`image`,`beds`,`baths`,`price`,`currency`,`safety_rating`,`link`,`latitude`,`longitude`,`Agent_id`) VALUES (4,'213 S 41st St, Philadelphia, PA 19104, USA','http://www.livecampusapts.com/Common/website_templates/_common/display_type/responsive/img/transparent.png',4,1,3380,'USD',4,'http://www.livecampusapts.com/philadelphia/ca-213-215-south-41st-street',39.953896,-75.204869,'CAPT');
INSERT INTO `Listings` (`listing_id`,`address`,`image`,`beds`,`baths`,`price`,`currency`,`safety_rating`,`link`,`latitude`,`longitude`,`Agent_id`) VALUES (5,'213 S 41st St, Philadelphia, PA 19104, USA','http://www.livecampusapts.com/Common/website_templates/_common/display_type/responsive/img/transparent.png',6,3,3380,'USD',4,'http://www.livecampusapts.com/philadelphia/ca-213-215-south-41st-street',39.953896,-75.204869,'CAPT');
INSERT INTO `Listings` (`listing_id`,`address`,`image`,`beds`,`baths`,`price`,`currency`,`safety_rating`,`link`,`latitude`,`longitude`,`Agent_id`) VALUES (6,'214 S 41st St, Philadelphia, PA 19104, USA','http://www.livecampusapts.com/Common/website_templates/_common/display_type/responsive/img/transparent.png',1,1,915,'USD',4,'http://www.livecampusapts.com/philadelphia/ca-214-south-41st-street',39.9534655,-75.2055188,'CAPT');
INSERT INTO `Listings` (`listing_id`,`address`,`image`,`beds`,`baths`,`price`,`currency`,`safety_rating`,`link`,`latitude`,`longitude`,`Agent_id`) VALUES (7,'214 S 41st St, Philadelphia, PA 19104, USA','http://www.livecampusapts.com/Common/website_templates/_common/display_type/responsive/img/transparent.png',2,1,915,'USD',4,'http://www.livecampusapts.com/philadelphia/ca-214-south-41st-street',39.9534655,-75.2055188,'CAPT');
INSERT INTO `Listings` (`listing_id`,`address`,`image`,`beds`,`baths`,`price`,`currency`,`safety_rating`,`link`,`latitude`,`longitude`,`Agent_id`) VALUES (8,'227 S 42nd St, Philadelphia, PA 19104, USA','http://www.livecampusapts.com/Common/website_templates/_common/display_type/responsive/img/transparent.png',1,1,835,'USD',4,'http://www.livecampusapts.com/philadelphia/ca-227-south-42nd-street',39.952995,-75.20632599999999,'CAPT');
INSERT INTO `Listings` (`listing_id`,`address`,`image`,`beds`,`baths`,`price`,`currency`,`safety_rating`,`link`,`latitude`,`longitude`,`Agent_id`) VALUES (9,'233 S 42nd St, Philadelphia, PA 19104, USA','http://www.livecampusapts.com/Common/website_templates/_common/display_type/responsive/img/transparent.png',1,1,835,'USD',3,'http://www.livecampusapts.com/philadelphia/ca-233-south-42nd-street',39.952609,-75.206406,'CAPT');
INSERT INTO `Listings` (`listing_id`,`address`,`image`,`beds`,`baths`,`price`,`currency`,`safety_rating`,`link`,`latitude`,`longitude`,`Agent_id`) VALUES (10,'233 S 42nd St, Philadelphia, PA 19104, USA','http://www.livecampusapts.com/Common/website_templates/_common/display_type/responsive/img/transparent.png',4,2,835,'USD',3,'http://www.livecampusapts.com/philadelphia/ca-233-south-42nd-street',39.952609,-75.206406,'CAPT');
INSERT INTO `Listings` (`listing_id`,`address`,`image`,`beds`,`baths`,`price`,`currency`,`safety_rating`,`link`,`latitude`,`longitude`,`Agent_id`) VALUES (11,'235 S 42nd St, Philadelphia, PA 19104, USA','http://www.livecampusapts.com/Common/website_templates/_common/display_type/responsive/img/transparent.png',1,1,875,'USD',3,'http://www.livecampusapts.com/philadelphia/ca-235-south-42nd-street',39.95248,-75.20643199999999,'CAPT');
INSERT INTO `Listings` (`listing_id`,`address`,`image`,`beds`,`baths`,`price`,`currency`,`safety_rating`,`link`,`latitude`,`longitude`,`Agent_id`) VALUES (12,'235 S 42nd St, Philadelphia, PA 19104, USA','http://www.livecampusapts.com/Common/website_templates/_common/display_type/responsive/img/transparent.png',2,1,875,'USD',3,'http://www.livecampusapts.com/philadelphia/ca-235-south-42nd-street',39.95248,-75.20643199999999,'CAPT');
INSERT INTO `Listings` (`listing_id`,`address`,`image`,`beds`,`baths`,`price`,`currency`,`safety_rating`,`link`,`latitude`,`longitude`,`Agent_id`) VALUES (13,'305 S 41st St, Philadelphia, PA 19104, USA','http://www.livecampusapts.com/Common/website_templates/_common/display_type/responsive/img/transparent.png',1,1,885,'USD',3,'http://www.livecampusapts.com/philadelphia/ca-305-south-41st-street',39.951609,-75.205389,'CAPT');
INSERT INTO `Listings` (`listing_id`,`address`,`image`,`beds`,`baths`,`price`,`currency`,`safety_rating`,`link`,`latitude`,`longitude`,`Agent_id`) VALUES (14,'305 S 41st St, Philadelphia, PA 19104, USA','http://www.livecampusapts.com/Common/website_templates/_common/display_type/responsive/img/transparent.png',4,2,885,'USD',3,'http://www.livecampusapts.com/philadelphia/ca-305-south-41st-street',39.951609,-75.205389,'CAPT');
INSERT INTO `Listings` (`listing_id`,`address`,`image`,`beds`,`baths`,`price`,`currency`,`safety_rating`,`link`,`latitude`,`longitude`,`Agent_id`) VALUES (15,'307 S 41st St, Philadelphia, PA 19104, USA','http://www.livecampusapts.com/Common/website_templates/_common/display_type/responsive/img/transparent.png',1,1,1075,'USD',3,'http://www.livecampusapts.com/philadelphia/ca-307-south-41st-street',39.951546,-75.20540199999999,'CAPT');
INSERT INTO `Listings` (`listing_id`,`address`,`image`,`beds`,`baths`,`price`,`currency`,`safety_rating`,`link`,`latitude`,`longitude`,`Agent_id`) VALUES (16,'307 S 41st St, Philadelphia, PA 19104, USA','http://www.livecampusapts.com/Common/website_templates/_common/display_type/responsive/img/transparent.png',2,1,1075,'USD',3,'http://www.livecampusapts.com/philadelphia/ca-307-south-41st-street',39.951546,-75.20540199999999,'CAPT');
INSERT INTO `Listings` (`listing_id`,`address`,`image`,`beds`,`baths`,`price`,`currency`,`safety_rating`,`link`,`latitude`,`longitude`,`Agent_id`) VALUES (17,'307 S 41st St, Philadelphia, PA 19104, USA','http://www.livecampusapts.com/Common/website_templates/_common/display_type/responsive/img/transparent.png',4,2,1075,'USD',3,'http://www.livecampusapts.com/philadelphia/ca-307-south-41st-street',39.951546,-75.20540199999999,'CAPT');
INSERT INTO `Listings` (`listing_id`,`address`,`image`,`beds`,`baths`,`price`,`currency`,`safety_rating`,`link`,`latitude`,`longitude`,`Agent_id`) VALUES (18,'309 S 41st St, Philadelphia, PA 19104, USA','http://www.livecampusapts.com/Common/website_templates/_common/display_type/responsive/img/transparent.png',2,2,1005,'USD',3,'http://www.livecampusapts.com/philadelphia/ca-309-south-41st-street',39.951431,-75.205426,'CAPT');
INSERT INTO `Listings` (`listing_id`,`address`,`image`,`beds`,`baths`,`price`,`currency`,`safety_rating`,`link`,`latitude`,`longitude`,`Agent_id`) VALUES (19,'309 S 41st St, Philadelphia, PA 19104, USA','http://www.livecampusapts.com/Common/website_templates/_common/display_type/responsive/img/transparent.png',3,2,1005,'USD',3,'http://www.livecampusapts.com/philadelphia/ca-309-south-41st-street',39.951431,-75.205426,'CAPT');
INSERT INTO `Listings` (`listing_id`,`address`,`image`,`beds`,`baths`,`price`,`currency`,`safety_rating`,`link`,`latitude`,`longitude`,`Agent_id`) VALUES (20,'309 S 41st St, Philadelphia, PA 19104, USA','http://www.livecampusapts.com/Common/website_templates/_common/display_type/responsive/img/transparent.png',4,2,1005,'USD',3,'http://www.livecampusapts.com/philadelphia/ca-309-south-41st-street',39.951431,-75.205426,'CAPT');
INSERT INTO `Listings` (`listing_id`,`address`,`image`,`beds`,`baths`,`price`,`currency`,`safety_rating`,`link`,`latitude`,`longitude`,`Agent_id`) VALUES (21,'313 S 41st St, Philadelphia, PA 19104, USA','http://www.livecampusapts.com/Common/website_templates/_common/display_type/responsive/img/transparent.png',1,1,865,'USD',3,'http://www.livecampusapts.com/philadelphia/ca-313-south-41st-street',39.951294,-75.205456,'CAPT');
INSERT INTO `Listings` (`listing_id`,`address`,`image`,`beds`,`baths`,`price`,`currency`,`safety_rating`,`link`,`latitude`,`longitude`,`Agent_id`) VALUES (22,'313 S 41st St, Philadelphia, PA 19104, USA','http://www.livecampusapts.com/Common/website_templates/_common/display_type/responsive/img/transparent.png',5,2,865,'USD',3,'http://www.livecampusapts.com/philadelphia/ca-313-south-41st-street',39.951294,-75.205456,'CAPT');
INSERT INTO `Listings` (`listing_id`,`address`,`image`,`beds`,`baths`,`price`,`currency`,`safety_rating`,`link`,`latitude`,`longitude`,`Agent_id`) VALUES (23,'315 S 45th St, Philadelphia, PA 19104, USA','http://www.livecampusapts.com/Common/website_templates/_common/display_type/responsive/img/transparent.png',1,1,825,'USD',3,'http://www.livecampusapts.com/philadelphia/ca-315-south-45th-street',39.9520595,-75.2119857,'CAPT');
INSERT INTO `Listings` (`listing_id`,`address`,`image`,`beds`,`baths`,`price`,`currency`,`safety_rating`,`link`,`latitude`,`longitude`,`Agent_id`) VALUES (24,'315 S 45th St, Philadelphia, PA 19104, USA','http://www.livecampusapts.com/Common/website_templates/_common/display_type/responsive/img/transparent.png',2,1,825,'USD',3,'http://www.livecampusapts.com/philadelphia/ca-315-south-45th-street',39.9520595,-75.2119857,'CAPT');
INSERT INTO `Listings` (`listing_id`,`address`,`image`,`beds`,`baths`,`price`,`currency`,`safety_rating`,`link`,`latitude`,`longitude`,`Agent_id`) VALUES (25,'315 S 45th St, Philadelphia, PA 19104, USA','http://www.livecampusapts.com/Common/website_templates/_common/display_type/responsive/img/transparent.png',2,2,825,'USD',3,'http://www.livecampusapts.com/philadelphia/ca-315-south-45th-street',39.9520595,-75.2119857,'CAPT');
INSERT INTO `Listings` (`listing_id`,`address`,`image`,`beds`,`baths`,`price`,`currency`,`safety_rating`,`link`,`latitude`,`longitude`,`Agent_id`) VALUES (26,'315 S 45th St, Philadelphia, PA 19104, USA','http://www.livecampusapts.com/Common/website_templates/_common/display_type/responsive/img/transparent.png',3,2,825,'USD',3,'http://www.livecampusapts.com/philadelphia/ca-315-south-45th-street',39.9520595,-75.2119857,'CAPT');
INSERT INTO `Listings` (`listing_id`,`address`,`image`,`beds`,`baths`,`price`,`currency`,`safety_rating`,`link`,`latitude`,`longitude`,`Agent_id`) VALUES (27,'334 S 42nd St, Philadelphia, PA 19104, USA','http://www.livecampusapts.com/Common/website_templates/_common/display_type/responsive/img/transparent.png',1,1,815,'USD',3,'http://www.livecampusapts.com/philadelphia/ca-334-south-42nd-street',39.9513563,-75.20741199999999,'CAPT');
INSERT INTO `Listings` (`listing_id`,`address`,`image`,`beds`,`baths`,`price`,`currency`,`safety_rating`,`link`,`latitude`,`longitude`,`Agent_id`) VALUES (28,'334 S 42nd St, Philadelphia, PA 19104, USA','http://www.livecampusapts.com/Common/website_templates/_common/display_type/responsive/img/transparent.png',2,1,815,'USD',3,'http://www.livecampusapts.com/philadelphia/ca-334-south-42nd-street',39.9513563,-75.20741199999999,'CAPT');
INSERT INTO `Listings` (`listing_id`,`address`,`image`,`beds`,`baths`,`price`,`currency`,`safety_rating`,`link`,`latitude`,`longitude`,`Agent_id`) VALUES (29,'4000 Pine St, Philadelphia, PA 19104, USA','http://www.livecampusapts.com/Common/website_templates/_common/display_type/responsive/img/transparent.png',4,2,4600,'USD',3,'http://www.livecampusapts.com/philadelphia/ca-4000-pine-street',39.9507825,-75.20401439999999,'CAPT');
INSERT INTO `Listings` (`listing_id`,`address`,`image`,`beds`,`baths`,`price`,`currency`,`safety_rating`,`link`,`latitude`,`longitude`,`Agent_id`) VALUES (30,'4000 Pine St, Philadelphia, PA 19104, USA','http://www.livecampusapts.com/Common/website_templates/_common/display_type/responsive/img/transparent.png',11,6,4600,'USD',3,'http://www.livecampusapts.com/philadelphia/ca-4000-pine-street',39.9507825,-75.20401439999999,'CAPT');
INSERT INTO `Listings` (`listing_id`,`address`,`image`,`beds`,`baths`,`price`,`currency`,`safety_rating`,`link`,`latitude`,`longitude`,`Agent_id`) VALUES (31,'4016 Pine St, Philadelphia, PA 19104, USA','http://www.livecampusapts.com/Common/website_templates/_common/display_type/responsive/img/transparent.png',1,1,1055,'USD',3,'http://www.livecampusapts.com/philadelphia/ca-4016-pine-street',39.950672,-75.205479,'CAPT');
INSERT INTO `Listings` (`listing_id`,`address`,`image`,`beds`,`baths`,`price`,`currency`,`safety_rating`,`link`,`latitude`,`longitude`,`Agent_id`) VALUES (32,'4016 Pine St, Philadelphia, PA 19104, USA','http://www.livecampusapts.com/Common/website_templates/_common/display_type/responsive/img/transparent.png',2,1,1055,'USD',3,'http://www.livecampusapts.com/philadelphia/ca-4016-pine-street',39.950672,-75.205479,'CAPT');
INSERT INTO `Listings` (`listing_id`,`address`,`image`,`beds`,`baths`,`price`,`currency`,`safety_rating`,`link`,`latitude`,`longitude`,`Agent_id`) VALUES (33,'401 S 41st St, Philadelphia, PA 19104, USA','http://www.livecampusapts.com/Common/website_templates/_common/display_type/responsive/img/transparent.png',1,1,865,'USD',3,'http://www.livecampusapts.com/philadelphia/ca-401-south-41st-street',39.9507292,-75.2055614,'CAPT');
INSERT INTO `Listings` (`listing_id`,`address`,`image`,`beds`,`baths`,`price`,`currency`,`safety_rating`,`link`,`latitude`,`longitude`,`Agent_id`) VALUES (34,'401 S 41st St, Philadelphia, PA 19104, USA','http://www.livecampusapts.com/Common/website_templates/_common/display_type/responsive/img/transparent.png',2,1,865,'USD',3,'http://www.livecampusapts.com/philadelphia/ca-401-south-41st-street',39.9507292,-75.2055614,'CAPT');
INSERT INTO `Listings` (`listing_id`,`address`,`image`,`beds`,`baths`,`price`,`currency`,`safety_rating`,`link`,`latitude`,`longitude`,`Agent_id`) VALUES (35,'4029 Walnut St, Philadelphia, PA 19104, USA','http://www.livecampusapts.com/Common/website_templates/_common/display_type/responsive/img/transparent.png',1,1,915,'USD',5,'http://www.livecampusapts.com/philadelphia/ca-4029-walnut-street',39.9546,-75.2040619,'CAPT');
INSERT INTO `Listings` (`listing_id`,`address`,`image`,`beds`,`baths`,`price`,`currency`,`safety_rating`,`link`,`latitude`,`longitude`,`Agent_id`) VALUES (36,'4029 Walnut St, Philadelphia, PA 19104, USA','http://www.livecampusapts.com/Common/website_templates/_common/display_type/responsive/img/transparent.png',2,1,915,'USD',5,'http://www.livecampusapts.com/philadelphia/ca-4029-walnut-street',39.9546,-75.2040619,'CAPT');
INSERT INTO `Listings` (`listing_id`,`address`,`image`,`beds`,`baths`,`price`,`currency`,`safety_rating`,`link`,`latitude`,`longitude`,`Agent_id`) VALUES (37,'4029 Walnut St, Philadelphia, PA 19104, USA','http://www.livecampusapts.com/Common/website_templates/_common/display_type/responsive/img/transparent.png',5,2,915,'USD',5,'http://www.livecampusapts.com/philadelphia/ca-4029-walnut-street',39.9546,-75.2040619,'CAPT');
INSERT INTO `Listings` (`listing_id`,`address`,`image`,`beds`,`baths`,`price`,`currency`,`safety_rating`,`link`,`latitude`,`longitude`,`Agent_id`) VALUES (38,'4036 Walnut St, Philadelphia, PA 19104, USA','http://www.livecampusapts.com/Common/website_templates/_common/display_type/responsive/img/transparent.png',1,1,975,'USD',5,'http://www.livecampusapts.com/philadelphia/ca-4036-walnut-street',39.95393199999999,-75.2044559,'CAPT');
INSERT INTO `Listings` (`listing_id`,`address`,`image`,`beds`,`baths`,`price`,`currency`,`safety_rating`,`link`,`latitude`,`longitude`,`Agent_id`) VALUES (39,'4036 Walnut St, Philadelphia, PA 19104, USA','http://www.livecampusapts.com/Common/website_templates/_common/display_type/responsive/img/transparent.png',2,1,975,'USD',5,'http://www.livecampusapts.com/philadelphia/ca-4036-walnut-street',39.95393199999999,-75.2044559,'CAPT');
INSERT INTO `Listings` (`listing_id`,`address`,`image`,`beds`,`baths`,`price`,`currency`,`safety_rating`,`link`,`latitude`,`longitude`,`Agent_id`) VALUES (40,'4036 Walnut St, Philadelphia, PA 19104, USA','http://www.livecampusapts.com/Common/website_templates/_common/display_type/responsive/img/transparent.png',3,1,975,'USD',5,'http://www.livecampusapts.com/philadelphia/ca-4036-walnut-street',39.95393199999999,-75.2044559,'CAPT');
INSERT INTO `Listings` (`listing_id`,`address`,`image`,`beds`,`baths`,`price`,`currency`,`safety_rating`,`link`,`latitude`,`longitude`,`Agent_id`) VALUES (41,'4036 Walnut St, Philadelphia, PA 19104, USA','http://www.livecampusapts.com/Common/website_templates/_common/display_type/responsive/img/transparent.png',4,1,975,'USD',5,'http://www.livecampusapts.com/philadelphia/ca-4036-walnut-street',39.95393199999999,-75.2044559,'CAPT');
INSERT INTO `Listings` (`listing_id`,`address`,`image`,`beds`,`baths`,`price`,`currency`,`safety_rating`,`link`,`latitude`,`longitude`,`Agent_id`) VALUES (42,'403 S 41st St, Philadelphia, PA 19104, USA','http://www.livecampusapts.com/Common/website_templates/_common/display_type/responsive/img/transparent.png',1,1,910,'USD',3,'http://www.livecampusapts.com/philadelphia/ca-403-south-41st-street',39.9504749,-75.2054945,'CAPT');
INSERT INTO `Listings` (`listing_id`,`address`,`image`,`beds`,`baths`,`price`,`currency`,`safety_rating`,`link`,`latitude`,`longitude`,`Agent_id`) VALUES (43,'403 S 41st St, Philadelphia, PA 19104, USA','http://www.livecampusapts.com/Common/website_templates/_common/display_type/responsive/img/transparent.png',2,1,910,'USD',3,'http://www.livecampusapts.com/philadelphia/ca-403-south-41st-street',39.9504749,-75.2054945,'CAPT');
INSERT INTO `Listings` (`listing_id`,`address`,`image`,`beds`,`baths`,`price`,`currency`,`safety_rating`,`link`,`latitude`,`longitude`,`Agent_id`) VALUES (44,'403 S 41st St, Philadelphia, PA 19104, USA','http://www.livecampusapts.com/Common/website_templates/_common/display_type/responsive/img/transparent.png',3,1,910,'USD',3,'http://www.livecampusapts.com/philadelphia/ca-403-south-41st-street',39.9504749,-75.2054945,'CAPT');
INSERT INTO `Listings` (`listing_id`,`address`,`image`,`beds`,`baths`,`price`,`currency`,`safety_rating`,`link`,`latitude`,`longitude`,`Agent_id`) VALUES (45,'4045 Pine St, Philadelphia, PA 19104, USA','http://www.livecampusapts.com/Common/website_templates/_common/display_type/responsive/img/transparent.png',2,1,885,'USD',3,'http://www.livecampusapts.com/philadelphia/ca-4045-pine-street',39.951223,-75.205159,'CAPT');
INSERT INTO `Listings` (`listing_id`,`address`,`image`,`beds`,`baths`,`price`,`currency`,`safety_rating`,`link`,`latitude`,`longitude`,`Agent_id`) VALUES (46,'4045 Pine St, Philadelphia, PA 19104, USA','http://www.livecampusapts.com/Common/website_templates/_common/display_type/responsive/img/transparent.png',4,2,885,'USD',3,'http://www.livecampusapts.com/philadelphia/ca-4045-pine-street',39.951223,-75.205159,'CAPT');
INSERT INTO `Listings` (`listing_id`,`address`,`image`,`beds`,`baths`,`price`,`currency`,`safety_rating`,`link`,`latitude`,`longitude`,`Agent_id`) VALUES (47,'4048 Spruce St, Philadelphia, PA 19104, USA','http://www.livecampusapts.com/Common/website_templates/_common/display_type/responsive/img/transparent.png',1,1,1025,'USD',3,'http://www.livecampusapts.com/philadelphia/ca-4048-spruce-street',39.9517669,-75.20521699999999,'CAPT');
INSERT INTO `Listings` (`listing_id`,`address`,`image`,`beds`,`baths`,`price`,`currency`,`safety_rating`,`link`,`latitude`,`longitude`,`Agent_id`) VALUES (48,'4048 Spruce St, Philadelphia, PA 19104, USA','http://www.livecampusapts.com/Common/website_templates/_common/display_type/responsive/img/transparent.png',2,1,1025,'USD',3,'http://www.livecampusapts.com/philadelphia/ca-4048-spruce-street',39.9517669,-75.20521699999999,'CAPT');
INSERT INTO `Listings` (`listing_id`,`address`,`image`,`beds`,`baths`,`price`,`currency`,`safety_rating`,`link`,`latitude`,`longitude`,`Agent_id`) VALUES (49,'4048 Spruce St, Philadelphia, PA 19104, USA','http://www.livecampusapts.com/Common/website_templates/_common/display_type/responsive/img/transparent.png',5,2,1025,'USD',3,'http://www.livecampusapts.com/philadelphia/ca-4048-spruce-street',39.9517669,-75.20521699999999,'CAPT');
INSERT INTO `Listings` (`listing_id`,`address`,`image`,`beds`,`baths`,`price`,`currency`,`safety_rating`,`link`,`latitude`,`longitude`,`Agent_id`) VALUES (50,'4056 Irving St, Philadelphia, PA 19104, USA','http://www.livecampusapts.com/Common/website_templates/_common/display_type/responsive/img/transparent.png',2,2,2125,'USD',3,'http://www.livecampusapts.com/philadelphia/ca-4056-irving-street',39.952492,-75.205073,'CAPT');
INSERT INTO `Listings` (`listing_id`,`address`,`image`,`beds`,`baths`,`price`,`currency`,`safety_rating`,`link`,`latitude`,`longitude`,`Agent_id`) VALUES (51,'4056 Irving St, Philadelphia, PA 19104, USA','http://www.livecampusapts.com/Common/website_templates/_common/display_type/responsive/img/transparent.png',3,2,2125,'USD',3,'http://www.livecampusapts.com/philadelphia/ca-4056-irving-street',39.952492,-75.205073,'CAPT');
INSERT INTO `Listings` (`listing_id`,`address`,`image`,`beds`,`baths`,`price`,`currency`,`safety_rating`,`link`,`latitude`,`longitude`,`Agent_id`) VALUES (52,'4060 Irving St, Philadelphia, PA 19104, USA','http://www.livecampusapts.com/Common/website_templates/_common/display_type/responsive/img/transparent.png',2,1,1975,'USD',3,'http://www.livecampusapts.com/philadelphia/ca-4060-irving-street',39.9525295,-75.2051896,'CAPT');
INSERT INTO `Listings` (`listing_id`,`address`,`image`,`beds`,`baths`,`price`,`currency`,`safety_rating`,`link`,`latitude`,`longitude`,`Agent_id`) VALUES (53,'4060 Irving St, Philadelphia, PA 19104, USA','http://www.livecampusapts.com/Common/website_templates/_common/display_type/responsive/img/transparent.png',3,1,1975,'USD',3,'http://www.livecampusapts.com/philadelphia/ca-4060-irving-street',39.9525295,-75.2051896,'CAPT');
INSERT INTO `Listings` (`listing_id`,`address`,`image`,`beds`,`baths`,`price`,`currency`,`safety_rating`,`link`,`latitude`,`longitude`,`Agent_id`) VALUES (54,'4100 Locust St, Philadelphia, PA 19104, USA','http://www.livecampusapts.com/Common/website_templates/_common/display_type/responsive/img/transparent.png',1,1,985,'USD',4,'http://www.livecampusapts.com/philadelphia/ca-4100-locust-street',39.953064,-75.205558,'CAPT');
INSERT INTO `Listings` (`listing_id`,`address`,`image`,`beds`,`baths`,`price`,`currency`,`safety_rating`,`link`,`latitude`,`longitude`,`Agent_id`) VALUES (55,'4100 Locust St, Philadelphia, PA 19104, USA','http://www.livecampusapts.com/Common/website_templates/_common/display_type/responsive/img/transparent.png',3,1,985,'USD',4,'http://www.livecampusapts.com/philadelphia/ca-4100-locust-street',39.953064,-75.205558,'CAPT');
INSERT INTO `Listings` (`listing_id`,`address`,`image`,`beds`,`baths`,`price`,`currency`,`safety_rating`,`link`,`latitude`,`longitude`,`Agent_id`) VALUES (56,'4100 Locust St, Philadelphia, PA 19104, USA','http://www.livecampusapts.com/Common/website_templates/_common/display_type/responsive/img/transparent.png',3,1,985,'USD',4,'http://www.livecampusapts.com/philadelphia/ca-4100-locust-street',39.953064,-75.205558,'CAPT');
INSERT INTO `Listings` (`listing_id`,`address`,`image`,`beds`,`baths`,`price`,`currency`,`safety_rating`,`link`,`latitude`,`longitude`,`Agent_id`) VALUES (57,'4100 Locust St, Philadelphia, PA 19104, USA','http://www.livecampusapts.com/Common/website_templates/_common/display_type/responsive/img/transparent.png',3,2,985,'USD',4,'http://www.livecampusapts.com/philadelphia/ca-4100-locust-street',39.953064,-75.205558,'CAPT');
INSERT INTO `Listings` (`listing_id`,`address`,`image`,`beds`,`baths`,`price`,`currency`,`safety_rating`,`link`,`latitude`,`longitude`,`Agent_id`) VALUES (58,'4100 Locust St, Philadelphia, PA 19104, USA','http://www.livecampusapts.com/Common/website_templates/_common/display_type/responsive/img/transparent.png',7,2,985,'USD',4,'http://www.livecampusapts.com/philadelphia/ca-4100-locust-street',39.953064,-75.205558,'CAPT');
INSERT INTO `Listings` (`listing_id`,`address`,`image`,`beds`,`baths`,`price`,`currency`,`safety_rating`,`link`,`latitude`,`longitude`,`Agent_id`) VALUES (59,'4103 Walnut St, Philadelphia, PA 19104, USA','http://www.livecampusapts.com/Common/website_templates/_common/display_type/responsive/img/transparent.png',1,1,965,'USD',4,'http://www.livecampusapts.com/philadelphia/ca-4103-walnut-street',39.954721,-75.20527799999999,'CAPT');
INSERT INTO `Listings` (`listing_id`,`address`,`image`,`beds`,`baths`,`price`,`currency`,`safety_rating`,`link`,`latitude`,`longitude`,`Agent_id`) VALUES (60,'4105 Pine St, Philadelphia, PA 19104, USA','http://www.livecampusapts.com/Common/website_templates/_common/display_type/responsive/img/transparent.png',1,1,960,'USD',3,'http://www.livecampusapts.com/philadelphia/ca-4105-pine-street',39.9513559,-75.206209,'CAPT');
INSERT INTO `Listings` (`listing_id`,`address`,`image`,`beds`,`baths`,`price`,`currency`,`safety_rating`,`link`,`latitude`,`longitude`,`Agent_id`) VALUES (61,'4105 Pine St, Philadelphia, PA 19104, USA','http://www.livecampusapts.com/Common/website_templates/_common/display_type/responsive/img/transparent.png',2,1,960,'USD',3,'http://www.livecampusapts.com/philadelphia/ca-4105-pine-street',39.9513559,-75.206209,'CAPT');
INSERT INTO `Listings` (`listing_id`,`address`,`image`,`beds`,`baths`,`price`,`currency`,`safety_rating`,`link`,`latitude`,`longitude`,`Agent_id`) VALUES (62,'4105 Pine St, Philadelphia, PA 19104, USA','http://www.livecampusapts.com/Common/website_templates/_common/display_type/responsive/img/transparent.png',3,1,960,'USD',3,'http://www.livecampusapts.com/philadelphia/ca-4105-pine-street',39.9513559,-75.206209,'CAPT');
INSERT INTO `Listings` (`listing_id`,`address`,`image`,`beds`,`baths`,`price`,`currency`,`safety_rating`,`link`,`latitude`,`longitude`,`Agent_id`) VALUES (63,'4105 Walnut St, Philadelphia, PA 19104, USA','http://www.livecampusapts.com/Common/website_templates/_common/display_type/responsive/img/transparent.png',1,1,925,'USD',4,'http://www.livecampusapts.com/philadelphia/ca-4105-walnut-street',39.95473399999999,-75.20537399999999,'CAPT');
INSERT INTO `Listings` (`listing_id`,`address`,`image`,`beds`,`baths`,`price`,`currency`,`safety_rating`,`link`,`latitude`,`longitude`,`Agent_id`) VALUES (64,'4108 Spruce St, Philadelphia, PA 19104, USA','http://www.livecampusapts.com/Common/website_templates/_common/display_type/responsive/img/transparent.png',1,1,975,'USD',3,'http://www.livecampusapts.com/philadelphia/ca-4108-spruce-street',39.951835,-75.206367,'CAPT');
INSERT INTO `Listings` (`listing_id`,`address`,`image`,`beds`,`baths`,`price`,`currency`,`safety_rating`,`link`,`latitude`,`longitude`,`Agent_id`) VALUES (65,'4108 Spruce St, Philadelphia, PA 19104, USA','http://www.livecampusapts.com/Common/website_templates/_common/display_type/responsive/img/transparent.png',2,1,975,'USD',3,'http://www.livecampusapts.com/philadelphia/ca-4108-spruce-street',39.951835,-75.206367,'CAPT');
INSERT INTO `Listings` (`listing_id`,`address`,`image`,`beds`,`baths`,`price`,`currency`,`safety_rating`,`link`,`latitude`,`longitude`,`Agent_id`) VALUES (66,'4108 Spruce St, Philadelphia, PA 19104, USA','http://www.livecampusapts.com/Common/website_templates/_common/display_type/responsive/img/transparent.png',5,2,975,'USD',3,'http://www.livecampusapts.com/philadelphia/ca-4108-spruce-street',39.951835,-75.206367,'CAPT');
INSERT INTO `Listings` (`listing_id`,`address`,`image`,`beds`,`baths`,`price`,`currency`,`safety_rating`,`link`,`latitude`,`longitude`,`Agent_id`) VALUES (67,'4113 Walnut St, Philadelphia, PA 19104, USA','http://www.livecampusapts.com/Common/website_templates/_common/display_type/responsive/img/transparent.png',1,1,1005,'USD',4,'http://www.livecampusapts.com/philadelphia/ca-4113-walnut-street',39.954806,-75.205947,'CAPT');
INSERT INTO `Listings` (`listing_id`,`address`,`image`,`beds`,`baths`,`price`,`currency`,`safety_rating`,`link`,`latitude`,`longitude`,`Agent_id`) VALUES (68,'4113 Walnut St, Philadelphia, PA 19104, USA','http://www.livecampusapts.com/Common/website_templates/_common/display_type/responsive/img/transparent.png',2,2,1005,'USD',4,'http://www.livecampusapts.com/philadelphia/ca-4113-walnut-street',39.954806,-75.205947,'CAPT');
INSERT INTO `Listings` (`listing_id`,`address`,`image`,`beds`,`baths`,`price`,`currency`,`safety_rating`,`link`,`latitude`,`longitude`,`Agent_id`) VALUES (69,'4115 Walnut St, Philadelphia, PA 19104, USA','http://www.livecampusapts.com/Common/website_templates/_common/display_type/responsive/img/transparent.png',1,1,1005,'USD',4,'http://www.livecampusapts.com/philadelphia/ca-4115-walnut-street',39.954817,-75.20603299999999,'CAPT');
INSERT INTO `Listings` (`listing_id`,`address`,`image`,`beds`,`baths`,`price`,`currency`,`safety_rating`,`link`,`latitude`,`longitude`,`Agent_id`) VALUES (70,'4115 Walnut St, Philadelphia, PA 19104, USA','http://www.livecampusapts.com/Common/website_templates/_common/display_type/responsive/img/transparent.png',2,2,1005,'USD',4,'http://www.livecampusapts.com/philadelphia/ca-4115-walnut-street',39.954817,-75.20603299999999,'CAPT');
INSERT INTO `Listings` (`listing_id`,`address`,`image`,`beds`,`baths`,`price`,`currency`,`safety_rating`,`link`,`latitude`,`longitude`,`Agent_id`) VALUES (71,'4117 Walnut St, Philadelphia, PA 19104, USA','http://www.livecampusapts.com/Common/website_templates/_common/display_type/responsive/img/transparent.png',1,1,1005,'USD',4,'http://www.livecampusapts.com/philadelphia/ca-4117-walnut-street',39.954828,-75.206121,'CAPT');
INSERT INTO `Listings` (`listing_id`,`address`,`image`,`beds`,`baths`,`price`,`currency`,`safety_rating`,`link`,`latitude`,`longitude`,`Agent_id`) VALUES (72,'4117 Walnut St, Philadelphia, PA 19104, USA','http://www.livecampusapts.com/Common/website_templates/_common/display_type/responsive/img/transparent.png',2,2,1005,'USD',4,'http://www.livecampusapts.com/philadelphia/ca-4117-walnut-street',39.954828,-75.206121,'CAPT');
INSERT INTO `Listings` (`listing_id`,`address`,`image`,`beds`,`baths`,`price`,`currency`,`safety_rating`,`link`,`latitude`,`longitude`,`Agent_id`) VALUES (73,'4135 Ridge Ave, Philadelphia, PA 19129, USA','http://www.livecampusapts.com/Common/website_templates/_common/display_type/responsive/img/transparent.png',1,1,922,'USD',0,'http://www.livecampusapts.com/philadelphia/ca-4135-ridge-avenue',40.0081128,-75.1918886,'CAPT');
INSERT INTO `Listings` (`listing_id`,`address`,`image`,`beds`,`baths`,`price`,`currency`,`safety_rating`,`link`,`latitude`,`longitude`,`Agent_id`) VALUES (74,'4135 Ridge Ave, Philadelphia, PA 19129, USA','http://www.livecampusapts.com/Common/website_templates/_common/display_type/responsive/img/transparent.png',2,1,922,'USD',0,'http://www.livecampusapts.com/philadelphia/ca-4135-ridge-avenue',40.0081128,-75.1918886,'CAPT');
INSERT INTO `Listings` (`listing_id`,`address`,`image`,`beds`,`baths`,`price`,`currency`,`safety_rating`,`link`,`latitude`,`longitude`,`Agent_id`) VALUES (75,'4147 Ridge Ave, Philadelphia, PA 19129, USA','http://www.livecampusapts.com/Common/website_templates/_common/display_type/responsive/img/transparent.png',1,1,922,'USD',1,'http://www.livecampusapts.com/philadelphia/ca-4147-ridge-avenue',40.00824009999999,-75.19226479999999,'CAPT');
INSERT INTO `Listings` (`listing_id`,`address`,`image`,`beds`,`baths`,`price`,`currency`,`safety_rating`,`link`,`latitude`,`longitude`,`Agent_id`) VALUES (76,'4147 Ridge Ave, Philadelphia, PA 19129, USA','http://www.livecampusapts.com/Common/website_templates/_common/display_type/responsive/img/transparent.png',2,1,922,'USD',1,'http://www.livecampusapts.com/philadelphia/ca-4147-ridge-avenue',40.00824009999999,-75.19226479999999,'CAPT');
INSERT INTO `Listings` (`listing_id`,`address`,`image`,`beds`,`baths`,`price`,`currency`,`safety_rating`,`link`,`latitude`,`longitude`,`Agent_id`) VALUES (77,'4149 Ridge Ave, Philadelphia, PA 19129, USA','http://www.livecampusapts.com/Common/website_templates/_common/display_type/responsive/img/transparent.png',1,1,922,'USD',1,'http://www.livecampusapts.com/philadelphia/ca-4149-ridge-avenue',40.0081362,-75.1923908,'CAPT');
INSERT INTO `Listings` (`listing_id`,`address`,`image`,`beds`,`baths`,`price`,`currency`,`safety_rating`,`link`,`latitude`,`longitude`,`Agent_id`) VALUES (78,'4149 Ridge Ave, Philadelphia, PA 19129, USA','http://www.livecampusapts.com/Common/website_templates/_common/display_type/responsive/img/transparent.png',2,1,922,'USD',1,'http://www.livecampusapts.com/philadelphia/ca-4149-ridge-avenue',40.0081362,-75.1923908,'CAPT');
INSERT INTO `Listings` (`listing_id`,`address`,`image`,`beds`,`baths`,`price`,`currency`,`safety_rating`,`link`,`latitude`,`longitude`,`Agent_id`) VALUES (79,'4151 Ridge Ave, Philadelphia, PA 19129, USA','http://www.livecampusapts.com/Common/website_templates/_common/display_type/responsive/img/transparent.png',1,1,922,'USD',1,'http://www.livecampusapts.com/philadelphia/ca-4151-ridge-avenue',40.008155,-75.1924652,'CAPT');
INSERT INTO `Listings` (`listing_id`,`address`,`image`,`beds`,`baths`,`price`,`currency`,`safety_rating`,`link`,`latitude`,`longitude`,`Agent_id`) VALUES (80,'4151 Ridge Ave, Philadelphia, PA 19129, USA','http://www.livecampusapts.com/Common/website_templates/_common/display_type/responsive/img/transparent.png',2,1,922,'USD',1,'http://www.livecampusapts.com/philadelphia/ca-4151-ridge-avenue',40.008155,-75.1924652,'CAPT');
INSERT INTO `Listings` (`listing_id`,`address`,`image`,`beds`,`baths`,`price`,`currency`,`safety_rating`,`link`,`latitude`,`longitude`,`Agent_id`) VALUES (81,'4200 Spruce St, Philadelphia, PA 19104, USA','http://www.livecampusapts.com/Common/website_templates/_common/display_type/responsive/img/transparent.png',1,1,835,'USD',3,'http://www.livecampusapts.com/philadelphia/ca-4200-spruce-street',39.9519999,-75.2072179,'CAPT');
INSERT INTO `Listings` (`listing_id`,`address`,`image`,`beds`,`baths`,`price`,`currency`,`safety_rating`,`link`,`latitude`,`longitude`,`Agent_id`) VALUES (82,'4200 Spruce St, Philadelphia, PA 19104, USA','http://www.livecampusapts.com/Common/website_templates/_common/display_type/responsive/img/transparent.png',2,1,835,'USD',3,'http://www.livecampusapts.com/philadelphia/ca-4200-spruce-street',39.9519999,-75.2072179,'CAPT');
INSERT INTO `Listings` (`listing_id`,`address`,`image`,`beds`,`baths`,`price`,`currency`,`safety_rating`,`link`,`latitude`,`longitude`,`Agent_id`) VALUES (83,'4200 Walnut St, Philadelphia, PA 19104, USA','http://www.livecampusapts.com/Common/website_templates/_common/display_type/responsive/img/transparent.png',1,1,1005,'USD',4,'http://www.livecampusapts.com/philadelphia/ca-4200-walnut-street',39.954334,-75.206705,'CAPT');
INSERT INTO `Listings` (`listing_id`,`address`,`image`,`beds`,`baths`,`price`,`currency`,`safety_rating`,`link`,`latitude`,`longitude`,`Agent_id`) VALUES (84,'4200 Walnut St, Philadelphia, PA 19104, USA','http://www.livecampusapts.com/Common/website_templates/_common/display_type/responsive/img/transparent.png',2,1,1005,'USD',4,'http://www.livecampusapts.com/philadelphia/ca-4200-walnut-street',39.954334,-75.206705,'CAPT');
INSERT INTO `Listings` (`listing_id`,`address`,`image`,`beds`,`baths`,`price`,`currency`,`safety_rating`,`link`,`latitude`,`longitude`,`Agent_id`) VALUES (85,'4208 Walnut St, Philadelphia, PA 19104, USA','http://www.livecampusapts.com/Common/website_templates/_common/display_type/responsive/img/transparent.png',1,1,995,'USD',5,'http://www.livecampusapts.com/philadelphia/ca-4208-walnut-street',39.95438,-75.207061,'CAPT');
INSERT INTO `Listings` (`listing_id`,`address`,`image`,`beds`,`baths`,`price`,`currency`,`safety_rating`,`link`,`latitude`,`longitude`,`Agent_id`) VALUES (86,'4212 Walnut St, Philadelphia, PA 19104, USA','http://www.livecampusapts.com/Common/website_templates/_common/display_type/responsive/img/transparent.png',1,1,945,'USD',5,'http://www.livecampusapts.com/philadelphia/ca-4212-walnut-street',39.954401,-75.20723199999999,'CAPT');
INSERT INTO `Listings` (`listing_id`,`address`,`image`,`beds`,`baths`,`price`,`currency`,`safety_rating`,`link`,`latitude`,`longitude`,`Agent_id`) VALUES (87,'4212 Walnut St, Philadelphia, PA 19104, USA','http://www.livecampusapts.com/Common/website_templates/_common/display_type/responsive/img/transparent.png',3,3,945,'USD',5,'http://www.livecampusapts.com/philadelphia/ca-4212-walnut-street',39.954401,-75.20723199999999,'CAPT');
INSERT INTO `Listings` (`listing_id`,`address`,`image`,`beds`,`baths`,`price`,`currency`,`safety_rating`,`link`,`latitude`,`longitude`,`Agent_id`) VALUES (88,'4214 Walnut St, Philadelphia, PA 19104, USA','http://www.livecampusapts.com/Common/website_templates/_common/display_type/responsive/img/transparent.png',1,1,925,'USD',5,'http://www.livecampusapts.com/philadelphia/ca-4214-walnut-street',39.954412,-75.207319,'CAPT');
INSERT INTO `Listings` (`listing_id`,`address`,`image`,`beds`,`baths`,`price`,`currency`,`safety_rating`,`link`,`latitude`,`longitude`,`Agent_id`) VALUES (89,'4216 Walnut St, Philadelphia, PA 19104, USA','http://www.livecampusapts.com/Common/website_templates/_common/display_type/responsive/img/transparent.png',1,1,925,'USD',5,'http://www.livecampusapts.com/philadelphia/ca-4216-walnut-street',39.954422,-75.207402,'CAPT');
INSERT INTO `Listings` (`listing_id`,`address`,`image`,`beds`,`baths`,`price`,`currency`,`safety_rating`,`link`,`latitude`,`longitude`,`Agent_id`) VALUES (90,'4218 Walnut St, Philadelphia, PA 19104, USA','http://www.livecampusapts.com/Common/website_templates/_common/display_type/responsive/img/transparent.png',1,1,995,'USD',5,'http://www.livecampusapts.com/philadelphia/ca-4218-walnut-street',39.954432,-75.207482,'CAPT');
INSERT INTO `Listings` (`listing_id`,`address`,`image`,`beds`,`baths`,`price`,`currency`,`safety_rating`,`link`,`latitude`,`longitude`,`Agent_id`) VALUES (91,'4218 Walnut St, Philadelphia, PA 19104, USA','http://www.livecampusapts.com/Common/website_templates/_common/display_type/responsive/img/transparent.png',2,2,995,'USD',5,'http://www.livecampusapts.com/philadelphia/ca-4218-walnut-street',39.954432,-75.207482,'CAPT');
INSERT INTO `Listings` (`listing_id`,`address`,`image`,`beds`,`baths`,`price`,`currency`,`safety_rating`,`link`,`latitude`,`longitude`,`Agent_id`) VALUES (92,'4400 Spruce St, Philadelphia, PA 19104, USA','http://www.livecampusapts.com/Common/website_templates/_common/display_type/responsive/img/transparent.png',1,1,845,'USD',4,'http://www.livecampusapts.com/philadelphia/ca-4400-spruce-street',39.9523257,-75.2110761,'CAPT');
INSERT INTO `Listings` (`listing_id`,`address`,`image`,`beds`,`baths`,`price`,`currency`,`safety_rating`,`link`,`latitude`,`longitude`,`Agent_id`) VALUES (93,'4400 Spruce St, Philadelphia, PA 19104, USA','http://www.livecampusapts.com/Common/website_templates/_common/display_type/responsive/img/transparent.png',2,1,845,'USD',4,'http://www.livecampusapts.com/philadelphia/ca-4400-spruce-street',39.9523257,-75.2110761,'CAPT');
INSERT INTO `Listings` (`listing_id`,`address`,`image`,`beds`,`baths`,`price`,`currency`,`safety_rating`,`link`,`latitude`,`longitude`,`Agent_id`) VALUES (94,'4400 Spruce St, Philadelphia, PA 19104, USA','http://www.livecampusapts.com/Common/website_templates/_common/display_type/responsive/img/transparent.png',3,1,845,'USD',4,'http://www.livecampusapts.com/philadelphia/ca-4400-spruce-street',39.9523257,-75.2110761,'CAPT');
INSERT INTO `Listings` (`listing_id`,`address`,`image`,`beds`,`baths`,`price`,`currency`,`safety_rating`,`link`,`latitude`,`longitude`,`Agent_id`) VALUES (95,'4400 Spruce St, Philadelphia, PA 19104, USA','http://www.livecampusapts.com/Common/website_templates/_common/display_type/responsive/img/transparent.png',4,2,845,'USD',4,'http://www.livecampusapts.com/philadelphia/ca-4400-spruce-street',39.9523257,-75.2110761,'CAPT');
INSERT INTO `Listings` (`listing_id`,`address`,`image`,`beds`,`baths`,`price`,`currency`,`safety_rating`,`link`,`latitude`,`longitude`,`Agent_id`) VALUES (96,'4401 Spruce St, Philadelphia, PA 19104, USA','http://www.livecampusapts.com/Common/website_templates/_common/display_type/responsive/img/transparent.png',1,1,915,'USD',5,'http://www.livecampusapts.com/philadelphia/ca-4401-spruce-street',39.9529655,-75.21074469999999,'CAPT');
INSERT INTO `Listings` (`listing_id`,`address`,`image`,`beds`,`baths`,`price`,`currency`,`safety_rating`,`link`,`latitude`,`longitude`,`Agent_id`) VALUES (97,'4401 Spruce St, Philadelphia, PA 19104, USA','http://www.livecampusapts.com/Common/website_templates/_common/display_type/responsive/img/transparent.png',2,1,915,'USD',5,'http://www.livecampusapts.com/philadelphia/ca-4401-spruce-street',39.9529655,-75.21074469999999,'CAPT');
INSERT INTO `Listings` (`listing_id`,`address`,`image`,`beds`,`baths`,`price`,`currency`,`safety_rating`,`link`,`latitude`,`longitude`,`Agent_id`) VALUES (98,'4410 Pine St, Philadelphia, PA 19104, USA','http://www.livecampusapts.com/Common/website_templates/_common/display_type/responsive/img/transparent.png',1,1,895,'USD',3,'http://www.livecampusapts.com/philadelphia/ca-4410-pine-street',39.951462,-75.211428,'CAPT');
INSERT INTO `Listings` (`listing_id`,`address`,`image`,`beds`,`baths`,`price`,`currency`,`safety_rating`,`link`,`latitude`,`longitude`,`Agent_id`) VALUES (99,'4410 Pine St, Philadelphia, PA 19104, USA','http://www.livecampusapts.com/Common/website_templates/_common/display_type/responsive/img/transparent.png',2,1,895,'USD',3,'http://www.livecampusapts.com/philadelphia/ca-4410-pine-street',39.951462,-75.211428,'CAPT');
INSERT INTO `Listings` (`listing_id`,`address`,`image`,`beds`,`baths`,`price`,`currency`,`safety_rating`,`link`,`latitude`,`longitude`,`Agent_id`) VALUES (100,'4415 Spruce St, Philadelphia, PA 19104, USA','http://www.livecampusapts.com/Common/website_templates/_common/display_type/responsive/img/transparent.png',1,1,1065,'USD',4,'http://www.livecampusapts.com/philadelphia/ca-4415-spruce-street',39.9528873,-75.2111352,'CAPT');
INSERT INTO `Listings` (`listing_id`,`address`,`image`,`beds`,`baths`,`price`,`currency`,`safety_rating`,`link`,`latitude`,`longitude`,`Agent_id`) VALUES (101,'4415 Spruce St, Philadelphia, PA 19104, USA','http://www.livecampusapts.com/Common/website_templates/_common/display_type/responsive/img/transparent.png',2,1,1065,'USD',4,'http://www.livecampusapts.com/philadelphia/ca-4415-spruce-street',39.9528873,-75.2111352,'CAPT');
INSERT INTO `Listings` (`listing_id`,`address`,`image`,`beds`,`baths`,`price`,`currency`,`safety_rating`,`link`,`latitude`,`longitude`,`Agent_id`) VALUES (102,'4417 Spruce St, Philadelphia, PA 19104, USA','http://www.livecampusapts.com/Common/website_templates/_common/display_type/responsive/img/transparent.png',1,1,1065,'USD',4,'http://www.livecampusapts.com/philadelphia/ca-4417-spruce-street',39.9530416,-75.2112683,'CAPT');
INSERT INTO `Listings` (`listing_id`,`address`,`image`,`beds`,`baths`,`price`,`currency`,`safety_rating`,`link`,`latitude`,`longitude`,`Agent_id`) VALUES (103,'4418 Spruce St, Philadelphia, PA 19104, USA','http://www.livecampusapts.com/Common/website_templates/_common/display_type/responsive/img/transparent.png',1,1,1195,'USD',3,'http://www.livecampusapts.com/philadelphia/ca-4418-spruce-street',39.9523719,-75.2117899,'CAPT');
INSERT INTO `Listings` (`listing_id`,`address`,`image`,`beds`,`baths`,`price`,`currency`,`safety_rating`,`link`,`latitude`,`longitude`,`Agent_id`) VALUES (104,'4418 Spruce St, Philadelphia, PA 19104, USA','http://www.livecampusapts.com/Common/website_templates/_common/display_type/responsive/img/transparent.png',2,1,1195,'USD',3,'http://www.livecampusapts.com/philadelphia/ca-4418-spruce-street',39.9523719,-75.2117899,'CAPT');
INSERT INTO `Listings` (`listing_id`,`address`,`image`,`beds`,`baths`,`price`,`currency`,`safety_rating`,`link`,`latitude`,`longitude`,`Agent_id`) VALUES (105,'4418 Spruce St, Philadelphia, PA 19104, USA','http://www.livecampusapts.com/Common/website_templates/_common/display_type/responsive/img/transparent.png',3,1,1195,'USD',3,'http://www.livecampusapts.com/philadelphia/ca-4418-spruce-street',39.9523719,-75.2117899,'CAPT');
INSERT INTO `Listings` (`listing_id`,`address`,`image`,`beds`,`baths`,`price`,`currency`,`safety_rating`,`link`,`latitude`,`longitude`,`Agent_id`) VALUES (106,'4418 Spruce St, Philadelphia, PA 19104, USA','http://www.livecampusapts.com/Common/website_templates/_common/display_type/responsive/img/transparent.png',3,2,1195,'USD',3,'http://www.livecampusapts.com/philadelphia/ca-4418-spruce-street',39.9523719,-75.2117899,'CAPT');
INSERT INTO `Listings` (`listing_id`,`address`,`image`,`beds`,`baths`,`price`,`currency`,`safety_rating`,`link`,`latitude`,`longitude`,`Agent_id`) VALUES (107,'4720 Pine St, Philadelphia, PA 19143, USA','http://www.livecampusapts.com/Common/website_templates/_common/display_type/responsive/img/transparent.png',1,1,835,'USD',3,'http://www.livecampusapts.com/philadelphia/ca-4720-pine-street',39.95218200000001,-75.217196,'CAPT');
INSERT INTO `Listings` (`listing_id`,`address`,`image`,`beds`,`baths`,`price`,`currency`,`safety_rating`,`link`,`latitude`,`longitude`,`Agent_id`) VALUES (108,'4730 Pine St, Philadelphia, PA 19143, USA','http://www.livecampusapts.com/Common/website_templates/_common/display_type/responsive/img/transparent.png',1,1,995,'USD',4,'http://www.livecampusapts.com/philadelphia/ca-4730-pine-street',39.952213,-75.217451,'CAPT');
INSERT INTO `Listings` (`listing_id`,`address`,`image`,`beds`,`baths`,`price`,`currency`,`safety_rating`,`link`,`latitude`,`longitude`,`Agent_id`) VALUES (109,'4730 Pine St, Philadelphia, PA 19143, USA','http://www.livecampusapts.com/Common/website_templates/_common/display_type/responsive/img/transparent.png',2,1,995,'USD',4,'http://www.livecampusapts.com/philadelphia/ca-4730-pine-street',39.952213,-75.217451,'CAPT');
INSERT INTO `Listings` (`listing_id`,`address`,`image`,`beds`,`baths`,`price`,`currency`,`safety_rating`,`link`,`latitude`,`longitude`,`Agent_id`) VALUES (110,'4740 Pine St, Philadelphia, PA 19143, USA','http://www.livecampusapts.com/Common/website_templates/_common/display_type/responsive/img/transparent.png',1,1,835,'USD',4,'http://www.livecampusapts.com/philadelphia/ca-4740-pine-street',39.952243,-75.217698,'CAPT');
INSERT INTO `Listings` (`listing_id`,`address`,`image`,`beds`,`baths`,`price`,`currency`,`safety_rating`,`link`,`latitude`,`longitude`,`Agent_id`) VALUES (111,'305 S 40th St, Philadelphia, PA 19104, USA','http://www.livecampusapts.com/Common/website_templates/_common/display_type/responsive/img/transparent.png',1,1,765,'USD',3,'http://www.livecampusapts.com/philadelphia/ca-pine-arms-associates',39.9508646,-75.203037,'CAPT');
INSERT INTO `Listings` (`listing_id`,`address`,`image`,`beds`,`baths`,`price`,`currency`,`safety_rating`,`link`,`latitude`,`longitude`,`Agent_id`) VALUES (112,'305 S 40th St, Philadelphia, PA 19104, USA','http://www.livecampusapts.com/Common/website_templates/_common/display_type/responsive/img/transparent.png',2,1,765,'USD',3,'http://www.livecampusapts.com/philadelphia/ca-pine-arms-associates',39.9508646,-75.203037,'CAPT');
INSERT INTO `Listings` (`listing_id`,`address`,`image`,`beds`,`baths`,`price`,`currency`,`safety_rating`,`link`,`latitude`,`longitude`,`Agent_id`) VALUES (113,'305 S 40th St, Philadelphia, PA 19104, USA','http://www.livecampusapts.com/Common/website_templates/_common/display_type/responsive/img/transparent.png',2,2,765,'USD',3,'http://www.livecampusapts.com/philadelphia/ca-pine-arms-associates',39.9508646,-75.203037,'CAPT');

INSERT INTO `RealEstateAgents` (`agent_id`,`description`,`email_id`,`phone_no`) VALUES ('APT','Apartments.com is the leading rental listing website, offering renters online house rental and apartment information for more than 500,000 available units.','support@apartments.com','(888) 658-7368');
INSERT INTO `RealEstateAgents` (`agent_id`,`description`,`email_id`,`phone_no`) VALUES ('CAPT','Campus Apartments','contact@livecampusapts.com','(215)382-1300');