CREATE TABLE IF NOT EXISTS `Amenities` (
  `amenity_id` varchar(4) NOT NULL DEFAULT '',
  `description` varchar(320) NOT NULL,
  PRIMARY KEY (`amenity_id`)
) ENGINE=InnoDB DEFAULT CHARSET=latin1;

CREATE TABLE IF NOT EXISTS `Currencies` (
  `currency` char(3) NOT NULL DEFAULT '',
  `symbol` char(1) DEFAULT NULL,
  `text` varchar(50) DEFAULT NULL,
  PRIMARY KEY (`currency`)
) ENGINE=InnoDB DEFAULT CHARSET=latin1;

CREATE TABLE IF NOT EXISTS `IncludedAmenities` (
  `listing_id` int(11) NOT NULL DEFAULT '0',
  `amenity_id` varchar(4) NOT NULL DEFAULT '',
  PRIMARY KEY (`listing_id`,`amenity_id`),
  KEY `amenity_id` (`amenity_id`),
  CONSTRAINT `IncludedAmenities_ibfk_1` FOREIGN KEY (`amenity_id`) REFERENCES `Amenities` (`amenity_id`),
  CONSTRAINT `IncludedAmenities_ibfk_2` FOREIGN KEY (`listing_id`) REFERENCES `Listings` (`listing_id`)
) ENGINE=InnoDB DEFAULT CHARSET=latin1;

CREATE TABLE IF NOT EXISTS `Listings` (
  `listing_id` int(11) NOT NULL DEFAULT '0',
  `address` varchar(320) DEFAULT NULL,
  `image` varchar(320) DEFAULT NULL,
  `beds` int(11) DEFAULT NULL,
  `baths` int(11) DEFAULT NULL,
  `price` decimal(11,2) DEFAULT NULL,
  `currency` char(3) DEFAULT NULL,
  `safety_rating` int(11) DEFAULT NULL,
  `link` varchar(320) DEFAULT NULL,
  `latitude` double DEFAULT NULL,
  `longitude` double DEFAULT NULL,
  `Agent_id` char(4) NOT NULL,
  PRIMARY KEY (`listing_id`),
  KEY `Agent_id` (`Agent_id`),
  KEY `currency` (`currency`),
  CONSTRAINT `Listings_ibfk_1` FOREIGN KEY (`Agent_id`) REFERENCES `RealEstateAgents` (`agent_id`),
  CONSTRAINT `Listings_ibfk_2` FOREIGN KEY (`currency`) REFERENCES `Currencies` (`currency`)
) ENGINE=InnoDB DEFAULT CHARSET=latin1;

CREATE TABLE IF NOT EXISTS `RealEstateAgents` (
  `agent_id` char(4) NOT NULL DEFAULT '',
  `description` varchar(320) NOT NULL,
  `email_id` varchar(320) DEFAULT NULL,
  `phone_no` varchar(320) DEFAULT NULL,
  PRIMARY KEY (`agent_id`)
) ENGINE=InnoDB DEFAULT CHARSET=latin1;

INSERT INTO `Amenities` (`amenity_id`,`description`) VALUES ('24EM','24 Hour Emergency Maintenance');
INSERT INTO `Amenities` (`amenity_id`,`description`) VALUES ('AIRC','Air Conditioning');
INSERT INTO `Amenities` (`amenity_id`,`description`) VALUES ('BKRM','Bike Room');
INSERT INTO `Amenities` (`amenity_id`,`description`) VALUES ('C2C','lose to Campus');
INSERT INTO `Amenities` (`amenity_id`,`description`) VALUES ('CARD','Cable ready');
INSERT INTO `Amenities` (`amenity_id`,`description`) VALUES ('CSS','Complimentary Shuttle Service');
INSERT INTO `Amenities` (`amenity_id`,`description`) VALUES ('CTYD','Courtyard');
INSERT INTO `Amenities` (`amenity_id`,`description`) VALUES ('DIS','Dishwasher');
INSERT INTO `Amenities` (`amenity_id`,`description`) VALUES ('DOGS','Dog Friendly');
INSERT INTO `Amenities` (`amenity_id`,`description`) VALUES ('EVTR','Elevator');
INSERT INTO `Amenities` (`amenity_id`,`description`) VALUES ('FGS','Fenced in Green Space');
INSERT INTO `Amenities` (`amenity_id`,`description`) VALUES ('FITC','Fitness Center');
INSERT INTO `Amenities` (`amenity_id`,`description`) VALUES ('HFC','Hardwood Flooring and Carpeting');
INSERT INTO `Amenities` (`amenity_id`,`description`) VALUES ('HWFL','Hardwood Flooring');
INSERT INTO `Amenities` (`amenity_id`,`description`) VALUES ('OFSP','Off-street parking');
INSERT INTO `Amenities` (`amenity_id`,`description`) VALUES ('OL','Onsite laundry');
INSERT INTO `Amenities` (`amenity_id`,`description`) VALUES ('OPA','Online Payments Available');
INSERT INTO `Amenities` (`amenity_id`,`description`) VALUES ('PETF','Pet Friendly');
INSERT INTO `Amenities` (`amenity_id`,`description`) VALUES ('PL','Prime Locations');
INSERT INTO `Amenities` (`amenity_id`,`description`) VALUES ('UKB','Updated Kitchens and Bathrooms');
INSERT INTO `Amenities` (`amenity_id`,`description`) VALUES ('WAD','Washer/Dryer');

INSERT INTO `Currencies` (`currency`,`symbol`,`text`) VALUES ('USD','$','dollar');

INSERT INTO `IncludedAmenities` (`listing_id`,`amenity_id`) VALUES (0,'24EM');
INSERT INTO `IncludedAmenities` (`listing_id`,`amenity_id`) VALUES (1,'24EM');
INSERT INTO `IncludedAmenities` (`listing_id`,`amenity_id`) VALUES (2,'24EM');
INSERT INTO `IncludedAmenities` (`listing_id`,`amenity_id`) VALUES (3,'24EM');
INSERT INTO `IncludedAmenities` (`listing_id`,`amenity_id`) VALUES (4,'24EM');
INSERT INTO `IncludedAmenities` (`listing_id`,`amenity_id`) VALUES (5,'24EM');
INSERT INTO `IncludedAmenities` (`listing_id`,`amenity_id`) VALUES (6,'24EM');
INSERT INTO `IncludedAmenities` (`listing_id`,`amenity_id`) VALUES (7,'24EM');
INSERT INTO `IncludedAmenities` (`listing_id`,`amenity_id`) VALUES (8,'24EM');
INSERT INTO `IncludedAmenities` (`listing_id`,`amenity_id`) VALUES (9,'24EM');
INSERT INTO `IncludedAmenities` (`listing_id`,`amenity_id`) VALUES (10,'24EM');
INSERT INTO `IncludedAmenities` (`listing_id`,`amenity_id`) VALUES (11,'24EM');
INSERT INTO `IncludedAmenities` (`listing_id`,`amenity_id`) VALUES (12,'24EM');
INSERT INTO `IncludedAmenities` (`listing_id`,`amenity_id`) VALUES (13,'24EM');
INSERT INTO `IncludedAmenities` (`listing_id`,`amenity_id`) VALUES (14,'24EM');
INSERT INTO `IncludedAmenities` (`listing_id`,`amenity_id`) VALUES (15,'24EM');
INSERT INTO `IncludedAmenities` (`listing_id`,`amenity_id`) VALUES (16,'24EM');
INSERT INTO `IncludedAmenities` (`listing_id`,`amenity_id`) VALUES (17,'24EM');
INSERT INTO `IncludedAmenities` (`listing_id`,`amenity_id`) VALUES (18,'24EM');
INSERT INTO `IncludedAmenities` (`listing_id`,`amenity_id`) VALUES (19,'24EM');
INSERT INTO `IncludedAmenities` (`listing_id`,`amenity_id`) VALUES (20,'24EM');
INSERT INTO `IncludedAmenities` (`listing_id`,`amenity_id`) VALUES (21,'24EM');
INSERT INTO `IncludedAmenities` (`listing_id`,`amenity_id`) VALUES (22,'24EM');
INSERT INTO `IncludedAmenities` (`listing_id`,`amenity_id`) VALUES (23,'24EM');
INSERT INTO `IncludedAmenities` (`listing_id`,`amenity_id`) VALUES (24,'24EM');
INSERT INTO `IncludedAmenities` (`listing_id`,`amenity_id`) VALUES (25,'24EM');
INSERT INTO `IncludedAmenities` (`listing_id`,`amenity_id`) VALUES (26,'24EM');
INSERT INTO `IncludedAmenities` (`listing_id`,`amenity_id`) VALUES (27,'24EM');
INSERT INTO `IncludedAmenities` (`listing_id`,`amenity_id`) VALUES (28,'24EM');
INSERT INTO `IncludedAmenities` (`listing_id`,`amenity_id`) VALUES (29,'24EM');
INSERT INTO `IncludedAmenities` (`listing_id`,`amenity_id`) VALUES (30,'24EM');
INSERT INTO `IncludedAmenities` (`listing_id`,`amenity_id`) VALUES (31,'24EM');
INSERT INTO `IncludedAmenities` (`listing_id`,`amenity_id`) VALUES (32,'24EM');
INSERT INTO `IncludedAmenities` (`listing_id`,`amenity_id`) VALUES (33,'24EM');
INSERT INTO `IncludedAmenities` (`listing_id`,`amenity_id`) VALUES (34,'24EM');
INSERT INTO `IncludedAmenities` (`listing_id`,`amenity_id`) VALUES (35,'24EM');
INSERT INTO `IncludedAmenities` (`listing_id`,`amenity_id`) VALUES (36,'24EM');
INSERT INTO `IncludedAmenities` (`listing_id`,`amenity_id`) VALUES (37,'24EM');
INSERT INTO `IncludedAmenities` (`listing_id`,`amenity_id`) VALUES (38,'24EM');
INSERT INTO `IncludedAmenities` (`listing_id`,`amenity_id`) VALUES (39,'24EM');
INSERT INTO `IncludedAmenities` (`listing_id`,`amenity_id`) VALUES (40,'24EM');
INSERT INTO `IncludedAmenities` (`listing_id`,`amenity_id`) VALUES (41,'24EM');
INSERT INTO `IncludedAmenities` (`listing_id`,`amenity_id`) VALUES (42,'24EM');
INSERT INTO `IncludedAmenities` (`listing_id`,`amenity_id`) VALUES (43,'24EM');
INSERT INTO `IncludedAmenities` (`listing_id`,`amenity_id`) VALUES (44,'24EM');
INSERT INTO `IncludedAmenities` (`listing_id`,`amenity_id`) VALUES (45,'24EM');
INSERT INTO `IncludedAmenities` (`listing_id`,`amenity_id`) VALUES (46,'24EM');
INSERT INTO `IncludedAmenities` (`listing_id`,`amenity_id`) VALUES (47,'24EM');
INSERT INTO `IncludedAmenities` (`listing_id`,`amenity_id`) VALUES (48,'24EM');
INSERT INTO `IncludedAmenities` (`listing_id`,`amenity_id`) VALUES (49,'24EM');
INSERT INTO `IncludedAmenities` (`listing_id`,`amenity_id`) VALUES (50,'24EM');
INSERT INTO `IncludedAmenities` (`listing_id`,`amenity_id`) VALUES (51,'24EM');
INSERT INTO `IncludedAmenities` (`listing_id`,`amenity_id`) VALUES (52,'24EM');
INSERT INTO `IncludedAmenities` (`listing_id`,`amenity_id`) VALUES (53,'24EM');
INSERT INTO `IncludedAmenities` (`listing_id`,`amenity_id`) VALUES (54,'24EM');
INSERT INTO `IncludedAmenities` (`listing_id`,`amenity_id`) VALUES (55,'24EM');
INSERT INTO `IncludedAmenities` (`listing_id`,`amenity_id`) VALUES (56,'24EM');
INSERT INTO `IncludedAmenities` (`listing_id`,`amenity_id`) VALUES (57,'24EM');
INSERT INTO `IncludedAmenities` (`listing_id`,`amenity_id`) VALUES (58,'24EM');
INSERT INTO `IncludedAmenities` (`listing_id`,`amenity_id`) VALUES (59,'24EM');
INSERT INTO `IncludedAmenities` (`listing_id`,`amenity_id`) VALUES (60,'24EM');
INSERT INTO `IncludedAmenities` (`listing_id`,`amenity_id`) VALUES (61,'24EM');
INSERT INTO `IncludedAmenities` (`listing_id`,`amenity_id`) VALUES (62,'24EM');
INSERT INTO `IncludedAmenities` (`listing_id`,`amenity_id`) VALUES (63,'24EM');
INSERT INTO `IncludedAmenities` (`listing_id`,`amenity_id`) VALUES (64,'24EM');
INSERT INTO `IncludedAmenities` (`listing_id`,`amenity_id`) VALUES (65,'24EM');
INSERT INTO `IncludedAmenities` (`listing_id`,`amenity_id`) VALUES (66,'24EM');
INSERT INTO `IncludedAmenities` (`listing_id`,`amenity_id`) VALUES (67,'24EM');
INSERT INTO `IncludedAmenities` (`listing_id`,`amenity_id`) VALUES (68,'24EM');
INSERT INTO `IncludedAmenities` (`listing_id`,`amenity_id`) VALUES (69,'24EM');
INSERT INTO `IncludedAmenities` (`listing_id`,`amenity_id`) VALUES (70,'24EM');
INSERT INTO `IncludedAmenities` (`listing_id`,`amenity_id`) VALUES (71,'24EM');
INSERT INTO `IncludedAmenities` (`listing_id`,`amenity_id`) VALUES (72,'24EM');
INSERT INTO `IncludedAmenities` (`listing_id`,`amenity_id`) VALUES (73,'24EM');
INSERT INTO `IncludedAmenities` (`listing_id`,`amenity_id`) VALUES (74,'24EM');
INSERT INTO `IncludedAmenities` (`listing_id`,`amenity_id`) VALUES (75,'24EM');
INSERT INTO `IncludedAmenities` (`listing_id`,`amenity_id`) VALUES (76,'24EM');
INSERT INTO `IncludedAmenities` (`listing_id`,`amenity_id`) VALUES (77,'24EM');
INSERT INTO `IncludedAmenities` (`listing_id`,`amenity_id`) VALUES (78,'24EM');
INSERT INTO `IncludedAmenities` (`listing_id`,`amenity_id`) VALUES (79,'24EM');
INSERT INTO `IncludedAmenities` (`listing_id`,`amenity_id`) VALUES (80,'24EM');
INSERT INTO `IncludedAmenities` (`listing_id`,`amenity_id`) VALUES (81,'24EM');
INSERT INTO `IncludedAmenities` (`listing_id`,`amenity_id`) VALUES (82,'24EM');
INSERT INTO `IncludedAmenities` (`listing_id`,`amenity_id`) VALUES (83,'24EM');
INSERT INTO `IncludedAmenities` (`listing_id`,`amenity_id`) VALUES (84,'24EM');
INSERT INTO `IncludedAmenities` (`listing_id`,`amenity_id`) VALUES (85,'24EM');
INSERT INTO `IncludedAmenities` (`listing_id`,`amenity_id`) VALUES (86,'24EM');
INSERT INTO `IncludedAmenities` (`listing_id`,`amenity_id`) VALUES (87,'24EM');
INSERT INTO `IncludedAmenities` (`listing_id`,`amenity_id`) VALUES (88,'24EM');
INSERT INTO `IncludedAmenities` (`listing_id`,`amenity_id`) VALUES (89,'24EM');
INSERT INTO `IncludedAmenities` (`listing_id`,`amenity_id`) VALUES (90,'24EM');
INSERT INTO `IncludedAmenities` (`listing_id`,`amenity_id`) VALUES (91,'24EM');
INSERT INTO `IncludedAmenities` (`listing_id`,`amenity_id`) VALUES (92,'24EM');
INSERT INTO `IncludedAmenities` (`listing_id`,`amenity_id`) VALUES (93,'24EM');
INSERT INTO `IncludedAmenities` (`listing_id`,`amenity_id`) VALUES (94,'24EM');
INSERT INTO `IncludedAmenities` (`listing_id`,`amenity_id`) VALUES (95,'24EM');
INSERT INTO `IncludedAmenities` (`listing_id`,`amenity_id`) VALUES (96,'24EM');
INSERT INTO `IncludedAmenities` (`listing_id`,`amenity_id`) VALUES (97,'24EM');
INSERT INTO `IncludedAmenities` (`listing_id`,`amenity_id`) VALUES (98,'24EM');
INSERT INTO `IncludedAmenities` (`listing_id`,`amenity_id`) VALUES (99,'24EM');
INSERT INTO `IncludedAmenities` (`listing_id`,`amenity_id`) VALUES (100,'24EM');
INSERT INTO `IncludedAmenities` (`listing_id`,`amenity_id`) VALUES (101,'24EM');
INSERT INTO `IncludedAmenities` (`listing_id`,`amenity_id`) VALUES (102,'24EM');
INSERT INTO `IncludedAmenities` (`listing_id`,`amenity_id`) VALUES (103,'24EM');
INSERT INTO `IncludedAmenities` (`listing_id`,`amenity_id`) VALUES (104,'24EM');
INSERT INTO `IncludedAmenities` (`listing_id`,`amenity_id`) VALUES (105,'24EM');
INSERT INTO `IncludedAmenities` (`listing_id`,`amenity_id`) VALUES (106,'24EM');
INSERT INTO `IncludedAmenities` (`listing_id`,`amenity_id`) VALUES (107,'24EM');
INSERT INTO `IncludedAmenities` (`listing_id`,`amenity_id`) VALUES (108,'24EM');
INSERT INTO `IncludedAmenities` (`listing_id`,`amenity_id`) VALUES (109,'24EM');
INSERT INTO `IncludedAmenities` (`listing_id`,`amenity_id`) VALUES (110,'24EM');
INSERT INTO `IncludedAmenities` (`listing_id`,`amenity_id`) VALUES (111,'24EM');
INSERT INTO `IncludedAmenities` (`listing_id`,`amenity_id`) VALUES (112,'24EM');
INSERT INTO `IncludedAmenities` (`listing_id`,`amenity_id`) VALUES (113,'24EM');
INSERT INTO `IncludedAmenities` (`listing_id`,`amenity_id`) VALUES (114,'24EM');
INSERT INTO `IncludedAmenities` (`listing_id`,`amenity_id`) VALUES (115,'24EM');
INSERT INTO `IncludedAmenities` (`listing_id`,`amenity_id`) VALUES (116,'AIRC');
INSERT INTO `IncludedAmenities` (`listing_id`,`amenity_id`) VALUES (117,'AIRC');
INSERT INTO `IncludedAmenities` (`listing_id`,`amenity_id`) VALUES (118,'AIRC');
INSERT INTO `IncludedAmenities` (`listing_id`,`amenity_id`) VALUES (119,'AIRC');
INSERT INTO `IncludedAmenities` (`listing_id`,`amenity_id`) VALUES (122,'AIRC');
INSERT INTO `IncludedAmenities` (`listing_id`,`amenity_id`) VALUES (123,'AIRC');
INSERT INTO `IncludedAmenities` (`listing_id`,`amenity_id`) VALUES (124,'AIRC');
INSERT INTO `IncludedAmenities` (`listing_id`,`amenity_id`) VALUES (125,'AIRC');
INSERT INTO `IncludedAmenities` (`listing_id`,`amenity_id`) VALUES (126,'AIRC');
INSERT INTO `IncludedAmenities` (`listing_id`,`amenity_id`) VALUES (127,'AIRC');
INSERT INTO `IncludedAmenities` (`listing_id`,`amenity_id`) VALUES (128,'AIRC');
INSERT INTO `IncludedAmenities` (`listing_id`,`amenity_id`) VALUES (129,'AIRC');
INSERT INTO `IncludedAmenities` (`listing_id`,`amenity_id`) VALUES (130,'AIRC');
INSERT INTO `IncludedAmenities` (`listing_id`,`amenity_id`) VALUES (131,'AIRC');
INSERT INTO `IncludedAmenities` (`listing_id`,`amenity_id`) VALUES (132,'AIRC');
INSERT INTO `IncludedAmenities` (`listing_id`,`amenity_id`) VALUES (133,'AIRC');
INSERT INTO `IncludedAmenities` (`listing_id`,`amenity_id`) VALUES (134,'AIRC');
INSERT INTO `IncludedAmenities` (`listing_id`,`amenity_id`) VALUES (135,'AIRC');
INSERT INTO `IncludedAmenities` (`listing_id`,`amenity_id`) VALUES (136,'AIRC');
INSERT INTO `IncludedAmenities` (`listing_id`,`amenity_id`) VALUES (137,'AIRC');
INSERT INTO `IncludedAmenities` (`listing_id`,`amenity_id`) VALUES (138,'AIRC');
INSERT INTO `IncludedAmenities` (`listing_id`,`amenity_id`) VALUES (139,'AIRC');
INSERT INTO `IncludedAmenities` (`listing_id`,`amenity_id`) VALUES (140,'AIRC');
INSERT INTO `IncludedAmenities` (`listing_id`,`amenity_id`) VALUES (141,'AIRC');
INSERT INTO `IncludedAmenities` (`listing_id`,`amenity_id`) VALUES (142,'AIRC');
INSERT INTO `IncludedAmenities` (`listing_id`,`amenity_id`) VALUES (143,'AIRC');
INSERT INTO `IncludedAmenities` (`listing_id`,`amenity_id`) VALUES (144,'AIRC');
INSERT INTO `IncludedAmenities` (`listing_id`,`amenity_id`) VALUES (145,'AIRC');
INSERT INTO `IncludedAmenities` (`listing_id`,`amenity_id`) VALUES (146,'AIRC');
INSERT INTO `IncludedAmenities` (`listing_id`,`amenity_id`) VALUES (147,'AIRC');
INSERT INTO `IncludedAmenities` (`listing_id`,`amenity_id`) VALUES (148,'AIRC');
INSERT INTO `IncludedAmenities` (`listing_id`,`amenity_id`) VALUES (149,'AIRC');
INSERT INTO `IncludedAmenities` (`listing_id`,`amenity_id`) VALUES (150,'AIRC');
INSERT INTO `IncludedAmenities` (`listing_id`,`amenity_id`) VALUES (151,'AIRC');
INSERT INTO `IncludedAmenities` (`listing_id`,`amenity_id`) VALUES (152,'AIRC');
INSERT INTO `IncludedAmenities` (`listing_id`,`amenity_id`) VALUES (153,'AIRC');
INSERT INTO `IncludedAmenities` (`listing_id`,`amenity_id`) VALUES (154,'AIRC');
INSERT INTO `IncludedAmenities` (`listing_id`,`amenity_id`) VALUES (155,'AIRC');
INSERT INTO `IncludedAmenities` (`listing_id`,`amenity_id`) VALUES (156,'AIRC');
INSERT INTO `IncludedAmenities` (`listing_id`,`amenity_id`) VALUES (157,'AIRC');
INSERT INTO `IncludedAmenities` (`listing_id`,`amenity_id`) VALUES (158,'AIRC');
INSERT INTO `IncludedAmenities` (`listing_id`,`amenity_id`) VALUES (159,'AIRC');
INSERT INTO `IncludedAmenities` (`listing_id`,`amenity_id`) VALUES (160,'AIRC');
INSERT INTO `IncludedAmenities` (`listing_id`,`amenity_id`) VALUES (161,'AIRC');
INSERT INTO `IncludedAmenities` (`listing_id`,`amenity_id`) VALUES (162,'AIRC');
INSERT INTO `IncludedAmenities` (`listing_id`,`amenity_id`) VALUES (163,'AIRC');
INSERT INTO `IncludedAmenities` (`listing_id`,`amenity_id`) VALUES (164,'AIRC');
INSERT INTO `IncludedAmenities` (`listing_id`,`amenity_id`) VALUES (165,'AIRC');
INSERT INTO `IncludedAmenities` (`listing_id`,`amenity_id`) VALUES (166,'AIRC');
INSERT INTO `IncludedAmenities` (`listing_id`,`amenity_id`) VALUES (167,'AIRC');
INSERT INTO `IncludedAmenities` (`listing_id`,`amenity_id`) VALUES (168,'AIRC');
INSERT INTO `IncludedAmenities` (`listing_id`,`amenity_id`) VALUES (169,'AIRC');
INSERT INTO `IncludedAmenities` (`listing_id`,`amenity_id`) VALUES (172,'AIRC');
INSERT INTO `IncludedAmenities` (`listing_id`,`amenity_id`) VALUES (173,'AIRC');
INSERT INTO `IncludedAmenities` (`listing_id`,`amenity_id`) VALUES (176,'AIRC');
INSERT INTO `IncludedAmenities` (`listing_id`,`amenity_id`) VALUES (177,'AIRC');
INSERT INTO `IncludedAmenities` (`listing_id`,`amenity_id`) VALUES (23,'BKRM');
INSERT INTO `IncludedAmenities` (`listing_id`,`amenity_id`) VALUES (24,'BKRM');
INSERT INTO `IncludedAmenities` (`listing_id`,`amenity_id`) VALUES (25,'BKRM');
INSERT INTO `IncludedAmenities` (`listing_id`,`amenity_id`) VALUES (26,'BKRM');
INSERT INTO `IncludedAmenities` (`listing_id`,`amenity_id`) VALUES (94,'BKRM');
INSERT INTO `IncludedAmenities` (`listing_id`,`amenity_id`) VALUES (95,'BKRM');
INSERT INTO `IncludedAmenities` (`listing_id`,`amenity_id`) VALUES (96,'BKRM');
INSERT INTO `IncludedAmenities` (`listing_id`,`amenity_id`) VALUES (97,'BKRM');
INSERT INTO `IncludedAmenities` (`listing_id`,`amenity_id`) VALUES (98,'BKRM');
INSERT INTO `IncludedAmenities` (`listing_id`,`amenity_id`) VALUES (99,'BKRM');
INSERT INTO `IncludedAmenities` (`listing_id`,`amenity_id`) VALUES (102,'BKRM');
INSERT INTO `IncludedAmenities` (`listing_id`,`amenity_id`) VALUES (103,'BKRM');
INSERT INTO `IncludedAmenities` (`listing_id`,`amenity_id`) VALUES (104,'BKRM');
INSERT INTO `IncludedAmenities` (`listing_id`,`amenity_id`) VALUES (105,'BKRM');
INSERT INTO `IncludedAmenities` (`listing_id`,`amenity_id`) VALUES (106,'BKRM');
INSERT INTO `IncludedAmenities` (`listing_id`,`amenity_id`) VALUES (107,'BKRM');
INSERT INTO `IncludedAmenities` (`listing_id`,`amenity_id`) VALUES (108,'BKRM');
INSERT INTO `IncludedAmenities` (`listing_id`,`amenity_id`) VALUES (109,'BKRM');
INSERT INTO `IncludedAmenities` (`listing_id`,`amenity_id`) VALUES (110,'BKRM');
INSERT INTO `IncludedAmenities` (`listing_id`,`amenity_id`) VALUES (111,'BKRM');
INSERT INTO `IncludedAmenities` (`listing_id`,`amenity_id`) VALUES (112,'BKRM');
INSERT INTO `IncludedAmenities` (`listing_id`,`amenity_id`) VALUES (0,'C2C');
INSERT INTO `IncludedAmenities` (`listing_id`,`amenity_id`) VALUES (1,'C2C');
INSERT INTO `IncludedAmenities` (`listing_id`,`amenity_id`) VALUES (2,'C2C');
INSERT INTO `IncludedAmenities` (`listing_id`,`amenity_id`) VALUES (3,'C2C');
INSERT INTO `IncludedAmenities` (`listing_id`,`amenity_id`) VALUES (4,'C2C');
INSERT INTO `IncludedAmenities` (`listing_id`,`amenity_id`) VALUES (5,'C2C');
INSERT INTO `IncludedAmenities` (`listing_id`,`amenity_id`) VALUES (6,'C2C');
INSERT INTO `IncludedAmenities` (`listing_id`,`amenity_id`) VALUES (7,'C2C');
INSERT INTO `IncludedAmenities` (`listing_id`,`amenity_id`) VALUES (8,'C2C');
INSERT INTO `IncludedAmenities` (`listing_id`,`amenity_id`) VALUES (9,'C2C');
INSERT INTO `IncludedAmenities` (`listing_id`,`amenity_id`) VALUES (10,'C2C');
INSERT INTO `IncludedAmenities` (`listing_id`,`amenity_id`) VALUES (11,'C2C');
INSERT INTO `IncludedAmenities` (`listing_id`,`amenity_id`) VALUES (12,'C2C');
INSERT INTO `IncludedAmenities` (`listing_id`,`amenity_id`) VALUES (13,'C2C');
INSERT INTO `IncludedAmenities` (`listing_id`,`amenity_id`) VALUES (14,'C2C');
INSERT INTO `IncludedAmenities` (`listing_id`,`amenity_id`) VALUES (15,'C2C');
INSERT INTO `IncludedAmenities` (`listing_id`,`amenity_id`) VALUES (16,'C2C');
INSERT INTO `IncludedAmenities` (`listing_id`,`amenity_id`) VALUES (17,'C2C');
INSERT INTO `IncludedAmenities` (`listing_id`,`amenity_id`) VALUES (18,'C2C');
INSERT INTO `IncludedAmenities` (`listing_id`,`amenity_id`) VALUES (19,'C2C');
INSERT INTO `IncludedAmenities` (`listing_id`,`amenity_id`) VALUES (20,'C2C');
INSERT INTO `IncludedAmenities` (`listing_id`,`amenity_id`) VALUES (21,'C2C');
INSERT INTO `IncludedAmenities` (`listing_id`,`amenity_id`) VALUES (22,'C2C');
INSERT INTO `IncludedAmenities` (`listing_id`,`amenity_id`) VALUES (23,'C2C');
INSERT INTO `IncludedAmenities` (`listing_id`,`amenity_id`) VALUES (24,'C2C');
INSERT INTO `IncludedAmenities` (`listing_id`,`amenity_id`) VALUES (25,'C2C');
INSERT INTO `IncludedAmenities` (`listing_id`,`amenity_id`) VALUES (26,'C2C');
INSERT INTO `IncludedAmenities` (`listing_id`,`amenity_id`) VALUES (27,'C2C');
INSERT INTO `IncludedAmenities` (`listing_id`,`amenity_id`) VALUES (28,'C2C');
INSERT INTO `IncludedAmenities` (`listing_id`,`amenity_id`) VALUES (29,'C2C');
INSERT INTO `IncludedAmenities` (`listing_id`,`amenity_id`) VALUES (30,'C2C');
INSERT INTO `IncludedAmenities` (`listing_id`,`amenity_id`) VALUES (31,'C2C');
INSERT INTO `IncludedAmenities` (`listing_id`,`amenity_id`) VALUES (32,'C2C');
INSERT INTO `IncludedAmenities` (`listing_id`,`amenity_id`) VALUES (33,'C2C');
INSERT INTO `IncludedAmenities` (`listing_id`,`amenity_id`) VALUES (34,'C2C');
INSERT INTO `IncludedAmenities` (`listing_id`,`amenity_id`) VALUES (35,'C2C');
INSERT INTO `IncludedAmenities` (`listing_id`,`amenity_id`) VALUES (36,'C2C');
INSERT INTO `IncludedAmenities` (`listing_id`,`amenity_id`) VALUES (37,'C2C');
INSERT INTO `IncludedAmenities` (`listing_id`,`amenity_id`) VALUES (38,'C2C');
INSERT INTO `IncludedAmenities` (`listing_id`,`amenity_id`) VALUES (39,'C2C');
INSERT INTO `IncludedAmenities` (`listing_id`,`amenity_id`) VALUES (40,'C2C');
INSERT INTO `IncludedAmenities` (`listing_id`,`amenity_id`) VALUES (41,'C2C');
INSERT INTO `IncludedAmenities` (`listing_id`,`amenity_id`) VALUES (42,'C2C');
INSERT INTO `IncludedAmenities` (`listing_id`,`amenity_id`) VALUES (43,'C2C');
INSERT INTO `IncludedAmenities` (`listing_id`,`amenity_id`) VALUES (44,'C2C');
INSERT INTO `IncludedAmenities` (`listing_id`,`amenity_id`) VALUES (45,'C2C');
INSERT INTO `IncludedAmenities` (`listing_id`,`amenity_id`) VALUES (46,'C2C');
INSERT INTO `IncludedAmenities` (`listing_id`,`amenity_id`) VALUES (47,'C2C');
INSERT INTO `IncludedAmenities` (`listing_id`,`amenity_id`) VALUES (48,'C2C');
INSERT INTO `IncludedAmenities` (`listing_id`,`amenity_id`) VALUES (49,'C2C');
INSERT INTO `IncludedAmenities` (`listing_id`,`amenity_id`) VALUES (50,'C2C');
INSERT INTO `IncludedAmenities` (`listing_id`,`amenity_id`) VALUES (51,'C2C');
INSERT INTO `IncludedAmenities` (`listing_id`,`amenity_id`) VALUES (52,'C2C');
INSERT INTO `IncludedAmenities` (`listing_id`,`amenity_id`) VALUES (53,'C2C');
INSERT INTO `IncludedAmenities` (`listing_id`,`amenity_id`) VALUES (54,'C2C');
INSERT INTO `IncludedAmenities` (`listing_id`,`amenity_id`) VALUES (55,'C2C');
INSERT INTO `IncludedAmenities` (`listing_id`,`amenity_id`) VALUES (56,'C2C');
INSERT INTO `IncludedAmenities` (`listing_id`,`amenity_id`) VALUES (57,'C2C');
INSERT INTO `IncludedAmenities` (`listing_id`,`amenity_id`) VALUES (58,'C2C');
INSERT INTO `IncludedAmenities` (`listing_id`,`amenity_id`) VALUES (59,'C2C');
INSERT INTO `IncludedAmenities` (`listing_id`,`amenity_id`) VALUES (60,'C2C');
INSERT INTO `IncludedAmenities` (`listing_id`,`amenity_id`) VALUES (61,'C2C');
INSERT INTO `IncludedAmenities` (`listing_id`,`amenity_id`) VALUES (62,'C2C');
INSERT INTO `IncludedAmenities` (`listing_id`,`amenity_id`) VALUES (63,'C2C');
INSERT INTO `IncludedAmenities` (`listing_id`,`amenity_id`) VALUES (64,'C2C');
INSERT INTO `IncludedAmenities` (`listing_id`,`amenity_id`) VALUES (65,'C2C');
INSERT INTO `IncludedAmenities` (`listing_id`,`amenity_id`) VALUES (66,'C2C');
INSERT INTO `IncludedAmenities` (`listing_id`,`amenity_id`) VALUES (67,'C2C');
INSERT INTO `IncludedAmenities` (`listing_id`,`amenity_id`) VALUES (68,'C2C');
INSERT INTO `IncludedAmenities` (`listing_id`,`amenity_id`) VALUES (69,'C2C');
INSERT INTO `IncludedAmenities` (`listing_id`,`amenity_id`) VALUES (70,'C2C');
INSERT INTO `IncludedAmenities` (`listing_id`,`amenity_id`) VALUES (71,'C2C');
INSERT INTO `IncludedAmenities` (`listing_id`,`amenity_id`) VALUES (72,'C2C');
INSERT INTO `IncludedAmenities` (`listing_id`,`amenity_id`) VALUES (83,'C2C');
INSERT INTO `IncludedAmenities` (`listing_id`,`amenity_id`) VALUES (84,'C2C');
INSERT INTO `IncludedAmenities` (`listing_id`,`amenity_id`) VALUES (85,'C2C');
INSERT INTO `IncludedAmenities` (`listing_id`,`amenity_id`) VALUES (86,'C2C');
INSERT INTO `IncludedAmenities` (`listing_id`,`amenity_id`) VALUES (87,'C2C');
INSERT INTO `IncludedAmenities` (`listing_id`,`amenity_id`) VALUES (88,'C2C');
INSERT INTO `IncludedAmenities` (`listing_id`,`amenity_id`) VALUES (89,'C2C');
INSERT INTO `IncludedAmenities` (`listing_id`,`amenity_id`) VALUES (90,'C2C');
INSERT INTO `IncludedAmenities` (`listing_id`,`amenity_id`) VALUES (91,'C2C');
INSERT INTO `IncludedAmenities` (`listing_id`,`amenity_id`) VALUES (92,'C2C');
INSERT INTO `IncludedAmenities` (`listing_id`,`amenity_id`) VALUES (93,'C2C');
INSERT INTO `IncludedAmenities` (`listing_id`,`amenity_id`) VALUES (94,'C2C');
INSERT INTO `IncludedAmenities` (`listing_id`,`amenity_id`) VALUES (95,'C2C');
INSERT INTO `IncludedAmenities` (`listing_id`,`amenity_id`) VALUES (96,'C2C');
INSERT INTO `IncludedAmenities` (`listing_id`,`amenity_id`) VALUES (97,'C2C');
INSERT INTO `IncludedAmenities` (`listing_id`,`amenity_id`) VALUES (98,'C2C');
INSERT INTO `IncludedAmenities` (`listing_id`,`amenity_id`) VALUES (99,'C2C');
INSERT INTO `IncludedAmenities` (`listing_id`,`amenity_id`) VALUES (100,'C2C');
INSERT INTO `IncludedAmenities` (`listing_id`,`amenity_id`) VALUES (101,'C2C');
INSERT INTO `IncludedAmenities` (`listing_id`,`amenity_id`) VALUES (102,'C2C');
INSERT INTO `IncludedAmenities` (`listing_id`,`amenity_id`) VALUES (103,'C2C');
INSERT INTO `IncludedAmenities` (`listing_id`,`amenity_id`) VALUES (104,'C2C');
INSERT INTO `IncludedAmenities` (`listing_id`,`amenity_id`) VALUES (105,'C2C');
INSERT INTO `IncludedAmenities` (`listing_id`,`amenity_id`) VALUES (106,'C2C');
INSERT INTO `IncludedAmenities` (`listing_id`,`amenity_id`) VALUES (107,'C2C');
INSERT INTO `IncludedAmenities` (`listing_id`,`amenity_id`) VALUES (108,'C2C');
INSERT INTO `IncludedAmenities` (`listing_id`,`amenity_id`) VALUES (109,'C2C');
INSERT INTO `IncludedAmenities` (`listing_id`,`amenity_id`) VALUES (110,'C2C');
INSERT INTO `IncludedAmenities` (`listing_id`,`amenity_id`) VALUES (111,'C2C');
INSERT INTO `IncludedAmenities` (`listing_id`,`amenity_id`) VALUES (112,'C2C');
INSERT INTO `IncludedAmenities` (`listing_id`,`amenity_id`) VALUES (113,'C2C');
INSERT INTO `IncludedAmenities` (`listing_id`,`amenity_id`) VALUES (114,'C2C');
INSERT INTO `IncludedAmenities` (`listing_id`,`amenity_id`) VALUES (115,'C2C');
INSERT INTO `IncludedAmenities` (`listing_id`,`amenity_id`) VALUES (9,'CARD');
INSERT INTO `IncludedAmenities` (`listing_id`,`amenity_id`) VALUES (10,'CARD');
INSERT INTO `IncludedAmenities` (`listing_id`,`amenity_id`) VALUES (29,'CARD');
INSERT INTO `IncludedAmenities` (`listing_id`,`amenity_id`) VALUES (30,'CARD');
INSERT INTO `IncludedAmenities` (`listing_id`,`amenity_id`) VALUES (59,'CARD');
INSERT INTO `IncludedAmenities` (`listing_id`,`amenity_id`) VALUES (60,'CARD');
INSERT INTO `IncludedAmenities` (`listing_id`,`amenity_id`) VALUES (61,'CARD');
INSERT INTO `IncludedAmenities` (`listing_id`,`amenity_id`) VALUES (62,'CARD');
INSERT INTO `IncludedAmenities` (`listing_id`,`amenity_id`) VALUES (63,'CARD');
INSERT INTO `IncludedAmenities` (`listing_id`,`amenity_id`) VALUES (67,'CARD');
INSERT INTO `IncludedAmenities` (`listing_id`,`amenity_id`) VALUES (68,'CARD');
INSERT INTO `IncludedAmenities` (`listing_id`,`amenity_id`) VALUES (69,'CARD');
INSERT INTO `IncludedAmenities` (`listing_id`,`amenity_id`) VALUES (70,'CARD');
INSERT INTO `IncludedAmenities` (`listing_id`,`amenity_id`) VALUES (71,'CARD');
INSERT INTO `IncludedAmenities` (`listing_id`,`amenity_id`) VALUES (72,'CARD');
INSERT INTO `IncludedAmenities` (`listing_id`,`amenity_id`) VALUES (113,'CARD');
INSERT INTO `IncludedAmenities` (`listing_id`,`amenity_id`) VALUES (114,'CARD');
INSERT INTO `IncludedAmenities` (`listing_id`,`amenity_id`) VALUES (115,'CARD');
INSERT INTO `IncludedAmenities` (`listing_id`,`amenity_id`) VALUES (0,'CSS');
INSERT INTO `IncludedAmenities` (`listing_id`,`amenity_id`) VALUES (1,'CSS');
INSERT INTO `IncludedAmenities` (`listing_id`,`amenity_id`) VALUES (2,'CSS');
INSERT INTO `IncludedAmenities` (`listing_id`,`amenity_id`) VALUES (3,'CSS');
INSERT INTO `IncludedAmenities` (`listing_id`,`amenity_id`) VALUES (4,'CSS');
INSERT INTO `IncludedAmenities` (`listing_id`,`amenity_id`) VALUES (5,'CSS');
INSERT INTO `IncludedAmenities` (`listing_id`,`amenity_id`) VALUES (6,'CSS');
INSERT INTO `IncludedAmenities` (`listing_id`,`amenity_id`) VALUES (7,'CSS');
INSERT INTO `IncludedAmenities` (`listing_id`,`amenity_id`) VALUES (8,'CSS');
INSERT INTO `IncludedAmenities` (`listing_id`,`amenity_id`) VALUES (9,'CSS');
INSERT INTO `IncludedAmenities` (`listing_id`,`amenity_id`) VALUES (10,'CSS');
INSERT INTO `IncludedAmenities` (`listing_id`,`amenity_id`) VALUES (11,'CSS');
INSERT INTO `IncludedAmenities` (`listing_id`,`amenity_id`) VALUES (12,'CSS');
INSERT INTO `IncludedAmenities` (`listing_id`,`amenity_id`) VALUES (13,'CSS');
INSERT INTO `IncludedAmenities` (`listing_id`,`amenity_id`) VALUES (14,'CSS');
INSERT INTO `IncludedAmenities` (`listing_id`,`amenity_id`) VALUES (15,'CSS');
INSERT INTO `IncludedAmenities` (`listing_id`,`amenity_id`) VALUES (16,'CSS');
INSERT INTO `IncludedAmenities` (`listing_id`,`amenity_id`) VALUES (17,'CSS');
INSERT INTO `IncludedAmenities` (`listing_id`,`amenity_id`) VALUES (18,'CSS');
INSERT INTO `IncludedAmenities` (`listing_id`,`amenity_id`) VALUES (19,'CSS');
INSERT INTO `IncludedAmenities` (`listing_id`,`amenity_id`) VALUES (20,'CSS');
INSERT INTO `IncludedAmenities` (`listing_id`,`amenity_id`) VALUES (21,'CSS');
INSERT INTO `IncludedAmenities` (`listing_id`,`amenity_id`) VALUES (22,'CSS');
INSERT INTO `IncludedAmenities` (`listing_id`,`amenity_id`) VALUES (23,'CSS');
INSERT INTO `IncludedAmenities` (`listing_id`,`amenity_id`) VALUES (24,'CSS');
INSERT INTO `IncludedAmenities` (`listing_id`,`amenity_id`) VALUES (25,'CSS');
INSERT INTO `IncludedAmenities` (`listing_id`,`amenity_id`) VALUES (26,'CSS');
INSERT INTO `IncludedAmenities` (`listing_id`,`amenity_id`) VALUES (27,'CSS');
INSERT INTO `IncludedAmenities` (`listing_id`,`amenity_id`) VALUES (28,'CSS');
INSERT INTO `IncludedAmenities` (`listing_id`,`amenity_id`) VALUES (29,'CSS');
INSERT INTO `IncludedAmenities` (`listing_id`,`amenity_id`) VALUES (30,'CSS');
INSERT INTO `IncludedAmenities` (`listing_id`,`amenity_id`) VALUES (31,'CSS');
INSERT INTO `IncludedAmenities` (`listing_id`,`amenity_id`) VALUES (32,'CSS');
INSERT INTO `IncludedAmenities` (`listing_id`,`amenity_id`) VALUES (33,'CSS');
INSERT INTO `IncludedAmenities` (`listing_id`,`amenity_id`) VALUES (34,'CSS');
INSERT INTO `IncludedAmenities` (`listing_id`,`amenity_id`) VALUES (35,'CSS');
INSERT INTO `IncludedAmenities` (`listing_id`,`amenity_id`) VALUES (36,'CSS');
INSERT INTO `IncludedAmenities` (`listing_id`,`amenity_id`) VALUES (37,'CSS');
INSERT INTO `IncludedAmenities` (`listing_id`,`amenity_id`) VALUES (38,'CSS');
INSERT INTO `IncludedAmenities` (`listing_id`,`amenity_id`) VALUES (39,'CSS');
INSERT INTO `IncludedAmenities` (`listing_id`,`amenity_id`) VALUES (40,'CSS');
INSERT INTO `IncludedAmenities` (`listing_id`,`amenity_id`) VALUES (41,'CSS');
INSERT INTO `IncludedAmenities` (`listing_id`,`amenity_id`) VALUES (42,'CSS');
INSERT INTO `IncludedAmenities` (`listing_id`,`amenity_id`) VALUES (43,'CSS');
INSERT INTO `IncludedAmenities` (`listing_id`,`amenity_id`) VALUES (44,'CSS');
INSERT INTO `IncludedAmenities` (`listing_id`,`amenity_id`) VALUES (45,'CSS');
INSERT INTO `IncludedAmenities` (`listing_id`,`amenity_id`) VALUES (46,'CSS');
INSERT INTO `IncludedAmenities` (`listing_id`,`amenity_id`) VALUES (47,'CSS');
INSERT INTO `IncludedAmenities` (`listing_id`,`amenity_id`) VALUES (48,'CSS');
INSERT INTO `IncludedAmenities` (`listing_id`,`amenity_id`) VALUES (49,'CSS');
INSERT INTO `IncludedAmenities` (`listing_id`,`amenity_id`) VALUES (50,'CSS');
INSERT INTO `IncludedAmenities` (`listing_id`,`amenity_id`) VALUES (51,'CSS');
INSERT INTO `IncludedAmenities` (`listing_id`,`amenity_id`) VALUES (52,'CSS');
INSERT INTO `IncludedAmenities` (`listing_id`,`amenity_id`) VALUES (53,'CSS');
INSERT INTO `IncludedAmenities` (`listing_id`,`amenity_id`) VALUES (54,'CSS');
INSERT INTO `IncludedAmenities` (`listing_id`,`amenity_id`) VALUES (55,'CSS');
INSERT INTO `IncludedAmenities` (`listing_id`,`amenity_id`) VALUES (56,'CSS');
INSERT INTO `IncludedAmenities` (`listing_id`,`amenity_id`) VALUES (57,'CSS');
INSERT INTO `IncludedAmenities` (`listing_id`,`amenity_id`) VALUES (58,'CSS');
INSERT INTO `IncludedAmenities` (`listing_id`,`amenity_id`) VALUES (59,'CSS');
INSERT INTO `IncludedAmenities` (`listing_id`,`amenity_id`) VALUES (60,'CSS');
INSERT INTO `IncludedAmenities` (`listing_id`,`amenity_id`) VALUES (61,'CSS');
INSERT INTO `IncludedAmenities` (`listing_id`,`amenity_id`) VALUES (62,'CSS');
INSERT INTO `IncludedAmenities` (`listing_id`,`amenity_id`) VALUES (63,'CSS');
INSERT INTO `IncludedAmenities` (`listing_id`,`amenity_id`) VALUES (64,'CSS');
INSERT INTO `IncludedAmenities` (`listing_id`,`amenity_id`) VALUES (65,'CSS');
INSERT INTO `IncludedAmenities` (`listing_id`,`amenity_id`) VALUES (66,'CSS');
INSERT INTO `IncludedAmenities` (`listing_id`,`amenity_id`) VALUES (67,'CSS');
INSERT INTO `IncludedAmenities` (`listing_id`,`amenity_id`) VALUES (68,'CSS');
INSERT INTO `IncludedAmenities` (`listing_id`,`amenity_id`) VALUES (69,'CSS');
INSERT INTO `IncludedAmenities` (`listing_id`,`amenity_id`) VALUES (70,'CSS');
INSERT INTO `IncludedAmenities` (`listing_id`,`amenity_id`) VALUES (71,'CSS');
INSERT INTO `IncludedAmenities` (`listing_id`,`amenity_id`) VALUES (72,'CSS');
INSERT INTO `IncludedAmenities` (`listing_id`,`amenity_id`) VALUES (83,'CSS');
INSERT INTO `IncludedAmenities` (`listing_id`,`amenity_id`) VALUES (84,'CSS');
INSERT INTO `IncludedAmenities` (`listing_id`,`amenity_id`) VALUES (85,'CSS');
INSERT INTO `IncludedAmenities` (`listing_id`,`amenity_id`) VALUES (86,'CSS');
INSERT INTO `IncludedAmenities` (`listing_id`,`amenity_id`) VALUES (87,'CSS');
INSERT INTO `IncludedAmenities` (`listing_id`,`amenity_id`) VALUES (88,'CSS');
INSERT INTO `IncludedAmenities` (`listing_id`,`amenity_id`) VALUES (89,'CSS');
INSERT INTO `IncludedAmenities` (`listing_id`,`amenity_id`) VALUES (90,'CSS');
INSERT INTO `IncludedAmenities` (`listing_id`,`amenity_id`) VALUES (91,'CSS');
INSERT INTO `IncludedAmenities` (`listing_id`,`amenity_id`) VALUES (92,'CSS');
INSERT INTO `IncludedAmenities` (`listing_id`,`amenity_id`) VALUES (93,'CSS');
INSERT INTO `IncludedAmenities` (`listing_id`,`amenity_id`) VALUES (94,'CSS');
INSERT INTO `IncludedAmenities` (`listing_id`,`amenity_id`) VALUES (95,'CSS');
INSERT INTO `IncludedAmenities` (`listing_id`,`amenity_id`) VALUES (96,'CSS');
INSERT INTO `IncludedAmenities` (`listing_id`,`amenity_id`) VALUES (97,'CSS');
INSERT INTO `IncludedAmenities` (`listing_id`,`amenity_id`) VALUES (98,'CSS');
INSERT INTO `IncludedAmenities` (`listing_id`,`amenity_id`) VALUES (99,'CSS');
INSERT INTO `IncludedAmenities` (`listing_id`,`amenity_id`) VALUES (100,'CSS');
INSERT INTO `IncludedAmenities` (`listing_id`,`amenity_id`) VALUES (101,'CSS');
INSERT INTO `IncludedAmenities` (`listing_id`,`amenity_id`) VALUES (102,'CSS');
INSERT INTO `IncludedAmenities` (`listing_id`,`amenity_id`) VALUES (103,'CSS');
INSERT INTO `IncludedAmenities` (`listing_id`,`amenity_id`) VALUES (104,'CSS');
INSERT INTO `IncludedAmenities` (`listing_id`,`amenity_id`) VALUES (105,'CSS');
INSERT INTO `IncludedAmenities` (`listing_id`,`amenity_id`) VALUES (106,'CSS');
INSERT INTO `IncludedAmenities` (`listing_id`,`amenity_id`) VALUES (107,'CSS');
INSERT INTO `IncludedAmenities` (`listing_id`,`amenity_id`) VALUES (108,'CSS');
INSERT INTO `IncludedAmenities` (`listing_id`,`amenity_id`) VALUES (109,'CSS');
INSERT INTO `IncludedAmenities` (`listing_id`,`amenity_id`) VALUES (110,'CSS');
INSERT INTO `IncludedAmenities` (`listing_id`,`amenity_id`) VALUES (111,'CSS');
INSERT INTO `IncludedAmenities` (`listing_id`,`amenity_id`) VALUES (112,'CSS');
INSERT INTO `IncludedAmenities` (`listing_id`,`amenity_id`) VALUES (113,'CSS');
INSERT INTO `IncludedAmenities` (`listing_id`,`amenity_id`) VALUES (114,'CSS');
INSERT INTO `IncludedAmenities` (`listing_id`,`amenity_id`) VALUES (115,'CSS');
INSERT INTO `IncludedAmenities` (`listing_id`,`amenity_id`) VALUES (23,'CTYD');
INSERT INTO `IncludedAmenities` (`listing_id`,`amenity_id`) VALUES (24,'CTYD');
INSERT INTO `IncludedAmenities` (`listing_id`,`amenity_id`) VALUES (25,'CTYD');
INSERT INTO `IncludedAmenities` (`listing_id`,`amenity_id`) VALUES (26,'CTYD');
INSERT INTO `IncludedAmenities` (`listing_id`,`amenity_id`) VALUES (94,'CTYD');
INSERT INTO `IncludedAmenities` (`listing_id`,`amenity_id`) VALUES (95,'CTYD');
INSERT INTO `IncludedAmenities` (`listing_id`,`amenity_id`) VALUES (96,'CTYD');
INSERT INTO `IncludedAmenities` (`listing_id`,`amenity_id`) VALUES (97,'CTYD');
INSERT INTO `IncludedAmenities` (`listing_id`,`amenity_id`) VALUES (102,'CTYD');
INSERT INTO `IncludedAmenities` (`listing_id`,`amenity_id`) VALUES (103,'CTYD');
INSERT INTO `IncludedAmenities` (`listing_id`,`amenity_id`) VALUES (104,'CTYD');
INSERT INTO `IncludedAmenities` (`listing_id`,`amenity_id`) VALUES (105,'CTYD');
INSERT INTO `IncludedAmenities` (`listing_id`,`amenity_id`) VALUES (106,'CTYD');
INSERT INTO `IncludedAmenities` (`listing_id`,`amenity_id`) VALUES (107,'CTYD');
INSERT INTO `IncludedAmenities` (`listing_id`,`amenity_id`) VALUES (108,'CTYD');
INSERT INTO `IncludedAmenities` (`listing_id`,`amenity_id`) VALUES (109,'CTYD');
INSERT INTO `IncludedAmenities` (`listing_id`,`amenity_id`) VALUES (112,'CTYD');
INSERT INTO `IncludedAmenities` (`listing_id`,`amenity_id`) VALUES (116,'DIS');
INSERT INTO `IncludedAmenities` (`listing_id`,`amenity_id`) VALUES (117,'DIS');
INSERT INTO `IncludedAmenities` (`listing_id`,`amenity_id`) VALUES (118,'DIS');
INSERT INTO `IncludedAmenities` (`listing_id`,`amenity_id`) VALUES (119,'DIS');
INSERT INTO `IncludedAmenities` (`listing_id`,`amenity_id`) VALUES (124,'DIS');
INSERT INTO `IncludedAmenities` (`listing_id`,`amenity_id`) VALUES (125,'DIS');
INSERT INTO `IncludedAmenities` (`listing_id`,`amenity_id`) VALUES (126,'DIS');
INSERT INTO `IncludedAmenities` (`listing_id`,`amenity_id`) VALUES (127,'DIS');
INSERT INTO `IncludedAmenities` (`listing_id`,`amenity_id`) VALUES (128,'DIS');
INSERT INTO `IncludedAmenities` (`listing_id`,`amenity_id`) VALUES (129,'DIS');
INSERT INTO `IncludedAmenities` (`listing_id`,`amenity_id`) VALUES (130,'DIS');
INSERT INTO `IncludedAmenities` (`listing_id`,`amenity_id`) VALUES (131,'DIS');
INSERT INTO `IncludedAmenities` (`listing_id`,`amenity_id`) VALUES (132,'DIS');
INSERT INTO `IncludedAmenities` (`listing_id`,`amenity_id`) VALUES (133,'DIS');
INSERT INTO `IncludedAmenities` (`listing_id`,`amenity_id`) VALUES (134,'DIS');
INSERT INTO `IncludedAmenities` (`listing_id`,`amenity_id`) VALUES (135,'DIS');
INSERT INTO `IncludedAmenities` (`listing_id`,`amenity_id`) VALUES (136,'DIS');
INSERT INTO `IncludedAmenities` (`listing_id`,`amenity_id`) VALUES (137,'DIS');
INSERT INTO `IncludedAmenities` (`listing_id`,`amenity_id`) VALUES (138,'DIS');
INSERT INTO `IncludedAmenities` (`listing_id`,`amenity_id`) VALUES (139,'DIS');
INSERT INTO `IncludedAmenities` (`listing_id`,`amenity_id`) VALUES (140,'DIS');
INSERT INTO `IncludedAmenities` (`listing_id`,`amenity_id`) VALUES (141,'DIS');
INSERT INTO `IncludedAmenities` (`listing_id`,`amenity_id`) VALUES (142,'DIS');
INSERT INTO `IncludedAmenities` (`listing_id`,`amenity_id`) VALUES (143,'DIS');
INSERT INTO `IncludedAmenities` (`listing_id`,`amenity_id`) VALUES (144,'DIS');
INSERT INTO `IncludedAmenities` (`listing_id`,`amenity_id`) VALUES (145,'DIS');
INSERT INTO `IncludedAmenities` (`listing_id`,`amenity_id`) VALUES (146,'DIS');
INSERT INTO `IncludedAmenities` (`listing_id`,`amenity_id`) VALUES (147,'DIS');
INSERT INTO `IncludedAmenities` (`listing_id`,`amenity_id`) VALUES (148,'DIS');
INSERT INTO `IncludedAmenities` (`listing_id`,`amenity_id`) VALUES (149,'DIS');
INSERT INTO `IncludedAmenities` (`listing_id`,`amenity_id`) VALUES (150,'DIS');
INSERT INTO `IncludedAmenities` (`listing_id`,`amenity_id`) VALUES (151,'DIS');
INSERT INTO `IncludedAmenities` (`listing_id`,`amenity_id`) VALUES (152,'DIS');
INSERT INTO `IncludedAmenities` (`listing_id`,`amenity_id`) VALUES (153,'DIS');
INSERT INTO `IncludedAmenities` (`listing_id`,`amenity_id`) VALUES (154,'DIS');
INSERT INTO `IncludedAmenities` (`listing_id`,`amenity_id`) VALUES (155,'DIS');
INSERT INTO `IncludedAmenities` (`listing_id`,`amenity_id`) VALUES (156,'DIS');
INSERT INTO `IncludedAmenities` (`listing_id`,`amenity_id`) VALUES (157,'DIS');
INSERT INTO `IncludedAmenities` (`listing_id`,`amenity_id`) VALUES (158,'DIS');
INSERT INTO `IncludedAmenities` (`listing_id`,`amenity_id`) VALUES (159,'DIS');
INSERT INTO `IncludedAmenities` (`listing_id`,`amenity_id`) VALUES (160,'DIS');
INSERT INTO `IncludedAmenities` (`listing_id`,`amenity_id`) VALUES (161,'DIS');
INSERT INTO `IncludedAmenities` (`listing_id`,`amenity_id`) VALUES (162,'DIS');
INSERT INTO `IncludedAmenities` (`listing_id`,`amenity_id`) VALUES (163,'DIS');
INSERT INTO `IncludedAmenities` (`listing_id`,`amenity_id`) VALUES (164,'DIS');
INSERT INTO `IncludedAmenities` (`listing_id`,`amenity_id`) VALUES (165,'DIS');
INSERT INTO `IncludedAmenities` (`listing_id`,`amenity_id`) VALUES (166,'DIS');
INSERT INTO `IncludedAmenities` (`listing_id`,`amenity_id`) VALUES (167,'DIS');
INSERT INTO `IncludedAmenities` (`listing_id`,`amenity_id`) VALUES (168,'DIS');
INSERT INTO `IncludedAmenities` (`listing_id`,`amenity_id`) VALUES (169,'DIS');
INSERT INTO `IncludedAmenities` (`listing_id`,`amenity_id`) VALUES (170,'DIS');
INSERT INTO `IncludedAmenities` (`listing_id`,`amenity_id`) VALUES (171,'DIS');
INSERT INTO `IncludedAmenities` (`listing_id`,`amenity_id`) VALUES (172,'DIS');
INSERT INTO `IncludedAmenities` (`listing_id`,`amenity_id`) VALUES (173,'DIS');
INSERT INTO `IncludedAmenities` (`listing_id`,`amenity_id`) VALUES (174,'DIS');
INSERT INTO `IncludedAmenities` (`listing_id`,`amenity_id`) VALUES (175,'DIS');
INSERT INTO `IncludedAmenities` (`listing_id`,`amenity_id`) VALUES (176,'DIS');
INSERT INTO `IncludedAmenities` (`listing_id`,`amenity_id`) VALUES (177,'DIS');
INSERT INTO `IncludedAmenities` (`listing_id`,`amenity_id`) VALUES (116,'DOGS');
INSERT INTO `IncludedAmenities` (`listing_id`,`amenity_id`) VALUES (117,'DOGS');
INSERT INTO `IncludedAmenities` (`listing_id`,`amenity_id`) VALUES (118,'DOGS');
INSERT INTO `IncludedAmenities` (`listing_id`,`amenity_id`) VALUES (119,'DOGS');
INSERT INTO `IncludedAmenities` (`listing_id`,`amenity_id`) VALUES (120,'DOGS');
INSERT INTO `IncludedAmenities` (`listing_id`,`amenity_id`) VALUES (121,'DOGS');
INSERT INTO `IncludedAmenities` (`listing_id`,`amenity_id`) VALUES (122,'DOGS');
INSERT INTO `IncludedAmenities` (`listing_id`,`amenity_id`) VALUES (123,'DOGS');
INSERT INTO `IncludedAmenities` (`listing_id`,`amenity_id`) VALUES (124,'DOGS');
INSERT INTO `IncludedAmenities` (`listing_id`,`amenity_id`) VALUES (125,'DOGS');
INSERT INTO `IncludedAmenities` (`listing_id`,`amenity_id`) VALUES (126,'DOGS');
INSERT INTO `IncludedAmenities` (`listing_id`,`amenity_id`) VALUES (127,'DOGS');
INSERT INTO `IncludedAmenities` (`listing_id`,`amenity_id`) VALUES (128,'DOGS');
INSERT INTO `IncludedAmenities` (`listing_id`,`amenity_id`) VALUES (129,'DOGS');
INSERT INTO `IncludedAmenities` (`listing_id`,`amenity_id`) VALUES (130,'DOGS');
INSERT INTO `IncludedAmenities` (`listing_id`,`amenity_id`) VALUES (131,'DOGS');
INSERT INTO `IncludedAmenities` (`listing_id`,`amenity_id`) VALUES (134,'DOGS');
INSERT INTO `IncludedAmenities` (`listing_id`,`amenity_id`) VALUES (135,'DOGS');
INSERT INTO `IncludedAmenities` (`listing_id`,`amenity_id`) VALUES (136,'DOGS');
INSERT INTO `IncludedAmenities` (`listing_id`,`amenity_id`) VALUES (137,'DOGS');
INSERT INTO `IncludedAmenities` (`listing_id`,`amenity_id`) VALUES (138,'DOGS');
INSERT INTO `IncludedAmenities` (`listing_id`,`amenity_id`) VALUES (139,'DOGS');
INSERT INTO `IncludedAmenities` (`listing_id`,`amenity_id`) VALUES (140,'DOGS');
INSERT INTO `IncludedAmenities` (`listing_id`,`amenity_id`) VALUES (141,'DOGS');
INSERT INTO `IncludedAmenities` (`listing_id`,`amenity_id`) VALUES (142,'DOGS');
INSERT INTO `IncludedAmenities` (`listing_id`,`amenity_id`) VALUES (143,'DOGS');
INSERT INTO `IncludedAmenities` (`listing_id`,`amenity_id`) VALUES (144,'DOGS');
INSERT INTO `IncludedAmenities` (`listing_id`,`amenity_id`) VALUES (145,'DOGS');
INSERT INTO `IncludedAmenities` (`listing_id`,`amenity_id`) VALUES (146,'DOGS');
INSERT INTO `IncludedAmenities` (`listing_id`,`amenity_id`) VALUES (147,'DOGS');
INSERT INTO `IncludedAmenities` (`listing_id`,`amenity_id`) VALUES (148,'DOGS');
INSERT INTO `IncludedAmenities` (`listing_id`,`amenity_id`) VALUES (149,'DOGS');
INSERT INTO `IncludedAmenities` (`listing_id`,`amenity_id`) VALUES (150,'DOGS');
INSERT INTO `IncludedAmenities` (`listing_id`,`amenity_id`) VALUES (151,'DOGS');
INSERT INTO `IncludedAmenities` (`listing_id`,`amenity_id`) VALUES (154,'DOGS');
INSERT INTO `IncludedAmenities` (`listing_id`,`amenity_id`) VALUES (155,'DOGS');
INSERT INTO `IncludedAmenities` (`listing_id`,`amenity_id`) VALUES (156,'DOGS');
INSERT INTO `IncludedAmenities` (`listing_id`,`amenity_id`) VALUES (157,'DOGS');
INSERT INTO `IncludedAmenities` (`listing_id`,`amenity_id`) VALUES (158,'DOGS');
INSERT INTO `IncludedAmenities` (`listing_id`,`amenity_id`) VALUES (159,'DOGS');
INSERT INTO `IncludedAmenities` (`listing_id`,`amenity_id`) VALUES (160,'DOGS');
INSERT INTO `IncludedAmenities` (`listing_id`,`amenity_id`) VALUES (161,'DOGS');
INSERT INTO `IncludedAmenities` (`listing_id`,`amenity_id`) VALUES (162,'DOGS');
INSERT INTO `IncludedAmenities` (`listing_id`,`amenity_id`) VALUES (163,'DOGS');
INSERT INTO `IncludedAmenities` (`listing_id`,`amenity_id`) VALUES (164,'DOGS');
INSERT INTO `IncludedAmenities` (`listing_id`,`amenity_id`) VALUES (165,'DOGS');
INSERT INTO `IncludedAmenities` (`listing_id`,`amenity_id`) VALUES (168,'DOGS');
INSERT INTO `IncludedAmenities` (`listing_id`,`amenity_id`) VALUES (169,'DOGS');
INSERT INTO `IncludedAmenities` (`listing_id`,`amenity_id`) VALUES (170,'DOGS');
INSERT INTO `IncludedAmenities` (`listing_id`,`amenity_id`) VALUES (171,'DOGS');
INSERT INTO `IncludedAmenities` (`listing_id`,`amenity_id`) VALUES (172,'DOGS');
INSERT INTO `IncludedAmenities` (`listing_id`,`amenity_id`) VALUES (173,'DOGS');
INSERT INTO `IncludedAmenities` (`listing_id`,`amenity_id`) VALUES (174,'DOGS');
INSERT INTO `IncludedAmenities` (`listing_id`,`amenity_id`) VALUES (175,'DOGS');
INSERT INTO `IncludedAmenities` (`listing_id`,`amenity_id`) VALUES (176,'DOGS');
INSERT INTO `IncludedAmenities` (`listing_id`,`amenity_id`) VALUES (177,'DOGS');
INSERT INTO `IncludedAmenities` (`listing_id`,`amenity_id`) VALUES (23,'EVTR');
INSERT INTO `IncludedAmenities` (`listing_id`,`amenity_id`) VALUES (24,'EVTR');
INSERT INTO `IncludedAmenities` (`listing_id`,`amenity_id`) VALUES (25,'EVTR');
INSERT INTO `IncludedAmenities` (`listing_id`,`amenity_id`) VALUES (26,'EVTR');
INSERT INTO `IncludedAmenities` (`listing_id`,`amenity_id`) VALUES (98,'EVTR');
INSERT INTO `IncludedAmenities` (`listing_id`,`amenity_id`) VALUES (99,'EVTR');
INSERT INTO `IncludedAmenities` (`listing_id`,`amenity_id`) VALUES (105,'EVTR');
INSERT INTO `IncludedAmenities` (`listing_id`,`amenity_id`) VALUES (106,'EVTR');
INSERT INTO `IncludedAmenities` (`listing_id`,`amenity_id`) VALUES (107,'EVTR');
INSERT INTO `IncludedAmenities` (`listing_id`,`amenity_id`) VALUES (108,'EVTR');
INSERT INTO `IncludedAmenities` (`listing_id`,`amenity_id`) VALUES (109,'EVTR');
INSERT INTO `IncludedAmenities` (`listing_id`,`amenity_id`) VALUES (110,'EVTR');
INSERT INTO `IncludedAmenities` (`listing_id`,`amenity_id`) VALUES (111,'EVTR');
INSERT INTO `IncludedAmenities` (`listing_id`,`amenity_id`) VALUES (112,'EVTR');
INSERT INTO `IncludedAmenities` (`listing_id`,`amenity_id`) VALUES (98,'FGS');
INSERT INTO `IncludedAmenities` (`listing_id`,`amenity_id`) VALUES (99,'FGS');
INSERT INTO `IncludedAmenities` (`listing_id`,`amenity_id`) VALUES (120,'FITC');
INSERT INTO `IncludedAmenities` (`listing_id`,`amenity_id`) VALUES (121,'FITC');
INSERT INTO `IncludedAmenities` (`listing_id`,`amenity_id`) VALUES (122,'FITC');
INSERT INTO `IncludedAmenities` (`listing_id`,`amenity_id`) VALUES (123,'FITC');
INSERT INTO `IncludedAmenities` (`listing_id`,`amenity_id`) VALUES (130,'FITC');
INSERT INTO `IncludedAmenities` (`listing_id`,`amenity_id`) VALUES (131,'FITC');
INSERT INTO `IncludedAmenities` (`listing_id`,`amenity_id`) VALUES (132,'FITC');
INSERT INTO `IncludedAmenities` (`listing_id`,`amenity_id`) VALUES (133,'FITC');
INSERT INTO `IncludedAmenities` (`listing_id`,`amenity_id`) VALUES (152,'FITC');
INSERT INTO `IncludedAmenities` (`listing_id`,`amenity_id`) VALUES (153,'FITC');
INSERT INTO `IncludedAmenities` (`listing_id`,`amenity_id`) VALUES (23,'HFC');
INSERT INTO `IncludedAmenities` (`listing_id`,`amenity_id`) VALUES (24,'HFC');
INSERT INTO `IncludedAmenities` (`listing_id`,`amenity_id`) VALUES (25,'HFC');
INSERT INTO `IncludedAmenities` (`listing_id`,`amenity_id`) VALUES (26,'HFC');
INSERT INTO `IncludedAmenities` (`listing_id`,`amenity_id`) VALUES (94,'HWFL');
INSERT INTO `IncludedAmenities` (`listing_id`,`amenity_id`) VALUES (95,'HWFL');
INSERT INTO `IncludedAmenities` (`listing_id`,`amenity_id`) VALUES (96,'HWFL');
INSERT INTO `IncludedAmenities` (`listing_id`,`amenity_id`) VALUES (97,'HWFL');
INSERT INTO `IncludedAmenities` (`listing_id`,`amenity_id`) VALUES (98,'HWFL');
INSERT INTO `IncludedAmenities` (`listing_id`,`amenity_id`) VALUES (99,'HWFL');
INSERT INTO `IncludedAmenities` (`listing_id`,`amenity_id`) VALUES (102,'HWFL');
INSERT INTO `IncludedAmenities` (`listing_id`,`amenity_id`) VALUES (103,'HWFL');
INSERT INTO `IncludedAmenities` (`listing_id`,`amenity_id`) VALUES (104,'HWFL');
INSERT INTO `IncludedAmenities` (`listing_id`,`amenity_id`) VALUES (105,'HWFL');
INSERT INTO `IncludedAmenities` (`listing_id`,`amenity_id`) VALUES (106,'HWFL');
INSERT INTO `IncludedAmenities` (`listing_id`,`amenity_id`) VALUES (107,'HWFL');
INSERT INTO `IncludedAmenities` (`listing_id`,`amenity_id`) VALUES (108,'HWFL');
INSERT INTO `IncludedAmenities` (`listing_id`,`amenity_id`) VALUES (109,'HWFL');
INSERT INTO `IncludedAmenities` (`listing_id`,`amenity_id`) VALUES (110,'HWFL');
INSERT INTO `IncludedAmenities` (`listing_id`,`amenity_id`) VALUES (111,'HWFL');
INSERT INTO `IncludedAmenities` (`listing_id`,`amenity_id`) VALUES (112,'HWFL');
INSERT INTO `IncludedAmenities` (`listing_id`,`amenity_id`) VALUES (73,'OFSP');
INSERT INTO `IncludedAmenities` (`listing_id`,`amenity_id`) VALUES (74,'OFSP');
INSERT INTO `IncludedAmenities` (`listing_id`,`amenity_id`) VALUES (75,'OFSP');
INSERT INTO `IncludedAmenities` (`listing_id`,`amenity_id`) VALUES (76,'OFSP');
INSERT INTO `IncludedAmenities` (`listing_id`,`amenity_id`) VALUES (77,'OFSP');
INSERT INTO `IncludedAmenities` (`listing_id`,`amenity_id`) VALUES (78,'OFSP');
INSERT INTO `IncludedAmenities` (`listing_id`,`amenity_id`) VALUES (79,'OFSP');
INSERT INTO `IncludedAmenities` (`listing_id`,`amenity_id`) VALUES (80,'OFSP');
INSERT INTO `IncludedAmenities` (`listing_id`,`amenity_id`) VALUES (81,'OFSP');
INSERT INTO `IncludedAmenities` (`listing_id`,`amenity_id`) VALUES (82,'OFSP');
INSERT INTO `IncludedAmenities` (`listing_id`,`amenity_id`) VALUES (120,'OFSP');
INSERT INTO `IncludedAmenities` (`listing_id`,`amenity_id`) VALUES (121,'OFSP');
INSERT INTO `IncludedAmenities` (`listing_id`,`amenity_id`) VALUES (122,'OFSP');
INSERT INTO `IncludedAmenities` (`listing_id`,`amenity_id`) VALUES (123,'OFSP');
INSERT INTO `IncludedAmenities` (`listing_id`,`amenity_id`) VALUES (132,'OFSP');
INSERT INTO `IncludedAmenities` (`listing_id`,`amenity_id`) VALUES (133,'OFSP');
INSERT INTO `IncludedAmenities` (`listing_id`,`amenity_id`) VALUES (152,'OFSP');
INSERT INTO `IncludedAmenities` (`listing_id`,`amenity_id`) VALUES (153,'OFSP');
INSERT INTO `IncludedAmenities` (`listing_id`,`amenity_id`) VALUES (156,'OFSP');
INSERT INTO `IncludedAmenities` (`listing_id`,`amenity_id`) VALUES (157,'OFSP');
INSERT INTO `IncludedAmenities` (`listing_id`,`amenity_id`) VALUES (166,'OFSP');
INSERT INTO `IncludedAmenities` (`listing_id`,`amenity_id`) VALUES (167,'OFSP');
INSERT INTO `IncludedAmenities` (`listing_id`,`amenity_id`) VALUES (170,'OFSP');
INSERT INTO `IncludedAmenities` (`listing_id`,`amenity_id`) VALUES (171,'OFSP');
INSERT INTO `IncludedAmenities` (`listing_id`,`amenity_id`) VALUES (0,'OL');
INSERT INTO `IncludedAmenities` (`listing_id`,`amenity_id`) VALUES (1,'OL');
INSERT INTO `IncludedAmenities` (`listing_id`,`amenity_id`) VALUES (2,'OL');
INSERT INTO `IncludedAmenities` (`listing_id`,`amenity_id`) VALUES (3,'OL');
INSERT INTO `IncludedAmenities` (`listing_id`,`amenity_id`) VALUES (4,'OL');
INSERT INTO `IncludedAmenities` (`listing_id`,`amenity_id`) VALUES (5,'OL');
INSERT INTO `IncludedAmenities` (`listing_id`,`amenity_id`) VALUES (6,'OL');
INSERT INTO `IncludedAmenities` (`listing_id`,`amenity_id`) VALUES (7,'OL');
INSERT INTO `IncludedAmenities` (`listing_id`,`amenity_id`) VALUES (8,'OL');
INSERT INTO `IncludedAmenities` (`listing_id`,`amenity_id`) VALUES (9,'OL');
INSERT INTO `IncludedAmenities` (`listing_id`,`amenity_id`) VALUES (10,'OL');
INSERT INTO `IncludedAmenities` (`listing_id`,`amenity_id`) VALUES (11,'OL');
INSERT INTO `IncludedAmenities` (`listing_id`,`amenity_id`) VALUES (12,'OL');
INSERT INTO `IncludedAmenities` (`listing_id`,`amenity_id`) VALUES (13,'OL');
INSERT INTO `IncludedAmenities` (`listing_id`,`amenity_id`) VALUES (14,'OL');
INSERT INTO `IncludedAmenities` (`listing_id`,`amenity_id`) VALUES (15,'OL');
INSERT INTO `IncludedAmenities` (`listing_id`,`amenity_id`) VALUES (16,'OL');
INSERT INTO `IncludedAmenities` (`listing_id`,`amenity_id`) VALUES (17,'OL');
INSERT INTO `IncludedAmenities` (`listing_id`,`amenity_id`) VALUES (18,'OL');
INSERT INTO `IncludedAmenities` (`listing_id`,`amenity_id`) VALUES (19,'OL');
INSERT INTO `IncludedAmenities` (`listing_id`,`amenity_id`) VALUES (20,'OL');
INSERT INTO `IncludedAmenities` (`listing_id`,`amenity_id`) VALUES (21,'OL');
INSERT INTO `IncludedAmenities` (`listing_id`,`amenity_id`) VALUES (22,'OL');
INSERT INTO `IncludedAmenities` (`listing_id`,`amenity_id`) VALUES (23,'OL');
INSERT INTO `IncludedAmenities` (`listing_id`,`amenity_id`) VALUES (24,'OL');
INSERT INTO `IncludedAmenities` (`listing_id`,`amenity_id`) VALUES (25,'OL');
INSERT INTO `IncludedAmenities` (`listing_id`,`amenity_id`) VALUES (26,'OL');
INSERT INTO `IncludedAmenities` (`listing_id`,`amenity_id`) VALUES (27,'OL');
INSERT INTO `IncludedAmenities` (`listing_id`,`amenity_id`) VALUES (28,'OL');
INSERT INTO `IncludedAmenities` (`listing_id`,`amenity_id`) VALUES (29,'OL');
INSERT INTO `IncludedAmenities` (`listing_id`,`amenity_id`) VALUES (30,'OL');
INSERT INTO `IncludedAmenities` (`listing_id`,`amenity_id`) VALUES (31,'OL');
INSERT INTO `IncludedAmenities` (`listing_id`,`amenity_id`) VALUES (32,'OL');
INSERT INTO `IncludedAmenities` (`listing_id`,`amenity_id`) VALUES (33,'OL');
INSERT INTO `IncludedAmenities` (`listing_id`,`amenity_id`) VALUES (34,'OL');
INSERT INTO `IncludedAmenities` (`listing_id`,`amenity_id`) VALUES (35,'OL');
INSERT INTO `IncludedAmenities` (`listing_id`,`amenity_id`) VALUES (36,'OL');
INSERT INTO `IncludedAmenities` (`listing_id`,`amenity_id`) VALUES (37,'OL');
INSERT INTO `IncludedAmenities` (`listing_id`,`amenity_id`) VALUES (38,'OL');
INSERT INTO `IncludedAmenities` (`listing_id`,`amenity_id`) VALUES (39,'OL');
INSERT INTO `IncludedAmenities` (`listing_id`,`amenity_id`) VALUES (40,'OL');
INSERT INTO `IncludedAmenities` (`listing_id`,`amenity_id`) VALUES (41,'OL');
INSERT INTO `IncludedAmenities` (`listing_id`,`amenity_id`) VALUES (42,'OL');
INSERT INTO `IncludedAmenities` (`listing_id`,`amenity_id`) VALUES (43,'OL');
INSERT INTO `IncludedAmenities` (`listing_id`,`amenity_id`) VALUES (44,'OL');
INSERT INTO `IncludedAmenities` (`listing_id`,`amenity_id`) VALUES (45,'OL');
INSERT INTO `IncludedAmenities` (`listing_id`,`amenity_id`) VALUES (46,'OL');
INSERT INTO `IncludedAmenities` (`listing_id`,`amenity_id`) VALUES (47,'OL');
INSERT INTO `IncludedAmenities` (`listing_id`,`amenity_id`) VALUES (48,'OL');
INSERT INTO `IncludedAmenities` (`listing_id`,`amenity_id`) VALUES (49,'OL');
INSERT INTO `IncludedAmenities` (`listing_id`,`amenity_id`) VALUES (50,'OL');
INSERT INTO `IncludedAmenities` (`listing_id`,`amenity_id`) VALUES (51,'OL');
INSERT INTO `IncludedAmenities` (`listing_id`,`amenity_id`) VALUES (52,'OL');
INSERT INTO `IncludedAmenities` (`listing_id`,`amenity_id`) VALUES (53,'OL');
INSERT INTO `IncludedAmenities` (`listing_id`,`amenity_id`) VALUES (54,'OL');
INSERT INTO `IncludedAmenities` (`listing_id`,`amenity_id`) VALUES (55,'OL');
INSERT INTO `IncludedAmenities` (`listing_id`,`amenity_id`) VALUES (56,'OL');
INSERT INTO `IncludedAmenities` (`listing_id`,`amenity_id`) VALUES (57,'OL');
INSERT INTO `IncludedAmenities` (`listing_id`,`amenity_id`) VALUES (58,'OL');
INSERT INTO `IncludedAmenities` (`listing_id`,`amenity_id`) VALUES (59,'OL');
INSERT INTO `IncludedAmenities` (`listing_id`,`amenity_id`) VALUES (60,'OL');
INSERT INTO `IncludedAmenities` (`listing_id`,`amenity_id`) VALUES (61,'OL');
INSERT INTO `IncludedAmenities` (`listing_id`,`amenity_id`) VALUES (62,'OL');
INSERT INTO `IncludedAmenities` (`listing_id`,`amenity_id`) VALUES (63,'OL');
INSERT INTO `IncludedAmenities` (`listing_id`,`amenity_id`) VALUES (64,'OL');
INSERT INTO `IncludedAmenities` (`listing_id`,`amenity_id`) VALUES (65,'OL');
INSERT INTO `IncludedAmenities` (`listing_id`,`amenity_id`) VALUES (66,'OL');
INSERT INTO `IncludedAmenities` (`listing_id`,`amenity_id`) VALUES (67,'OL');
INSERT INTO `IncludedAmenities` (`listing_id`,`amenity_id`) VALUES (68,'OL');
INSERT INTO `IncludedAmenities` (`listing_id`,`amenity_id`) VALUES (69,'OL');
INSERT INTO `IncludedAmenities` (`listing_id`,`amenity_id`) VALUES (70,'OL');
INSERT INTO `IncludedAmenities` (`listing_id`,`amenity_id`) VALUES (71,'OL');
INSERT INTO `IncludedAmenities` (`listing_id`,`amenity_id`) VALUES (72,'OL');
INSERT INTO `IncludedAmenities` (`listing_id`,`amenity_id`) VALUES (73,'OL');
INSERT INTO `IncludedAmenities` (`listing_id`,`amenity_id`) VALUES (74,'OL');
INSERT INTO `IncludedAmenities` (`listing_id`,`amenity_id`) VALUES (75,'OL');
INSERT INTO `IncludedAmenities` (`listing_id`,`amenity_id`) VALUES (76,'OL');
INSERT INTO `IncludedAmenities` (`listing_id`,`amenity_id`) VALUES (77,'OL');
INSERT INTO `IncludedAmenities` (`listing_id`,`amenity_id`) VALUES (78,'OL');
INSERT INTO `IncludedAmenities` (`listing_id`,`amenity_id`) VALUES (79,'OL');
INSERT INTO `IncludedAmenities` (`listing_id`,`amenity_id`) VALUES (80,'OL');
INSERT INTO `IncludedAmenities` (`listing_id`,`amenity_id`) VALUES (81,'OL');
INSERT INTO `IncludedAmenities` (`listing_id`,`amenity_id`) VALUES (82,'OL');
INSERT INTO `IncludedAmenities` (`listing_id`,`amenity_id`) VALUES (83,'OL');
INSERT INTO `IncludedAmenities` (`listing_id`,`amenity_id`) VALUES (84,'OL');
INSERT INTO `IncludedAmenities` (`listing_id`,`amenity_id`) VALUES (85,'OL');
INSERT INTO `IncludedAmenities` (`listing_id`,`amenity_id`) VALUES (86,'OL');
INSERT INTO `IncludedAmenities` (`listing_id`,`amenity_id`) VALUES (87,'OL');
INSERT INTO `IncludedAmenities` (`listing_id`,`amenity_id`) VALUES (88,'OL');
INSERT INTO `IncludedAmenities` (`listing_id`,`amenity_id`) VALUES (89,'OL');
INSERT INTO `IncludedAmenities` (`listing_id`,`amenity_id`) VALUES (90,'OL');
INSERT INTO `IncludedAmenities` (`listing_id`,`amenity_id`) VALUES (91,'OL');
INSERT INTO `IncludedAmenities` (`listing_id`,`amenity_id`) VALUES (92,'OL');
INSERT INTO `IncludedAmenities` (`listing_id`,`amenity_id`) VALUES (93,'OL');
INSERT INTO `IncludedAmenities` (`listing_id`,`amenity_id`) VALUES (94,'OL');
INSERT INTO `IncludedAmenities` (`listing_id`,`amenity_id`) VALUES (95,'OL');
INSERT INTO `IncludedAmenities` (`listing_id`,`amenity_id`) VALUES (96,'OL');
INSERT INTO `IncludedAmenities` (`listing_id`,`amenity_id`) VALUES (97,'OL');
INSERT INTO `IncludedAmenities` (`listing_id`,`amenity_id`) VALUES (98,'OL');
INSERT INTO `IncludedAmenities` (`listing_id`,`amenity_id`) VALUES (99,'OL');
INSERT INTO `IncludedAmenities` (`listing_id`,`amenity_id`) VALUES (100,'OL');
INSERT INTO `IncludedAmenities` (`listing_id`,`amenity_id`) VALUES (101,'OL');
INSERT INTO `IncludedAmenities` (`listing_id`,`amenity_id`) VALUES (102,'OL');
INSERT INTO `IncludedAmenities` (`listing_id`,`amenity_id`) VALUES (103,'OL');
INSERT INTO `IncludedAmenities` (`listing_id`,`amenity_id`) VALUES (113,'OL');
INSERT INTO `IncludedAmenities` (`listing_id`,`amenity_id`) VALUES (114,'OL');
INSERT INTO `IncludedAmenities` (`listing_id`,`amenity_id`) VALUES (115,'OL');
INSERT INTO `IncludedAmenities` (`listing_id`,`amenity_id`) VALUES (0,'OPA');
INSERT INTO `IncludedAmenities` (`listing_id`,`amenity_id`) VALUES (1,'OPA');
INSERT INTO `IncludedAmenities` (`listing_id`,`amenity_id`) VALUES (2,'OPA');
INSERT INTO `IncludedAmenities` (`listing_id`,`amenity_id`) VALUES (3,'OPA');
INSERT INTO `IncludedAmenities` (`listing_id`,`amenity_id`) VALUES (4,'OPA');
INSERT INTO `IncludedAmenities` (`listing_id`,`amenity_id`) VALUES (5,'OPA');
INSERT INTO `IncludedAmenities` (`listing_id`,`amenity_id`) VALUES (6,'OPA');
INSERT INTO `IncludedAmenities` (`listing_id`,`amenity_id`) VALUES (7,'OPA');
INSERT INTO `IncludedAmenities` (`listing_id`,`amenity_id`) VALUES (8,'OPA');
INSERT INTO `IncludedAmenities` (`listing_id`,`amenity_id`) VALUES (9,'OPA');
INSERT INTO `IncludedAmenities` (`listing_id`,`amenity_id`) VALUES (10,'OPA');
INSERT INTO `IncludedAmenities` (`listing_id`,`amenity_id`) VALUES (11,'OPA');
INSERT INTO `IncludedAmenities` (`listing_id`,`amenity_id`) VALUES (12,'OPA');
INSERT INTO `IncludedAmenities` (`listing_id`,`amenity_id`) VALUES (13,'OPA');
INSERT INTO `IncludedAmenities` (`listing_id`,`amenity_id`) VALUES (14,'OPA');
INSERT INTO `IncludedAmenities` (`listing_id`,`amenity_id`) VALUES (15,'OPA');
INSERT INTO `IncludedAmenities` (`listing_id`,`amenity_id`) VALUES (16,'OPA');
INSERT INTO `IncludedAmenities` (`listing_id`,`amenity_id`) VALUES (17,'OPA');
INSERT INTO `IncludedAmenities` (`listing_id`,`amenity_id`) VALUES (18,'OPA');
INSERT INTO `IncludedAmenities` (`listing_id`,`amenity_id`) VALUES (19,'OPA');
INSERT INTO `IncludedAmenities` (`listing_id`,`amenity_id`) VALUES (20,'OPA');
INSERT INTO `IncludedAmenities` (`listing_id`,`amenity_id`) VALUES (21,'OPA');
INSERT INTO `IncludedAmenities` (`listing_id`,`amenity_id`) VALUES (22,'OPA');
INSERT INTO `IncludedAmenities` (`listing_id`,`amenity_id`) VALUES (23,'OPA');
INSERT INTO `IncludedAmenities` (`listing_id`,`amenity_id`) VALUES (24,'OPA');
INSERT INTO `IncludedAmenities` (`listing_id`,`amenity_id`) VALUES (25,'OPA');
INSERT INTO `IncludedAmenities` (`listing_id`,`amenity_id`) VALUES (26,'OPA');
INSERT INTO `IncludedAmenities` (`listing_id`,`amenity_id`) VALUES (27,'OPA');
INSERT INTO `IncludedAmenities` (`listing_id`,`amenity_id`) VALUES (28,'OPA');
INSERT INTO `IncludedAmenities` (`listing_id`,`amenity_id`) VALUES (29,'OPA');
INSERT INTO `IncludedAmenities` (`listing_id`,`amenity_id`) VALUES (30,'OPA');
INSERT INTO `IncludedAmenities` (`listing_id`,`amenity_id`) VALUES (31,'OPA');
INSERT INTO `IncludedAmenities` (`listing_id`,`amenity_id`) VALUES (32,'OPA');
INSERT INTO `IncludedAmenities` (`listing_id`,`amenity_id`) VALUES (33,'OPA');
INSERT INTO `IncludedAmenities` (`listing_id`,`amenity_id`) VALUES (34,'OPA');
INSERT INTO `IncludedAmenities` (`listing_id`,`amenity_id`) VALUES (35,'OPA');
INSERT INTO `IncludedAmenities` (`listing_id`,`amenity_id`) VALUES (36,'OPA');
INSERT INTO `IncludedAmenities` (`listing_id`,`amenity_id`) VALUES (37,'OPA');
INSERT INTO `IncludedAmenities` (`listing_id`,`amenity_id`) VALUES (38,'OPA');
INSERT INTO `IncludedAmenities` (`listing_id`,`amenity_id`) VALUES (39,'OPA');
INSERT INTO `IncludedAmenities` (`listing_id`,`amenity_id`) VALUES (40,'OPA');
INSERT INTO `IncludedAmenities` (`listing_id`,`amenity_id`) VALUES (41,'OPA');
INSERT INTO `IncludedAmenities` (`listing_id`,`amenity_id`) VALUES (42,'OPA');
INSERT INTO `IncludedAmenities` (`listing_id`,`amenity_id`) VALUES (43,'OPA');
INSERT INTO `IncludedAmenities` (`listing_id`,`amenity_id`) VALUES (44,'OPA');
INSERT INTO `IncludedAmenities` (`listing_id`,`amenity_id`) VALUES (45,'OPA');
INSERT INTO `IncludedAmenities` (`listing_id`,`amenity_id`) VALUES (46,'OPA');
INSERT INTO `IncludedAmenities` (`listing_id`,`amenity_id`) VALUES (47,'OPA');
INSERT INTO `IncludedAmenities` (`listing_id`,`amenity_id`) VALUES (48,'OPA');
INSERT INTO `IncludedAmenities` (`listing_id`,`amenity_id`) VALUES (49,'OPA');
INSERT INTO `IncludedAmenities` (`listing_id`,`amenity_id`) VALUES (50,'OPA');
INSERT INTO `IncludedAmenities` (`listing_id`,`amenity_id`) VALUES (51,'OPA');
INSERT INTO `IncludedAmenities` (`listing_id`,`amenity_id`) VALUES (52,'OPA');
INSERT INTO `IncludedAmenities` (`listing_id`,`amenity_id`) VALUES (53,'OPA');
INSERT INTO `IncludedAmenities` (`listing_id`,`amenity_id`) VALUES (54,'OPA');
INSERT INTO `IncludedAmenities` (`listing_id`,`amenity_id`) VALUES (55,'OPA');
INSERT INTO `IncludedAmenities` (`listing_id`,`amenity_id`) VALUES (56,'OPA');
INSERT INTO `IncludedAmenities` (`listing_id`,`amenity_id`) VALUES (57,'OPA');
INSERT INTO `IncludedAmenities` (`listing_id`,`amenity_id`) VALUES (58,'OPA');
INSERT INTO `IncludedAmenities` (`listing_id`,`amenity_id`) VALUES (59,'OPA');
INSERT INTO `IncludedAmenities` (`listing_id`,`amenity_id`) VALUES (60,'OPA');
INSERT INTO `IncludedAmenities` (`listing_id`,`amenity_id`) VALUES (61,'OPA');
INSERT INTO `IncludedAmenities` (`listing_id`,`amenity_id`) VALUES (62,'OPA');
INSERT INTO `IncludedAmenities` (`listing_id`,`amenity_id`) VALUES (63,'OPA');
INSERT INTO `IncludedAmenities` (`listing_id`,`amenity_id`) VALUES (64,'OPA');
INSERT INTO `IncludedAmenities` (`listing_id`,`amenity_id`) VALUES (65,'OPA');
INSERT INTO `IncludedAmenities` (`listing_id`,`amenity_id`) VALUES (66,'OPA');
INSERT INTO `IncludedAmenities` (`listing_id`,`amenity_id`) VALUES (67,'OPA');
INSERT INTO `IncludedAmenities` (`listing_id`,`amenity_id`) VALUES (68,'OPA');
INSERT INTO `IncludedAmenities` (`listing_id`,`amenity_id`) VALUES (69,'OPA');
INSERT INTO `IncludedAmenities` (`listing_id`,`amenity_id`) VALUES (70,'OPA');
INSERT INTO `IncludedAmenities` (`listing_id`,`amenity_id`) VALUES (71,'OPA');
INSERT INTO `IncludedAmenities` (`listing_id`,`amenity_id`) VALUES (72,'OPA');
INSERT INTO `IncludedAmenities` (`listing_id`,`amenity_id`) VALUES (73,'OPA');
INSERT INTO `IncludedAmenities` (`listing_id`,`amenity_id`) VALUES (74,'OPA');
INSERT INTO `IncludedAmenities` (`listing_id`,`amenity_id`) VALUES (75,'OPA');
INSERT INTO `IncludedAmenities` (`listing_id`,`amenity_id`) VALUES (76,'OPA');
INSERT INTO `IncludedAmenities` (`listing_id`,`amenity_id`) VALUES (77,'OPA');
INSERT INTO `IncludedAmenities` (`listing_id`,`amenity_id`) VALUES (78,'OPA');
INSERT INTO `IncludedAmenities` (`listing_id`,`amenity_id`) VALUES (79,'OPA');
INSERT INTO `IncludedAmenities` (`listing_id`,`amenity_id`) VALUES (80,'OPA');
INSERT INTO `IncludedAmenities` (`listing_id`,`amenity_id`) VALUES (81,'OPA');
INSERT INTO `IncludedAmenities` (`listing_id`,`amenity_id`) VALUES (82,'OPA');
INSERT INTO `IncludedAmenities` (`listing_id`,`amenity_id`) VALUES (83,'OPA');
INSERT INTO `IncludedAmenities` (`listing_id`,`amenity_id`) VALUES (84,'OPA');
INSERT INTO `IncludedAmenities` (`listing_id`,`amenity_id`) VALUES (85,'OPA');
INSERT INTO `IncludedAmenities` (`listing_id`,`amenity_id`) VALUES (86,'OPA');
INSERT INTO `IncludedAmenities` (`listing_id`,`amenity_id`) VALUES (87,'OPA');
INSERT INTO `IncludedAmenities` (`listing_id`,`amenity_id`) VALUES (88,'OPA');
INSERT INTO `IncludedAmenities` (`listing_id`,`amenity_id`) VALUES (89,'OPA');
INSERT INTO `IncludedAmenities` (`listing_id`,`amenity_id`) VALUES (90,'OPA');
INSERT INTO `IncludedAmenities` (`listing_id`,`amenity_id`) VALUES (91,'OPA');
INSERT INTO `IncludedAmenities` (`listing_id`,`amenity_id`) VALUES (92,'OPA');
INSERT INTO `IncludedAmenities` (`listing_id`,`amenity_id`) VALUES (93,'OPA');
INSERT INTO `IncludedAmenities` (`listing_id`,`amenity_id`) VALUES (94,'OPA');
INSERT INTO `IncludedAmenities` (`listing_id`,`amenity_id`) VALUES (95,'OPA');
INSERT INTO `IncludedAmenities` (`listing_id`,`amenity_id`) VALUES (96,'OPA');
INSERT INTO `IncludedAmenities` (`listing_id`,`amenity_id`) VALUES (97,'OPA');
INSERT INTO `IncludedAmenities` (`listing_id`,`amenity_id`) VALUES (98,'OPA');
INSERT INTO `IncludedAmenities` (`listing_id`,`amenity_id`) VALUES (99,'OPA');
INSERT INTO `IncludedAmenities` (`listing_id`,`amenity_id`) VALUES (100,'OPA');
INSERT INTO `IncludedAmenities` (`listing_id`,`amenity_id`) VALUES (101,'OPA');
INSERT INTO `IncludedAmenities` (`listing_id`,`amenity_id`) VALUES (102,'OPA');
INSERT INTO `IncludedAmenities` (`listing_id`,`amenity_id`) VALUES (103,'OPA');
INSERT INTO `IncludedAmenities` (`listing_id`,`amenity_id`) VALUES (104,'OPA');
INSERT INTO `IncludedAmenities` (`listing_id`,`amenity_id`) VALUES (105,'OPA');
INSERT INTO `IncludedAmenities` (`listing_id`,`amenity_id`) VALUES (106,'OPA');
INSERT INTO `IncludedAmenities` (`listing_id`,`amenity_id`) VALUES (107,'OPA');
INSERT INTO `IncludedAmenities` (`listing_id`,`amenity_id`) VALUES (108,'OPA');
INSERT INTO `IncludedAmenities` (`listing_id`,`amenity_id`) VALUES (109,'OPA');
INSERT INTO `IncludedAmenities` (`listing_id`,`amenity_id`) VALUES (110,'OPA');
INSERT INTO `IncludedAmenities` (`listing_id`,`amenity_id`) VALUES (111,'OPA');
INSERT INTO `IncludedAmenities` (`listing_id`,`amenity_id`) VALUES (112,'OPA');
INSERT INTO `IncludedAmenities` (`listing_id`,`amenity_id`) VALUES (113,'OPA');
INSERT INTO `IncludedAmenities` (`listing_id`,`amenity_id`) VALUES (114,'OPA');
INSERT INTO `IncludedAmenities` (`listing_id`,`amenity_id`) VALUES (115,'OPA');
INSERT INTO `IncludedAmenities` (`listing_id`,`amenity_id`) VALUES (178,'OPA');
INSERT INTO `IncludedAmenities` (`listing_id`,`amenity_id`) VALUES (179,'OPA');
INSERT INTO `IncludedAmenities` (`listing_id`,`amenity_id`) VALUES (180,'OPA');
INSERT INTO `IncludedAmenities` (`listing_id`,`amenity_id`) VALUES (181,'OPA');
INSERT INTO `IncludedAmenities` (`listing_id`,`amenity_id`) VALUES (182,'OPA');
INSERT INTO `IncludedAmenities` (`listing_id`,`amenity_id`) VALUES (183,'OPA');
INSERT INTO `IncludedAmenities` (`listing_id`,`amenity_id`) VALUES (184,'OPA');
INSERT INTO `IncludedAmenities` (`listing_id`,`amenity_id`) VALUES (185,'OPA');
INSERT INTO `IncludedAmenities` (`listing_id`,`amenity_id`) VALUES (186,'OPA');
INSERT INTO `IncludedAmenities` (`listing_id`,`amenity_id`) VALUES (187,'OPA');
INSERT INTO `IncludedAmenities` (`listing_id`,`amenity_id`) VALUES (188,'OPA');
INSERT INTO `IncludedAmenities` (`listing_id`,`amenity_id`) VALUES (189,'OPA');
INSERT INTO `IncludedAmenities` (`listing_id`,`amenity_id`) VALUES (190,'OPA');
INSERT INTO `IncludedAmenities` (`listing_id`,`amenity_id`) VALUES (191,'OPA');
INSERT INTO `IncludedAmenities` (`listing_id`,`amenity_id`) VALUES (192,'OPA');
INSERT INTO `IncludedAmenities` (`listing_id`,`amenity_id`) VALUES (193,'OPA');
INSERT INTO `IncludedAmenities` (`listing_id`,`amenity_id`) VALUES (194,'OPA');
INSERT INTO `IncludedAmenities` (`listing_id`,`amenity_id`) VALUES (195,'OPA');
INSERT INTO `IncludedAmenities` (`listing_id`,`amenity_id`) VALUES (196,'OPA');
INSERT INTO `IncludedAmenities` (`listing_id`,`amenity_id`) VALUES (197,'OPA');
INSERT INTO `IncludedAmenities` (`listing_id`,`amenity_id`) VALUES (198,'OPA');
INSERT INTO `IncludedAmenities` (`listing_id`,`amenity_id`) VALUES (199,'OPA');
INSERT INTO `IncludedAmenities` (`listing_id`,`amenity_id`) VALUES (200,'OPA');
INSERT INTO `IncludedAmenities` (`listing_id`,`amenity_id`) VALUES (201,'OPA');
INSERT INTO `IncludedAmenities` (`listing_id`,`amenity_id`) VALUES (202,'OPA');
INSERT INTO `IncludedAmenities` (`listing_id`,`amenity_id`) VALUES (203,'OPA');
INSERT INTO `IncludedAmenities` (`listing_id`,`amenity_id`) VALUES (204,'OPA');
INSERT INTO `IncludedAmenities` (`listing_id`,`amenity_id`) VALUES (205,'OPA');
INSERT INTO `IncludedAmenities` (`listing_id`,`amenity_id`) VALUES (206,'OPA');
INSERT INTO `IncludedAmenities` (`listing_id`,`amenity_id`) VALUES (207,'OPA');
INSERT INTO `IncludedAmenities` (`listing_id`,`amenity_id`) VALUES (208,'OPA');
INSERT INTO `IncludedAmenities` (`listing_id`,`amenity_id`) VALUES (209,'OPA');
INSERT INTO `IncludedAmenities` (`listing_id`,`amenity_id`) VALUES (210,'OPA');
INSERT INTO `IncludedAmenities` (`listing_id`,`amenity_id`) VALUES (211,'OPA');
INSERT INTO `IncludedAmenities` (`listing_id`,`amenity_id`) VALUES (212,'OPA');
INSERT INTO `IncludedAmenities` (`listing_id`,`amenity_id`) VALUES (213,'OPA');
INSERT INTO `IncludedAmenities` (`listing_id`,`amenity_id`) VALUES (214,'OPA');
INSERT INTO `IncludedAmenities` (`listing_id`,`amenity_id`) VALUES (215,'OPA');
INSERT INTO `IncludedAmenities` (`listing_id`,`amenity_id`) VALUES (216,'OPA');
INSERT INTO `IncludedAmenities` (`listing_id`,`amenity_id`) VALUES (217,'OPA');
INSERT INTO `IncludedAmenities` (`listing_id`,`amenity_id`) VALUES (218,'OPA');
INSERT INTO `IncludedAmenities` (`listing_id`,`amenity_id`) VALUES (219,'OPA');
INSERT INTO `IncludedAmenities` (`listing_id`,`amenity_id`) VALUES (220,'OPA');
INSERT INTO `IncludedAmenities` (`listing_id`,`amenity_id`) VALUES (221,'OPA');
INSERT INTO `IncludedAmenities` (`listing_id`,`amenity_id`) VALUES (222,'OPA');
INSERT INTO `IncludedAmenities` (`listing_id`,`amenity_id`) VALUES (223,'OPA');
INSERT INTO `IncludedAmenities` (`listing_id`,`amenity_id`) VALUES (224,'OPA');
INSERT INTO `IncludedAmenities` (`listing_id`,`amenity_id`) VALUES (225,'OPA');
INSERT INTO `IncludedAmenities` (`listing_id`,`amenity_id`) VALUES (226,'OPA');
INSERT INTO `IncludedAmenities` (`listing_id`,`amenity_id`) VALUES (227,'OPA');
INSERT INTO `IncludedAmenities` (`listing_id`,`amenity_id`) VALUES (228,'OPA');
INSERT INTO `IncludedAmenities` (`listing_id`,`amenity_id`) VALUES (229,'OPA');
INSERT INTO `IncludedAmenities` (`listing_id`,`amenity_id`) VALUES (230,'OPA');
INSERT INTO `IncludedAmenities` (`listing_id`,`amenity_id`) VALUES (231,'OPA');
INSERT INTO `IncludedAmenities` (`listing_id`,`amenity_id`) VALUES (232,'OPA');
INSERT INTO `IncludedAmenities` (`listing_id`,`amenity_id`) VALUES (233,'OPA');
INSERT INTO `IncludedAmenities` (`listing_id`,`amenity_id`) VALUES (234,'OPA');
INSERT INTO `IncludedAmenities` (`listing_id`,`amenity_id`) VALUES (235,'OPA');
INSERT INTO `IncludedAmenities` (`listing_id`,`amenity_id`) VALUES (236,'OPA');
INSERT INTO `IncludedAmenities` (`listing_id`,`amenity_id`) VALUES (237,'OPA');
INSERT INTO `IncludedAmenities` (`listing_id`,`amenity_id`) VALUES (238,'OPA');
INSERT INTO `IncludedAmenities` (`listing_id`,`amenity_id`) VALUES (239,'OPA');
INSERT INTO `IncludedAmenities` (`listing_id`,`amenity_id`) VALUES (240,'OPA');
INSERT INTO `IncludedAmenities` (`listing_id`,`amenity_id`) VALUES (241,'OPA');
INSERT INTO `IncludedAmenities` (`listing_id`,`amenity_id`) VALUES (242,'OPA');
INSERT INTO `IncludedAmenities` (`listing_id`,`amenity_id`) VALUES (243,'OPA');
INSERT INTO `IncludedAmenities` (`listing_id`,`amenity_id`) VALUES (244,'OPA');
INSERT INTO `IncludedAmenities` (`listing_id`,`amenity_id`) VALUES (245,'OPA');
INSERT INTO `IncludedAmenities` (`listing_id`,`amenity_id`) VALUES (246,'OPA');
INSERT INTO `IncludedAmenities` (`listing_id`,`amenity_id`) VALUES (247,'OPA');
INSERT INTO `IncludedAmenities` (`listing_id`,`amenity_id`) VALUES (248,'OPA');
INSERT INTO `IncludedAmenities` (`listing_id`,`amenity_id`) VALUES (249,'OPA');
INSERT INTO `IncludedAmenities` (`listing_id`,`amenity_id`) VALUES (250,'OPA');
INSERT INTO `IncludedAmenities` (`listing_id`,`amenity_id`) VALUES (251,'OPA');
INSERT INTO `IncludedAmenities` (`listing_id`,`amenity_id`) VALUES (252,'OPA');
INSERT INTO `IncludedAmenities` (`listing_id`,`amenity_id`) VALUES (253,'OPA');
INSERT INTO `IncludedAmenities` (`listing_id`,`amenity_id`) VALUES (254,'OPA');
INSERT INTO `IncludedAmenities` (`listing_id`,`amenity_id`) VALUES (255,'OPA');
INSERT INTO `IncludedAmenities` (`listing_id`,`amenity_id`) VALUES (256,'OPA');
INSERT INTO `IncludedAmenities` (`listing_id`,`amenity_id`) VALUES (257,'OPA');
INSERT INTO `IncludedAmenities` (`listing_id`,`amenity_id`) VALUES (258,'OPA');
INSERT INTO `IncludedAmenities` (`listing_id`,`amenity_id`) VALUES (259,'OPA');
INSERT INTO `IncludedAmenities` (`listing_id`,`amenity_id`) VALUES (260,'OPA');
INSERT INTO `IncludedAmenities` (`listing_id`,`amenity_id`) VALUES (261,'OPA');
INSERT INTO `IncludedAmenities` (`listing_id`,`amenity_id`) VALUES (262,'OPA');
INSERT INTO `IncludedAmenities` (`listing_id`,`amenity_id`) VALUES (263,'OPA');
INSERT INTO `IncludedAmenities` (`listing_id`,`amenity_id`) VALUES (264,'OPA');
INSERT INTO `IncludedAmenities` (`listing_id`,`amenity_id`) VALUES (265,'OPA');
INSERT INTO `IncludedAmenities` (`listing_id`,`amenity_id`) VALUES (266,'OPA');
INSERT INTO `IncludedAmenities` (`listing_id`,`amenity_id`) VALUES (267,'OPA');
INSERT INTO `IncludedAmenities` (`listing_id`,`amenity_id`) VALUES (268,'OPA');
INSERT INTO `IncludedAmenities` (`listing_id`,`amenity_id`) VALUES (269,'OPA');
INSERT INTO `IncludedAmenities` (`listing_id`,`amenity_id`) VALUES (270,'OPA');
INSERT INTO `IncludedAmenities` (`listing_id`,`amenity_id`) VALUES (271,'OPA');
INSERT INTO `IncludedAmenities` (`listing_id`,`amenity_id`) VALUES (272,'OPA');
INSERT INTO `IncludedAmenities` (`listing_id`,`amenity_id`) VALUES (273,'OPA');
INSERT INTO `IncludedAmenities` (`listing_id`,`amenity_id`) VALUES (274,'OPA');
INSERT INTO `IncludedAmenities` (`listing_id`,`amenity_id`) VALUES (275,'OPA');
INSERT INTO `IncludedAmenities` (`listing_id`,`amenity_id`) VALUES (276,'OPA');
INSERT INTO `IncludedAmenities` (`listing_id`,`amenity_id`) VALUES (277,'OPA');
INSERT INTO `IncludedAmenities` (`listing_id`,`amenity_id`) VALUES (278,'OPA');
INSERT INTO `IncludedAmenities` (`listing_id`,`amenity_id`) VALUES (279,'OPA');
INSERT INTO `IncludedAmenities` (`listing_id`,`amenity_id`) VALUES (280,'OPA');
INSERT INTO `IncludedAmenities` (`listing_id`,`amenity_id`) VALUES (281,'OPA');
INSERT INTO `IncludedAmenities` (`listing_id`,`amenity_id`) VALUES (282,'OPA');
INSERT INTO `IncludedAmenities` (`listing_id`,`amenity_id`) VALUES (283,'OPA');
INSERT INTO `IncludedAmenities` (`listing_id`,`amenity_id`) VALUES (284,'OPA');
INSERT INTO `IncludedAmenities` (`listing_id`,`amenity_id`) VALUES (285,'OPA');
INSERT INTO `IncludedAmenities` (`listing_id`,`amenity_id`) VALUES (286,'OPA');
INSERT INTO `IncludedAmenities` (`listing_id`,`amenity_id`) VALUES (287,'OPA');
INSERT INTO `IncludedAmenities` (`listing_id`,`amenity_id`) VALUES (288,'OPA');
INSERT INTO `IncludedAmenities` (`listing_id`,`amenity_id`) VALUES (289,'OPA');
INSERT INTO `IncludedAmenities` (`listing_id`,`amenity_id`) VALUES (290,'OPA');
INSERT INTO `IncludedAmenities` (`listing_id`,`amenity_id`) VALUES (291,'OPA');
INSERT INTO `IncludedAmenities` (`listing_id`,`amenity_id`) VALUES (292,'OPA');
INSERT INTO `IncludedAmenities` (`listing_id`,`amenity_id`) VALUES (293,'OPA');
INSERT INTO `IncludedAmenities` (`listing_id`,`amenity_id`) VALUES (294,'OPA');
INSERT INTO `IncludedAmenities` (`listing_id`,`amenity_id`) VALUES (295,'OPA');
INSERT INTO `IncludedAmenities` (`listing_id`,`amenity_id`) VALUES (296,'OPA');
INSERT INTO `IncludedAmenities` (`listing_id`,`amenity_id`) VALUES (297,'OPA');
INSERT INTO `IncludedAmenities` (`listing_id`,`amenity_id`) VALUES (298,'OPA');
INSERT INTO `IncludedAmenities` (`listing_id`,`amenity_id`) VALUES (299,'OPA');
INSERT INTO `IncludedAmenities` (`listing_id`,`amenity_id`) VALUES (300,'OPA');
INSERT INTO `IncludedAmenities` (`listing_id`,`amenity_id`) VALUES (301,'OPA');
INSERT INTO `IncludedAmenities` (`listing_id`,`amenity_id`) VALUES (302,'OPA');
INSERT INTO `IncludedAmenities` (`listing_id`,`amenity_id`) VALUES (303,'OPA');
INSERT INTO `IncludedAmenities` (`listing_id`,`amenity_id`) VALUES (304,'OPA');
INSERT INTO `IncludedAmenities` (`listing_id`,`amenity_id`) VALUES (305,'OPA');
INSERT INTO `IncludedAmenities` (`listing_id`,`amenity_id`) VALUES (306,'OPA');
INSERT INTO `IncludedAmenities` (`listing_id`,`amenity_id`) VALUES (307,'OPA');
INSERT INTO `IncludedAmenities` (`listing_id`,`amenity_id`) VALUES (308,'OPA');
INSERT INTO `IncludedAmenities` (`listing_id`,`amenity_id`) VALUES (309,'OPA');
INSERT INTO `IncludedAmenities` (`listing_id`,`amenity_id`) VALUES (310,'OPA');
INSERT INTO `IncludedAmenities` (`listing_id`,`amenity_id`) VALUES (311,'OPA');
INSERT INTO `IncludedAmenities` (`listing_id`,`amenity_id`) VALUES (312,'OPA');
INSERT INTO `IncludedAmenities` (`listing_id`,`amenity_id`) VALUES (313,'OPA');
INSERT INTO `IncludedAmenities` (`listing_id`,`amenity_id`) VALUES (314,'OPA');
INSERT INTO `IncludedAmenities` (`listing_id`,`amenity_id`) VALUES (315,'OPA');
INSERT INTO `IncludedAmenities` (`listing_id`,`amenity_id`) VALUES (316,'OPA');
INSERT INTO `IncludedAmenities` (`listing_id`,`amenity_id`) VALUES (317,'OPA');
INSERT INTO `IncludedAmenities` (`listing_id`,`amenity_id`) VALUES (318,'OPA');
INSERT INTO `IncludedAmenities` (`listing_id`,`amenity_id`) VALUES (319,'OPA');
INSERT INTO `IncludedAmenities` (`listing_id`,`amenity_id`) VALUES (320,'OPA');
INSERT INTO `IncludedAmenities` (`listing_id`,`amenity_id`) VALUES (321,'OPA');
INSERT INTO `IncludedAmenities` (`listing_id`,`amenity_id`) VALUES (322,'OPA');
INSERT INTO `IncludedAmenities` (`listing_id`,`amenity_id`) VALUES (323,'OPA');
INSERT INTO `IncludedAmenities` (`listing_id`,`amenity_id`) VALUES (324,'OPA');
INSERT INTO `IncludedAmenities` (`listing_id`,`amenity_id`) VALUES (325,'OPA');
INSERT INTO `IncludedAmenities` (`listing_id`,`amenity_id`) VALUES (326,'OPA');
INSERT INTO `IncludedAmenities` (`listing_id`,`amenity_id`) VALUES (327,'OPA');
INSERT INTO `IncludedAmenities` (`listing_id`,`amenity_id`) VALUES (328,'OPA');
INSERT INTO `IncludedAmenities` (`listing_id`,`amenity_id`) VALUES (329,'OPA');
INSERT INTO `IncludedAmenities` (`listing_id`,`amenity_id`) VALUES (330,'OPA');
INSERT INTO `IncludedAmenities` (`listing_id`,`amenity_id`) VALUES (331,'OPA');
INSERT INTO `IncludedAmenities` (`listing_id`,`amenity_id`) VALUES (332,'OPA');
INSERT INTO `IncludedAmenities` (`listing_id`,`amenity_id`) VALUES (333,'OPA');
INSERT INTO `IncludedAmenities` (`listing_id`,`amenity_id`) VALUES (334,'OPA');
INSERT INTO `IncludedAmenities` (`listing_id`,`amenity_id`) VALUES (335,'OPA');
INSERT INTO `IncludedAmenities` (`listing_id`,`amenity_id`) VALUES (336,'OPA');
INSERT INTO `IncludedAmenities` (`listing_id`,`amenity_id`) VALUES (337,'OPA');
INSERT INTO `IncludedAmenities` (`listing_id`,`amenity_id`) VALUES (338,'OPA');
INSERT INTO `IncludedAmenities` (`listing_id`,`amenity_id`) VALUES (339,'OPA');
INSERT INTO `IncludedAmenities` (`listing_id`,`amenity_id`) VALUES (340,'OPA');
INSERT INTO `IncludedAmenities` (`listing_id`,`amenity_id`) VALUES (341,'OPA');
INSERT INTO `IncludedAmenities` (`listing_id`,`amenity_id`) VALUES (342,'OPA');
INSERT INTO `IncludedAmenities` (`listing_id`,`amenity_id`) VALUES (343,'OPA');
INSERT INTO `IncludedAmenities` (`listing_id`,`amenity_id`) VALUES (344,'OPA');
INSERT INTO `IncludedAmenities` (`listing_id`,`amenity_id`) VALUES (345,'OPA');
INSERT INTO `IncludedAmenities` (`listing_id`,`amenity_id`) VALUES (346,'OPA');
INSERT INTO `IncludedAmenities` (`listing_id`,`amenity_id`) VALUES (347,'OPA');
INSERT INTO `IncludedAmenities` (`listing_id`,`amenity_id`) VALUES (348,'OPA');
INSERT INTO `IncludedAmenities` (`listing_id`,`amenity_id`) VALUES (349,'OPA');
INSERT INTO `IncludedAmenities` (`listing_id`,`amenity_id`) VALUES (350,'OPA');
INSERT INTO `IncludedAmenities` (`listing_id`,`amenity_id`) VALUES (351,'OPA');
INSERT INTO `IncludedAmenities` (`listing_id`,`amenity_id`) VALUES (352,'OPA');
INSERT INTO `IncludedAmenities` (`listing_id`,`amenity_id`) VALUES (353,'OPA');
INSERT INTO `IncludedAmenities` (`listing_id`,`amenity_id`) VALUES (354,'OPA');
INSERT INTO `IncludedAmenities` (`listing_id`,`amenity_id`) VALUES (355,'OPA');
INSERT INTO `IncludedAmenities` (`listing_id`,`amenity_id`) VALUES (356,'OPA');
INSERT INTO `IncludedAmenities` (`listing_id`,`amenity_id`) VALUES (357,'OPA');
INSERT INTO `IncludedAmenities` (`listing_id`,`amenity_id`) VALUES (358,'OPA');
INSERT INTO `IncludedAmenities` (`listing_id`,`amenity_id`) VALUES (359,'OPA');
INSERT INTO `IncludedAmenities` (`listing_id`,`amenity_id`) VALUES (360,'OPA');
INSERT INTO `IncludedAmenities` (`listing_id`,`amenity_id`) VALUES (361,'OPA');
INSERT INTO `IncludedAmenities` (`listing_id`,`amenity_id`) VALUES (362,'OPA');
INSERT INTO `IncludedAmenities` (`listing_id`,`amenity_id`) VALUES (363,'OPA');
INSERT INTO `IncludedAmenities` (`listing_id`,`amenity_id`) VALUES (364,'OPA');
INSERT INTO `IncludedAmenities` (`listing_id`,`amenity_id`) VALUES (365,'OPA');
INSERT INTO `IncludedAmenities` (`listing_id`,`amenity_id`) VALUES (366,'OPA');
INSERT INTO `IncludedAmenities` (`listing_id`,`amenity_id`) VALUES (367,'OPA');
INSERT INTO `IncludedAmenities` (`listing_id`,`amenity_id`) VALUES (368,'OPA');
INSERT INTO `IncludedAmenities` (`listing_id`,`amenity_id`) VALUES (369,'OPA');
INSERT INTO `IncludedAmenities` (`listing_id`,`amenity_id`) VALUES (370,'OPA');
INSERT INTO `IncludedAmenities` (`listing_id`,`amenity_id`) VALUES (371,'OPA');
INSERT INTO `IncludedAmenities` (`listing_id`,`amenity_id`) VALUES (372,'OPA');
INSERT INTO `IncludedAmenities` (`listing_id`,`amenity_id`) VALUES (373,'OPA');
INSERT INTO `IncludedAmenities` (`listing_id`,`amenity_id`) VALUES (374,'OPA');
INSERT INTO `IncludedAmenities` (`listing_id`,`amenity_id`) VALUES (375,'OPA');
INSERT INTO `IncludedAmenities` (`listing_id`,`amenity_id`) VALUES (376,'OPA');
INSERT INTO `IncludedAmenities` (`listing_id`,`amenity_id`) VALUES (377,'OPA');
INSERT INTO `IncludedAmenities` (`listing_id`,`amenity_id`) VALUES (378,'OPA');
INSERT INTO `IncludedAmenities` (`listing_id`,`amenity_id`) VALUES (379,'OPA');
INSERT INTO `IncludedAmenities` (`listing_id`,`amenity_id`) VALUES (380,'OPA');
INSERT INTO `IncludedAmenities` (`listing_id`,`amenity_id`) VALUES (381,'OPA');
INSERT INTO `IncludedAmenities` (`listing_id`,`amenity_id`) VALUES (382,'OPA');
INSERT INTO `IncludedAmenities` (`listing_id`,`amenity_id`) VALUES (383,'OPA');
INSERT INTO `IncludedAmenities` (`listing_id`,`amenity_id`) VALUES (384,'OPA');
INSERT INTO `IncludedAmenities` (`listing_id`,`amenity_id`) VALUES (385,'OPA');
INSERT INTO `IncludedAmenities` (`listing_id`,`amenity_id`) VALUES (386,'OPA');
INSERT INTO `IncludedAmenities` (`listing_id`,`amenity_id`) VALUES (387,'OPA');
INSERT INTO `IncludedAmenities` (`listing_id`,`amenity_id`) VALUES (388,'OPA');
INSERT INTO `IncludedAmenities` (`listing_id`,`amenity_id`) VALUES (389,'OPA');
INSERT INTO `IncludedAmenities` (`listing_id`,`amenity_id`) VALUES (390,'OPA');
INSERT INTO `IncludedAmenities` (`listing_id`,`amenity_id`) VALUES (391,'OPA');
INSERT INTO `IncludedAmenities` (`listing_id`,`amenity_id`) VALUES (392,'OPA');
INSERT INTO `IncludedAmenities` (`listing_id`,`amenity_id`) VALUES (393,'OPA');
INSERT INTO `IncludedAmenities` (`listing_id`,`amenity_id`) VALUES (394,'OPA');
INSERT INTO `IncludedAmenities` (`listing_id`,`amenity_id`) VALUES (395,'OPA');
INSERT INTO `IncludedAmenities` (`listing_id`,`amenity_id`) VALUES (396,'OPA');
INSERT INTO `IncludedAmenities` (`listing_id`,`amenity_id`) VALUES (397,'OPA');
INSERT INTO `IncludedAmenities` (`listing_id`,`amenity_id`) VALUES (398,'OPA');
INSERT INTO `IncludedAmenities` (`listing_id`,`amenity_id`) VALUES (399,'OPA');
INSERT INTO `IncludedAmenities` (`listing_id`,`amenity_id`) VALUES (400,'OPA');
INSERT INTO `IncludedAmenities` (`listing_id`,`amenity_id`) VALUES (401,'OPA');
INSERT INTO `IncludedAmenities` (`listing_id`,`amenity_id`) VALUES (402,'OPA');
INSERT INTO `IncludedAmenities` (`listing_id`,`amenity_id`) VALUES (403,'OPA');
INSERT INTO `IncludedAmenities` (`listing_id`,`amenity_id`) VALUES (404,'OPA');
INSERT INTO `IncludedAmenities` (`listing_id`,`amenity_id`) VALUES (94,'PETF');
INSERT INTO `IncludedAmenities` (`listing_id`,`amenity_id`) VALUES (95,'PETF');
INSERT INTO `IncludedAmenities` (`listing_id`,`amenity_id`) VALUES (96,'PETF');
INSERT INTO `IncludedAmenities` (`listing_id`,`amenity_id`) VALUES (97,'PETF');
INSERT INTO `IncludedAmenities` (`listing_id`,`amenity_id`) VALUES (105,'PETF');
INSERT INTO `IncludedAmenities` (`listing_id`,`amenity_id`) VALUES (106,'PETF');
INSERT INTO `IncludedAmenities` (`listing_id`,`amenity_id`) VALUES (107,'PETF');
INSERT INTO `IncludedAmenities` (`listing_id`,`amenity_id`) VALUES (108,'PETF');
INSERT INTO `IncludedAmenities` (`listing_id`,`amenity_id`) VALUES (109,'PETF');
INSERT INTO `IncludedAmenities` (`listing_id`,`amenity_id`) VALUES (112,'PETF');
INSERT INTO `IncludedAmenities` (`listing_id`,`amenity_id`) VALUES (116,'PETF');
INSERT INTO `IncludedAmenities` (`listing_id`,`amenity_id`) VALUES (117,'PETF');
INSERT INTO `IncludedAmenities` (`listing_id`,`amenity_id`) VALUES (118,'PETF');
INSERT INTO `IncludedAmenities` (`listing_id`,`amenity_id`) VALUES (119,'PETF');
INSERT INTO `IncludedAmenities` (`listing_id`,`amenity_id`) VALUES (120,'PETF');
INSERT INTO `IncludedAmenities` (`listing_id`,`amenity_id`) VALUES (121,'PETF');
INSERT INTO `IncludedAmenities` (`listing_id`,`amenity_id`) VALUES (122,'PETF');
INSERT INTO `IncludedAmenities` (`listing_id`,`amenity_id`) VALUES (123,'PETF');
INSERT INTO `IncludedAmenities` (`listing_id`,`amenity_id`) VALUES (124,'PETF');
INSERT INTO `IncludedAmenities` (`listing_id`,`amenity_id`) VALUES (125,'PETF');
INSERT INTO `IncludedAmenities` (`listing_id`,`amenity_id`) VALUES (126,'PETF');
INSERT INTO `IncludedAmenities` (`listing_id`,`amenity_id`) VALUES (127,'PETF');
INSERT INTO `IncludedAmenities` (`listing_id`,`amenity_id`) VALUES (128,'PETF');
INSERT INTO `IncludedAmenities` (`listing_id`,`amenity_id`) VALUES (129,'PETF');
INSERT INTO `IncludedAmenities` (`listing_id`,`amenity_id`) VALUES (130,'PETF');
INSERT INTO `IncludedAmenities` (`listing_id`,`amenity_id`) VALUES (131,'PETF');
INSERT INTO `IncludedAmenities` (`listing_id`,`amenity_id`) VALUES (134,'PETF');
INSERT INTO `IncludedAmenities` (`listing_id`,`amenity_id`) VALUES (135,'PETF');
INSERT INTO `IncludedAmenities` (`listing_id`,`amenity_id`) VALUES (136,'PETF');
INSERT INTO `IncludedAmenities` (`listing_id`,`amenity_id`) VALUES (137,'PETF');
INSERT INTO `IncludedAmenities` (`listing_id`,`amenity_id`) VALUES (138,'PETF');
INSERT INTO `IncludedAmenities` (`listing_id`,`amenity_id`) VALUES (139,'PETF');
INSERT INTO `IncludedAmenities` (`listing_id`,`amenity_id`) VALUES (140,'PETF');
INSERT INTO `IncludedAmenities` (`listing_id`,`amenity_id`) VALUES (141,'PETF');
INSERT INTO `IncludedAmenities` (`listing_id`,`amenity_id`) VALUES (142,'PETF');
INSERT INTO `IncludedAmenities` (`listing_id`,`amenity_id`) VALUES (143,'PETF');
INSERT INTO `IncludedAmenities` (`listing_id`,`amenity_id`) VALUES (144,'PETF');
INSERT INTO `IncludedAmenities` (`listing_id`,`amenity_id`) VALUES (145,'PETF');
INSERT INTO `IncludedAmenities` (`listing_id`,`amenity_id`) VALUES (146,'PETF');
INSERT INTO `IncludedAmenities` (`listing_id`,`amenity_id`) VALUES (147,'PETF');
INSERT INTO `IncludedAmenities` (`listing_id`,`amenity_id`) VALUES (148,'PETF');
INSERT INTO `IncludedAmenities` (`listing_id`,`amenity_id`) VALUES (149,'PETF');
INSERT INTO `IncludedAmenities` (`listing_id`,`amenity_id`) VALUES (150,'PETF');
INSERT INTO `IncludedAmenities` (`listing_id`,`amenity_id`) VALUES (151,'PETF');
INSERT INTO `IncludedAmenities` (`listing_id`,`amenity_id`) VALUES (154,'PETF');
INSERT INTO `IncludedAmenities` (`listing_id`,`amenity_id`) VALUES (155,'PETF');
INSERT INTO `IncludedAmenities` (`listing_id`,`amenity_id`) VALUES (156,'PETF');
INSERT INTO `IncludedAmenities` (`listing_id`,`amenity_id`) VALUES (157,'PETF');
INSERT INTO `IncludedAmenities` (`listing_id`,`amenity_id`) VALUES (158,'PETF');
INSERT INTO `IncludedAmenities` (`listing_id`,`amenity_id`) VALUES (159,'PETF');
INSERT INTO `IncludedAmenities` (`listing_id`,`amenity_id`) VALUES (160,'PETF');
INSERT INTO `IncludedAmenities` (`listing_id`,`amenity_id`) VALUES (161,'PETF');
INSERT INTO `IncludedAmenities` (`listing_id`,`amenity_id`) VALUES (162,'PETF');
INSERT INTO `IncludedAmenities` (`listing_id`,`amenity_id`) VALUES (163,'PETF');
INSERT INTO `IncludedAmenities` (`listing_id`,`amenity_id`) VALUES (164,'PETF');
INSERT INTO `IncludedAmenities` (`listing_id`,`amenity_id`) VALUES (165,'PETF');
INSERT INTO `IncludedAmenities` (`listing_id`,`amenity_id`) VALUES (168,'PETF');
INSERT INTO `IncludedAmenities` (`listing_id`,`amenity_id`) VALUES (169,'PETF');
INSERT INTO `IncludedAmenities` (`listing_id`,`amenity_id`) VALUES (170,'PETF');
INSERT INTO `IncludedAmenities` (`listing_id`,`amenity_id`) VALUES (171,'PETF');
INSERT INTO `IncludedAmenities` (`listing_id`,`amenity_id`) VALUES (172,'PETF');
INSERT INTO `IncludedAmenities` (`listing_id`,`amenity_id`) VALUES (173,'PETF');
INSERT INTO `IncludedAmenities` (`listing_id`,`amenity_id`) VALUES (174,'PETF');
INSERT INTO `IncludedAmenities` (`listing_id`,`amenity_id`) VALUES (175,'PETF');
INSERT INTO `IncludedAmenities` (`listing_id`,`amenity_id`) VALUES (176,'PETF');
INSERT INTO `IncludedAmenities` (`listing_id`,`amenity_id`) VALUES (177,'PETF');
INSERT INTO `IncludedAmenities` (`listing_id`,`amenity_id`) VALUES (0,'PL');
INSERT INTO `IncludedAmenities` (`listing_id`,`amenity_id`) VALUES (1,'PL');
INSERT INTO `IncludedAmenities` (`listing_id`,`amenity_id`) VALUES (2,'PL');
INSERT INTO `IncludedAmenities` (`listing_id`,`amenity_id`) VALUES (3,'PL');
INSERT INTO `IncludedAmenities` (`listing_id`,`amenity_id`) VALUES (4,'PL');
INSERT INTO `IncludedAmenities` (`listing_id`,`amenity_id`) VALUES (5,'PL');
INSERT INTO `IncludedAmenities` (`listing_id`,`amenity_id`) VALUES (6,'PL');
INSERT INTO `IncludedAmenities` (`listing_id`,`amenity_id`) VALUES (7,'PL');
INSERT INTO `IncludedAmenities` (`listing_id`,`amenity_id`) VALUES (8,'PL');
INSERT INTO `IncludedAmenities` (`listing_id`,`amenity_id`) VALUES (9,'PL');
INSERT INTO `IncludedAmenities` (`listing_id`,`amenity_id`) VALUES (10,'PL');
INSERT INTO `IncludedAmenities` (`listing_id`,`amenity_id`) VALUES (11,'PL');
INSERT INTO `IncludedAmenities` (`listing_id`,`amenity_id`) VALUES (12,'PL');
INSERT INTO `IncludedAmenities` (`listing_id`,`amenity_id`) VALUES (13,'PL');
INSERT INTO `IncludedAmenities` (`listing_id`,`amenity_id`) VALUES (14,'PL');
INSERT INTO `IncludedAmenities` (`listing_id`,`amenity_id`) VALUES (15,'PL');
INSERT INTO `IncludedAmenities` (`listing_id`,`amenity_id`) VALUES (16,'PL');
INSERT INTO `IncludedAmenities` (`listing_id`,`amenity_id`) VALUES (17,'PL');
INSERT INTO `IncludedAmenities` (`listing_id`,`amenity_id`) VALUES (18,'PL');
INSERT INTO `IncludedAmenities` (`listing_id`,`amenity_id`) VALUES (19,'PL');
INSERT INTO `IncludedAmenities` (`listing_id`,`amenity_id`) VALUES (20,'PL');
INSERT INTO `IncludedAmenities` (`listing_id`,`amenity_id`) VALUES (21,'PL');
INSERT INTO `IncludedAmenities` (`listing_id`,`amenity_id`) VALUES (22,'PL');
INSERT INTO `IncludedAmenities` (`listing_id`,`amenity_id`) VALUES (23,'PL');
INSERT INTO `IncludedAmenities` (`listing_id`,`amenity_id`) VALUES (24,'PL');
INSERT INTO `IncludedAmenities` (`listing_id`,`amenity_id`) VALUES (25,'PL');
INSERT INTO `IncludedAmenities` (`listing_id`,`amenity_id`) VALUES (26,'PL');
INSERT INTO `IncludedAmenities` (`listing_id`,`amenity_id`) VALUES (27,'PL');
INSERT INTO `IncludedAmenities` (`listing_id`,`amenity_id`) VALUES (28,'PL');
INSERT INTO `IncludedAmenities` (`listing_id`,`amenity_id`) VALUES (29,'PL');
INSERT INTO `IncludedAmenities` (`listing_id`,`amenity_id`) VALUES (30,'PL');
INSERT INTO `IncludedAmenities` (`listing_id`,`amenity_id`) VALUES (31,'PL');
INSERT INTO `IncludedAmenities` (`listing_id`,`amenity_id`) VALUES (32,'PL');
INSERT INTO `IncludedAmenities` (`listing_id`,`amenity_id`) VALUES (33,'PL');
INSERT INTO `IncludedAmenities` (`listing_id`,`amenity_id`) VALUES (34,'PL');
INSERT INTO `IncludedAmenities` (`listing_id`,`amenity_id`) VALUES (35,'PL');
INSERT INTO `IncludedAmenities` (`listing_id`,`amenity_id`) VALUES (36,'PL');
INSERT INTO `IncludedAmenities` (`listing_id`,`amenity_id`) VALUES (37,'PL');
INSERT INTO `IncludedAmenities` (`listing_id`,`amenity_id`) VALUES (38,'PL');
INSERT INTO `IncludedAmenities` (`listing_id`,`amenity_id`) VALUES (39,'PL');
INSERT INTO `IncludedAmenities` (`listing_id`,`amenity_id`) VALUES (40,'PL');
INSERT INTO `IncludedAmenities` (`listing_id`,`amenity_id`) VALUES (41,'PL');
INSERT INTO `IncludedAmenities` (`listing_id`,`amenity_id`) VALUES (42,'PL');
INSERT INTO `IncludedAmenities` (`listing_id`,`amenity_id`) VALUES (43,'PL');
INSERT INTO `IncludedAmenities` (`listing_id`,`amenity_id`) VALUES (44,'PL');
INSERT INTO `IncludedAmenities` (`listing_id`,`amenity_id`) VALUES (45,'PL');
INSERT INTO `IncludedAmenities` (`listing_id`,`amenity_id`) VALUES (46,'PL');
INSERT INTO `IncludedAmenities` (`listing_id`,`amenity_id`) VALUES (47,'PL');
INSERT INTO `IncludedAmenities` (`listing_id`,`amenity_id`) VALUES (48,'PL');
INSERT INTO `IncludedAmenities` (`listing_id`,`amenity_id`) VALUES (49,'PL');
INSERT INTO `IncludedAmenities` (`listing_id`,`amenity_id`) VALUES (50,'PL');
INSERT INTO `IncludedAmenities` (`listing_id`,`amenity_id`) VALUES (51,'PL');
INSERT INTO `IncludedAmenities` (`listing_id`,`amenity_id`) VALUES (52,'PL');
INSERT INTO `IncludedAmenities` (`listing_id`,`amenity_id`) VALUES (53,'PL');
INSERT INTO `IncludedAmenities` (`listing_id`,`amenity_id`) VALUES (54,'PL');
INSERT INTO `IncludedAmenities` (`listing_id`,`amenity_id`) VALUES (55,'PL');
INSERT INTO `IncludedAmenities` (`listing_id`,`amenity_id`) VALUES (56,'PL');
INSERT INTO `IncludedAmenities` (`listing_id`,`amenity_id`) VALUES (57,'PL');
INSERT INTO `IncludedAmenities` (`listing_id`,`amenity_id`) VALUES (58,'PL');
INSERT INTO `IncludedAmenities` (`listing_id`,`amenity_id`) VALUES (59,'PL');
INSERT INTO `IncludedAmenities` (`listing_id`,`amenity_id`) VALUES (60,'PL');
INSERT INTO `IncludedAmenities` (`listing_id`,`amenity_id`) VALUES (61,'PL');
INSERT INTO `IncludedAmenities` (`listing_id`,`amenity_id`) VALUES (62,'PL');
INSERT INTO `IncludedAmenities` (`listing_id`,`amenity_id`) VALUES (63,'PL');
INSERT INTO `IncludedAmenities` (`listing_id`,`amenity_id`) VALUES (64,'PL');
INSERT INTO `IncludedAmenities` (`listing_id`,`amenity_id`) VALUES (65,'PL');
INSERT INTO `IncludedAmenities` (`listing_id`,`amenity_id`) VALUES (66,'PL');
INSERT INTO `IncludedAmenities` (`listing_id`,`amenity_id`) VALUES (67,'PL');
INSERT INTO `IncludedAmenities` (`listing_id`,`amenity_id`) VALUES (68,'PL');
INSERT INTO `IncludedAmenities` (`listing_id`,`amenity_id`) VALUES (69,'PL');
INSERT INTO `IncludedAmenities` (`listing_id`,`amenity_id`) VALUES (70,'PL');
INSERT INTO `IncludedAmenities` (`listing_id`,`amenity_id`) VALUES (71,'PL');
INSERT INTO `IncludedAmenities` (`listing_id`,`amenity_id`) VALUES (72,'PL');
INSERT INTO `IncludedAmenities` (`listing_id`,`amenity_id`) VALUES (83,'PL');
INSERT INTO `IncludedAmenities` (`listing_id`,`amenity_id`) VALUES (84,'PL');
INSERT INTO `IncludedAmenities` (`listing_id`,`amenity_id`) VALUES (85,'PL');
INSERT INTO `IncludedAmenities` (`listing_id`,`amenity_id`) VALUES (86,'PL');
INSERT INTO `IncludedAmenities` (`listing_id`,`amenity_id`) VALUES (87,'PL');
INSERT INTO `IncludedAmenities` (`listing_id`,`amenity_id`) VALUES (88,'PL');
INSERT INTO `IncludedAmenities` (`listing_id`,`amenity_id`) VALUES (89,'PL');
INSERT INTO `IncludedAmenities` (`listing_id`,`amenity_id`) VALUES (90,'PL');
INSERT INTO `IncludedAmenities` (`listing_id`,`amenity_id`) VALUES (91,'PL');
INSERT INTO `IncludedAmenities` (`listing_id`,`amenity_id`) VALUES (92,'PL');
INSERT INTO `IncludedAmenities` (`listing_id`,`amenity_id`) VALUES (93,'PL');
INSERT INTO `IncludedAmenities` (`listing_id`,`amenity_id`) VALUES (94,'PL');
INSERT INTO `IncludedAmenities` (`listing_id`,`amenity_id`) VALUES (95,'PL');
INSERT INTO `IncludedAmenities` (`listing_id`,`amenity_id`) VALUES (96,'PL');
INSERT INTO `IncludedAmenities` (`listing_id`,`amenity_id`) VALUES (97,'PL');
INSERT INTO `IncludedAmenities` (`listing_id`,`amenity_id`) VALUES (98,'PL');
INSERT INTO `IncludedAmenities` (`listing_id`,`amenity_id`) VALUES (99,'PL');
INSERT INTO `IncludedAmenities` (`listing_id`,`amenity_id`) VALUES (100,'PL');
INSERT INTO `IncludedAmenities` (`listing_id`,`amenity_id`) VALUES (101,'PL');
INSERT INTO `IncludedAmenities` (`listing_id`,`amenity_id`) VALUES (102,'PL');
INSERT INTO `IncludedAmenities` (`listing_id`,`amenity_id`) VALUES (103,'PL');
INSERT INTO `IncludedAmenities` (`listing_id`,`amenity_id`) VALUES (104,'PL');
INSERT INTO `IncludedAmenities` (`listing_id`,`amenity_id`) VALUES (105,'PL');
INSERT INTO `IncludedAmenities` (`listing_id`,`amenity_id`) VALUES (106,'PL');
INSERT INTO `IncludedAmenities` (`listing_id`,`amenity_id`) VALUES (107,'PL');
INSERT INTO `IncludedAmenities` (`listing_id`,`amenity_id`) VALUES (108,'PL');
INSERT INTO `IncludedAmenities` (`listing_id`,`amenity_id`) VALUES (109,'PL');
INSERT INTO `IncludedAmenities` (`listing_id`,`amenity_id`) VALUES (110,'PL');
INSERT INTO `IncludedAmenities` (`listing_id`,`amenity_id`) VALUES (111,'PL');
INSERT INTO `IncludedAmenities` (`listing_id`,`amenity_id`) VALUES (112,'PL');
INSERT INTO `IncludedAmenities` (`listing_id`,`amenity_id`) VALUES (113,'PL');
INSERT INTO `IncludedAmenities` (`listing_id`,`amenity_id`) VALUES (114,'PL');
INSERT INTO `IncludedAmenities` (`listing_id`,`amenity_id`) VALUES (115,'PL');
INSERT INTO `IncludedAmenities` (`listing_id`,`amenity_id`) VALUES (0,'UKB');
INSERT INTO `IncludedAmenities` (`listing_id`,`amenity_id`) VALUES (1,'UKB');
INSERT INTO `IncludedAmenities` (`listing_id`,`amenity_id`) VALUES (2,'UKB');
INSERT INTO `IncludedAmenities` (`listing_id`,`amenity_id`) VALUES (3,'UKB');
INSERT INTO `IncludedAmenities` (`listing_id`,`amenity_id`) VALUES (4,'UKB');
INSERT INTO `IncludedAmenities` (`listing_id`,`amenity_id`) VALUES (5,'UKB');
INSERT INTO `IncludedAmenities` (`listing_id`,`amenity_id`) VALUES (6,'UKB');
INSERT INTO `IncludedAmenities` (`listing_id`,`amenity_id`) VALUES (7,'UKB');
INSERT INTO `IncludedAmenities` (`listing_id`,`amenity_id`) VALUES (8,'UKB');
INSERT INTO `IncludedAmenities` (`listing_id`,`amenity_id`) VALUES (11,'UKB');
INSERT INTO `IncludedAmenities` (`listing_id`,`amenity_id`) VALUES (12,'UKB');
INSERT INTO `IncludedAmenities` (`listing_id`,`amenity_id`) VALUES (13,'UKB');
INSERT INTO `IncludedAmenities` (`listing_id`,`amenity_id`) VALUES (14,'UKB');
INSERT INTO `IncludedAmenities` (`listing_id`,`amenity_id`) VALUES (15,'UKB');
INSERT INTO `IncludedAmenities` (`listing_id`,`amenity_id`) VALUES (16,'UKB');
INSERT INTO `IncludedAmenities` (`listing_id`,`amenity_id`) VALUES (17,'UKB');
INSERT INTO `IncludedAmenities` (`listing_id`,`amenity_id`) VALUES (18,'UKB');
INSERT INTO `IncludedAmenities` (`listing_id`,`amenity_id`) VALUES (19,'UKB');
INSERT INTO `IncludedAmenities` (`listing_id`,`amenity_id`) VALUES (20,'UKB');
INSERT INTO `IncludedAmenities` (`listing_id`,`amenity_id`) VALUES (21,'UKB');
INSERT INTO `IncludedAmenities` (`listing_id`,`amenity_id`) VALUES (22,'UKB');
INSERT INTO `IncludedAmenities` (`listing_id`,`amenity_id`) VALUES (27,'UKB');
INSERT INTO `IncludedAmenities` (`listing_id`,`amenity_id`) VALUES (28,'UKB');
INSERT INTO `IncludedAmenities` (`listing_id`,`amenity_id`) VALUES (31,'UKB');
INSERT INTO `IncludedAmenities` (`listing_id`,`amenity_id`) VALUES (32,'UKB');
INSERT INTO `IncludedAmenities` (`listing_id`,`amenity_id`) VALUES (33,'UKB');
INSERT INTO `IncludedAmenities` (`listing_id`,`amenity_id`) VALUES (34,'UKB');
INSERT INTO `IncludedAmenities` (`listing_id`,`amenity_id`) VALUES (35,'UKB');
INSERT INTO `IncludedAmenities` (`listing_id`,`amenity_id`) VALUES (36,'UKB');
INSERT INTO `IncludedAmenities` (`listing_id`,`amenity_id`) VALUES (37,'UKB');
INSERT INTO `IncludedAmenities` (`listing_id`,`amenity_id`) VALUES (38,'UKB');
INSERT INTO `IncludedAmenities` (`listing_id`,`amenity_id`) VALUES (39,'UKB');
INSERT INTO `IncludedAmenities` (`listing_id`,`amenity_id`) VALUES (40,'UKB');
INSERT INTO `IncludedAmenities` (`listing_id`,`amenity_id`) VALUES (41,'UKB');
INSERT INTO `IncludedAmenities` (`listing_id`,`amenity_id`) VALUES (42,'UKB');
INSERT INTO `IncludedAmenities` (`listing_id`,`amenity_id`) VALUES (43,'UKB');
INSERT INTO `IncludedAmenities` (`listing_id`,`amenity_id`) VALUES (44,'UKB');
INSERT INTO `IncludedAmenities` (`listing_id`,`amenity_id`) VALUES (45,'UKB');
INSERT INTO `IncludedAmenities` (`listing_id`,`amenity_id`) VALUES (46,'UKB');
INSERT INTO `IncludedAmenities` (`listing_id`,`amenity_id`) VALUES (47,'UKB');
INSERT INTO `IncludedAmenities` (`listing_id`,`amenity_id`) VALUES (48,'UKB');
INSERT INTO `IncludedAmenities` (`listing_id`,`amenity_id`) VALUES (49,'UKB');
INSERT INTO `IncludedAmenities` (`listing_id`,`amenity_id`) VALUES (50,'UKB');
INSERT INTO `IncludedAmenities` (`listing_id`,`amenity_id`) VALUES (51,'UKB');
INSERT INTO `IncludedAmenities` (`listing_id`,`amenity_id`) VALUES (52,'UKB');
INSERT INTO `IncludedAmenities` (`listing_id`,`amenity_id`) VALUES (53,'UKB');
INSERT INTO `IncludedAmenities` (`listing_id`,`amenity_id`) VALUES (54,'UKB');
INSERT INTO `IncludedAmenities` (`listing_id`,`amenity_id`) VALUES (55,'UKB');
INSERT INTO `IncludedAmenities` (`listing_id`,`amenity_id`) VALUES (56,'UKB');
INSERT INTO `IncludedAmenities` (`listing_id`,`amenity_id`) VALUES (57,'UKB');
INSERT INTO `IncludedAmenities` (`listing_id`,`amenity_id`) VALUES (58,'UKB');
INSERT INTO `IncludedAmenities` (`listing_id`,`amenity_id`) VALUES (64,'UKB');
INSERT INTO `IncludedAmenities` (`listing_id`,`amenity_id`) VALUES (65,'UKB');
INSERT INTO `IncludedAmenities` (`listing_id`,`amenity_id`) VALUES (66,'UKB');
INSERT INTO `IncludedAmenities` (`listing_id`,`amenity_id`) VALUES (83,'UKB');
INSERT INTO `IncludedAmenities` (`listing_id`,`amenity_id`) VALUES (84,'UKB');
INSERT INTO `IncludedAmenities` (`listing_id`,`amenity_id`) VALUES (85,'UKB');
INSERT INTO `IncludedAmenities` (`listing_id`,`amenity_id`) VALUES (86,'UKB');
INSERT INTO `IncludedAmenities` (`listing_id`,`amenity_id`) VALUES (87,'UKB');
INSERT INTO `IncludedAmenities` (`listing_id`,`amenity_id`) VALUES (88,'UKB');
INSERT INTO `IncludedAmenities` (`listing_id`,`amenity_id`) VALUES (89,'UKB');
INSERT INTO `IncludedAmenities` (`listing_id`,`amenity_id`) VALUES (90,'UKB');
INSERT INTO `IncludedAmenities` (`listing_id`,`amenity_id`) VALUES (91,'UKB');
INSERT INTO `IncludedAmenities` (`listing_id`,`amenity_id`) VALUES (92,'UKB');
INSERT INTO `IncludedAmenities` (`listing_id`,`amenity_id`) VALUES (93,'UKB');
INSERT INTO `IncludedAmenities` (`listing_id`,`amenity_id`) VALUES (100,'UKB');
INSERT INTO `IncludedAmenities` (`listing_id`,`amenity_id`) VALUES (101,'UKB');
INSERT INTO `IncludedAmenities` (`listing_id`,`amenity_id`) VALUES (116,'WAD');
INSERT INTO `IncludedAmenities` (`listing_id`,`amenity_id`) VALUES (117,'WAD');
INSERT INTO `IncludedAmenities` (`listing_id`,`amenity_id`) VALUES (118,'WAD');
INSERT INTO `IncludedAmenities` (`listing_id`,`amenity_id`) VALUES (119,'WAD');
INSERT INTO `IncludedAmenities` (`listing_id`,`amenity_id`) VALUES (124,'WAD');
INSERT INTO `IncludedAmenities` (`listing_id`,`amenity_id`) VALUES (125,'WAD');
INSERT INTO `IncludedAmenities` (`listing_id`,`amenity_id`) VALUES (126,'WAD');
INSERT INTO `IncludedAmenities` (`listing_id`,`amenity_id`) VALUES (127,'WAD');
INSERT INTO `IncludedAmenities` (`listing_id`,`amenity_id`) VALUES (128,'WAD');
INSERT INTO `IncludedAmenities` (`listing_id`,`amenity_id`) VALUES (129,'WAD');
INSERT INTO `IncludedAmenities` (`listing_id`,`amenity_id`) VALUES (134,'WAD');
INSERT INTO `IncludedAmenities` (`listing_id`,`amenity_id`) VALUES (135,'WAD');
INSERT INTO `IncludedAmenities` (`listing_id`,`amenity_id`) VALUES (136,'WAD');
INSERT INTO `IncludedAmenities` (`listing_id`,`amenity_id`) VALUES (137,'WAD');
INSERT INTO `IncludedAmenities` (`listing_id`,`amenity_id`) VALUES (138,'WAD');
INSERT INTO `IncludedAmenities` (`listing_id`,`amenity_id`) VALUES (139,'WAD');
INSERT INTO `IncludedAmenities` (`listing_id`,`amenity_id`) VALUES (140,'WAD');
INSERT INTO `IncludedAmenities` (`listing_id`,`amenity_id`) VALUES (141,'WAD');
INSERT INTO `IncludedAmenities` (`listing_id`,`amenity_id`) VALUES (142,'WAD');
INSERT INTO `IncludedAmenities` (`listing_id`,`amenity_id`) VALUES (143,'WAD');
INSERT INTO `IncludedAmenities` (`listing_id`,`amenity_id`) VALUES (144,'WAD');
INSERT INTO `IncludedAmenities` (`listing_id`,`amenity_id`) VALUES (145,'WAD');
INSERT INTO `IncludedAmenities` (`listing_id`,`amenity_id`) VALUES (146,'WAD');
INSERT INTO `IncludedAmenities` (`listing_id`,`amenity_id`) VALUES (147,'WAD');
INSERT INTO `IncludedAmenities` (`listing_id`,`amenity_id`) VALUES (148,'WAD');
INSERT INTO `IncludedAmenities` (`listing_id`,`amenity_id`) VALUES (149,'WAD');
INSERT INTO `IncludedAmenities` (`listing_id`,`amenity_id`) VALUES (150,'WAD');
INSERT INTO `IncludedAmenities` (`listing_id`,`amenity_id`) VALUES (151,'WAD');
INSERT INTO `IncludedAmenities` (`listing_id`,`amenity_id`) VALUES (152,'WAD');
INSERT INTO `IncludedAmenities` (`listing_id`,`amenity_id`) VALUES (153,'WAD');
INSERT INTO `IncludedAmenities` (`listing_id`,`amenity_id`) VALUES (154,'WAD');
INSERT INTO `IncludedAmenities` (`listing_id`,`amenity_id`) VALUES (155,'WAD');
INSERT INTO `IncludedAmenities` (`listing_id`,`amenity_id`) VALUES (158,'WAD');
INSERT INTO `IncludedAmenities` (`listing_id`,`amenity_id`) VALUES (159,'WAD');
INSERT INTO `IncludedAmenities` (`listing_id`,`amenity_id`) VALUES (160,'WAD');
INSERT INTO `IncludedAmenities` (`listing_id`,`amenity_id`) VALUES (161,'WAD');
INSERT INTO `IncludedAmenities` (`listing_id`,`amenity_id`) VALUES (162,'WAD');
INSERT INTO `IncludedAmenities` (`listing_id`,`amenity_id`) VALUES (163,'WAD');
INSERT INTO `IncludedAmenities` (`listing_id`,`amenity_id`) VALUES (164,'WAD');
INSERT INTO `IncludedAmenities` (`listing_id`,`amenity_id`) VALUES (165,'WAD');
INSERT INTO `IncludedAmenities` (`listing_id`,`amenity_id`) VALUES (168,'WAD');
INSERT INTO `IncludedAmenities` (`listing_id`,`amenity_id`) VALUES (169,'WAD');
INSERT INTO `IncludedAmenities` (`listing_id`,`amenity_id`) VALUES (170,'WAD');
INSERT INTO `IncludedAmenities` (`listing_id`,`amenity_id`) VALUES (171,'WAD');
INSERT INTO `IncludedAmenities` (`listing_id`,`amenity_id`) VALUES (172,'WAD');
INSERT INTO `IncludedAmenities` (`listing_id`,`amenity_id`) VALUES (173,'WAD');
INSERT INTO `IncludedAmenities` (`listing_id`,`amenity_id`) VALUES (174,'WAD');
INSERT INTO `IncludedAmenities` (`listing_id`,`amenity_id`) VALUES (175,'WAD');
INSERT INTO `IncludedAmenities` (`listing_id`,`amenity_id`) VALUES (176,'WAD');
INSERT INTO `IncludedAmenities` (`listing_id`,`amenity_id`) VALUES (177,'WAD');

INSERT INTO `Listings` (`listing_id`,`address`,`image`,`beds`,`baths`,`price`,`currency`,`safety_rating`,`link`,`latitude`,`longitude`,`Agent_id`) VALUES (0,'200 S 42nd St, Philadelphia, PA 19104, USA','http://www.livecampusapts.com/Common/website_templates/_common/display_type/responsive/img/transparent.png',1,1,1085,'USD',1,'http://www.livecampusapts.com/philadelphia/ca-200-south-42nd-street',39.9541489,-75.20680469999999,'CAPT');
INSERT INTO `Listings` (`listing_id`,`address`,`image`,`beds`,`baths`,`price`,`currency`,`safety_rating`,`link`,`latitude`,`longitude`,`Agent_id`) VALUES (1,'200 S 42nd St, Philadelphia, PA 19104, USA','http://www.livecampusapts.com/Common/website_templates/_common/display_type/responsive/img/transparent.png',2,2,1085,'USD',1,'http://www.livecampusapts.com/philadelphia/ca-200-south-42nd-street',39.9541489,-75.20680469999999,'CAPT');
INSERT INTO `Listings` (`listing_id`,`address`,`image`,`beds`,`baths`,`price`,`currency`,`safety_rating`,`link`,`latitude`,`longitude`,`Agent_id`) VALUES (2,'202 S 42nd St, Philadelphia, PA 19104, USA','http://www.livecampusapts.com/Common/website_templates/_common/display_type/responsive/img/transparent.png',1,1,985,'USD',1,'http://www.livecampusapts.com/philadelphia/ca-202-south-42nd-street',39.9541234,-75.2068153,'CAPT');
INSERT INTO `Listings` (`listing_id`,`address`,`image`,`beds`,`baths`,`price`,`currency`,`safety_rating`,`link`,`latitude`,`longitude`,`Agent_id`) VALUES (3,'202 S 42nd St, Philadelphia, PA 19104, USA','http://www.livecampusapts.com/Common/website_templates/_common/display_type/responsive/img/transparent.png',2,2,985,'USD',1,'http://www.livecampusapts.com/philadelphia/ca-202-south-42nd-street',39.9541234,-75.2068153,'CAPT');
INSERT INTO `Listings` (`listing_id`,`address`,`image`,`beds`,`baths`,`price`,`currency`,`safety_rating`,`link`,`latitude`,`longitude`,`Agent_id`) VALUES (4,'213 S 41st St, Philadelphia, PA 19104, USA','http://www.livecampusapts.com/Common/website_templates/_common/display_type/responsive/img/transparent.png',4,1,3380,'USD',1,'http://www.livecampusapts.com/philadelphia/ca-213-215-south-41st-street',39.953896,-75.204869,'CAPT');
INSERT INTO `Listings` (`listing_id`,`address`,`image`,`beds`,`baths`,`price`,`currency`,`safety_rating`,`link`,`latitude`,`longitude`,`Agent_id`) VALUES (5,'213 S 41st St, Philadelphia, PA 19104, USA','http://www.livecampusapts.com/Common/website_templates/_common/display_type/responsive/img/transparent.png',6,3,3380,'USD',1,'http://www.livecampusapts.com/philadelphia/ca-213-215-south-41st-street',39.953896,-75.204869,'CAPT');
INSERT INTO `Listings` (`listing_id`,`address`,`image`,`beds`,`baths`,`price`,`currency`,`safety_rating`,`link`,`latitude`,`longitude`,`Agent_id`) VALUES (6,'214 S 41st St, Philadelphia, PA 19104, USA','http://www.livecampusapts.com/Common/website_templates/_common/display_type/responsive/img/transparent.png',1,1,915,'USD',1,'http://www.livecampusapts.com/philadelphia/ca-214-south-41st-street',39.9534655,-75.2055188,'CAPT');
INSERT INTO `Listings` (`listing_id`,`address`,`image`,`beds`,`baths`,`price`,`currency`,`safety_rating`,`link`,`latitude`,`longitude`,`Agent_id`) VALUES (7,'214 S 41st St, Philadelphia, PA 19104, USA','http://www.livecampusapts.com/Common/website_templates/_common/display_type/responsive/img/transparent.png',2,1,915,'USD',1,'http://www.livecampusapts.com/philadelphia/ca-214-south-41st-street',39.9534655,-75.2055188,'CAPT');
INSERT INTO `Listings` (`listing_id`,`address`,`image`,`beds`,`baths`,`price`,`currency`,`safety_rating`,`link`,`latitude`,`longitude`,`Agent_id`) VALUES (8,'227 S 42nd St, Philadelphia, PA 19104, USA','http://www.livecampusapts.com/Common/website_templates/_common/display_type/responsive/img/transparent.png',1,1,835,'USD',1,'http://www.livecampusapts.com/philadelphia/ca-227-south-42nd-street',39.952995,-75.20632599999999,'CAPT');
INSERT INTO `Listings` (`listing_id`,`address`,`image`,`beds`,`baths`,`price`,`currency`,`safety_rating`,`link`,`latitude`,`longitude`,`Agent_id`) VALUES (9,'233 S 42nd St, Philadelphia, PA 19104, USA','http://www.livecampusapts.com/Common/website_templates/_common/display_type/responsive/img/transparent.png',1,1,835,'USD',1,'http://www.livecampusapts.com/philadelphia/ca-233-south-42nd-street',39.952609,-75.206406,'CAPT');
INSERT INTO `Listings` (`listing_id`,`address`,`image`,`beds`,`baths`,`price`,`currency`,`safety_rating`,`link`,`latitude`,`longitude`,`Agent_id`) VALUES (10,'233 S 42nd St, Philadelphia, PA 19104, USA','http://www.livecampusapts.com/Common/website_templates/_common/display_type/responsive/img/transparent.png',4,2,835,'USD',1,'http://www.livecampusapts.com/philadelphia/ca-233-south-42nd-street',39.952609,-75.206406,'CAPT');
INSERT INTO `Listings` (`listing_id`,`address`,`image`,`beds`,`baths`,`price`,`currency`,`safety_rating`,`link`,`latitude`,`longitude`,`Agent_id`) VALUES (11,'235 S 42nd St, Philadelphia, PA 19104, USA','http://www.livecampusapts.com/Common/website_templates/_common/display_type/responsive/img/transparent.png',1,1,875,'USD',1,'http://www.livecampusapts.com/philadelphia/ca-235-south-42nd-street',39.95248,-75.20643199999999,'CAPT');
INSERT INTO `Listings` (`listing_id`,`address`,`image`,`beds`,`baths`,`price`,`currency`,`safety_rating`,`link`,`latitude`,`longitude`,`Agent_id`) VALUES (12,'235 S 42nd St, Philadelphia, PA 19104, USA','http://www.livecampusapts.com/Common/website_templates/_common/display_type/responsive/img/transparent.png',2,1,875,'USD',1,'http://www.livecampusapts.com/philadelphia/ca-235-south-42nd-street',39.95248,-75.20643199999999,'CAPT');
INSERT INTO `Listings` (`listing_id`,`address`,`image`,`beds`,`baths`,`price`,`currency`,`safety_rating`,`link`,`latitude`,`longitude`,`Agent_id`) VALUES (13,'305 S 41st St, Philadelphia, PA 19104, USA','http://www.livecampusapts.com/Common/website_templates/_common/display_type/responsive/img/transparent.png',1,1,885,'USD',1,'http://www.livecampusapts.com/philadelphia/ca-305-south-41st-street',39.951609,-75.205389,'CAPT');
INSERT INTO `Listings` (`listing_id`,`address`,`image`,`beds`,`baths`,`price`,`currency`,`safety_rating`,`link`,`latitude`,`longitude`,`Agent_id`) VALUES (14,'305 S 41st St, Philadelphia, PA 19104, USA','http://www.livecampusapts.com/Common/website_templates/_common/display_type/responsive/img/transparent.png',4,2,885,'USD',1,'http://www.livecampusapts.com/philadelphia/ca-305-south-41st-street',39.951609,-75.205389,'CAPT');
INSERT INTO `Listings` (`listing_id`,`address`,`image`,`beds`,`baths`,`price`,`currency`,`safety_rating`,`link`,`latitude`,`longitude`,`Agent_id`) VALUES (15,'307 S 41st St, Philadelphia, PA 19104, USA','http://www.livecampusapts.com/Common/website_templates/_common/display_type/responsive/img/transparent.png',1,1,1075,'USD',1,'http://www.livecampusapts.com/philadelphia/ca-307-south-41st-street',39.951546,-75.20540199999999,'CAPT');
INSERT INTO `Listings` (`listing_id`,`address`,`image`,`beds`,`baths`,`price`,`currency`,`safety_rating`,`link`,`latitude`,`longitude`,`Agent_id`) VALUES (16,'307 S 41st St, Philadelphia, PA 19104, USA','http://www.livecampusapts.com/Common/website_templates/_common/display_type/responsive/img/transparent.png',2,1,1075,'USD',1,'http://www.livecampusapts.com/philadelphia/ca-307-south-41st-street',39.951546,-75.20540199999999,'CAPT');
INSERT INTO `Listings` (`listing_id`,`address`,`image`,`beds`,`baths`,`price`,`currency`,`safety_rating`,`link`,`latitude`,`longitude`,`Agent_id`) VALUES (17,'307 S 41st St, Philadelphia, PA 19104, USA','http://www.livecampusapts.com/Common/website_templates/_common/display_type/responsive/img/transparent.png',4,2,1075,'USD',1,'http://www.livecampusapts.com/philadelphia/ca-307-south-41st-street',39.951546,-75.20540199999999,'CAPT');
INSERT INTO `Listings` (`listing_id`,`address`,`image`,`beds`,`baths`,`price`,`currency`,`safety_rating`,`link`,`latitude`,`longitude`,`Agent_id`) VALUES (18,'309 S 41st St, Philadelphia, PA 19104, USA','http://www.livecampusapts.com/Common/website_templates/_common/display_type/responsive/img/transparent.png',2,2,1005,'USD',1,'http://www.livecampusapts.com/philadelphia/ca-309-south-41st-street',39.951431,-75.205426,'CAPT');
INSERT INTO `Listings` (`listing_id`,`address`,`image`,`beds`,`baths`,`price`,`currency`,`safety_rating`,`link`,`latitude`,`longitude`,`Agent_id`) VALUES (19,'309 S 41st St, Philadelphia, PA 19104, USA','http://www.livecampusapts.com/Common/website_templates/_common/display_type/responsive/img/transparent.png',3,2,1005,'USD',1,'http://www.livecampusapts.com/philadelphia/ca-309-south-41st-street',39.951431,-75.205426,'CAPT');
INSERT INTO `Listings` (`listing_id`,`address`,`image`,`beds`,`baths`,`price`,`currency`,`safety_rating`,`link`,`latitude`,`longitude`,`Agent_id`) VALUES (20,'309 S 41st St, Philadelphia, PA 19104, USA','http://www.livecampusapts.com/Common/website_templates/_common/display_type/responsive/img/transparent.png',4,2,1005,'USD',1,'http://www.livecampusapts.com/philadelphia/ca-309-south-41st-street',39.951431,-75.205426,'CAPT');
INSERT INTO `Listings` (`listing_id`,`address`,`image`,`beds`,`baths`,`price`,`currency`,`safety_rating`,`link`,`latitude`,`longitude`,`Agent_id`) VALUES (21,'313 S 41st St, Philadelphia, PA 19104, USA','http://www.livecampusapts.com/Common/website_templates/_common/display_type/responsive/img/transparent.png',1,1,865,'USD',1,'http://www.livecampusapts.com/philadelphia/ca-313-south-41st-street',39.951294,-75.205456,'CAPT');
INSERT INTO `Listings` (`listing_id`,`address`,`image`,`beds`,`baths`,`price`,`currency`,`safety_rating`,`link`,`latitude`,`longitude`,`Agent_id`) VALUES (22,'313 S 41st St, Philadelphia, PA 19104, USA','http://www.livecampusapts.com/Common/website_templates/_common/display_type/responsive/img/transparent.png',5,2,865,'USD',1,'http://www.livecampusapts.com/philadelphia/ca-313-south-41st-street',39.951294,-75.205456,'CAPT');
INSERT INTO `Listings` (`listing_id`,`address`,`image`,`beds`,`baths`,`price`,`currency`,`safety_rating`,`link`,`latitude`,`longitude`,`Agent_id`) VALUES (23,'315 S 45th St, Philadelphia, PA 19104, USA','http://www.livecampusapts.com/Common/website_templates/_common/display_type/responsive/img/transparent.png',1,1,825,'USD',1,'http://www.livecampusapts.com/philadelphia/ca-315-south-45th-street',39.9520595,-75.2119857,'CAPT');
INSERT INTO `Listings` (`listing_id`,`address`,`image`,`beds`,`baths`,`price`,`currency`,`safety_rating`,`link`,`latitude`,`longitude`,`Agent_id`) VALUES (24,'315 S 45th St, Philadelphia, PA 19104, USA','http://www.livecampusapts.com/Common/website_templates/_common/display_type/responsive/img/transparent.png',2,1,825,'USD',1,'http://www.livecampusapts.com/philadelphia/ca-315-south-45th-street',39.9520595,-75.2119857,'CAPT');
INSERT INTO `Listings` (`listing_id`,`address`,`image`,`beds`,`baths`,`price`,`currency`,`safety_rating`,`link`,`latitude`,`longitude`,`Agent_id`) VALUES (25,'315 S 45th St, Philadelphia, PA 19104, USA','http://www.livecampusapts.com/Common/website_templates/_common/display_type/responsive/img/transparent.png',2,2,825,'USD',1,'http://www.livecampusapts.com/philadelphia/ca-315-south-45th-street',39.9520595,-75.2119857,'CAPT');
INSERT INTO `Listings` (`listing_id`,`address`,`image`,`beds`,`baths`,`price`,`currency`,`safety_rating`,`link`,`latitude`,`longitude`,`Agent_id`) VALUES (26,'315 S 45th St, Philadelphia, PA 19104, USA','http://www.livecampusapts.com/Common/website_templates/_common/display_type/responsive/img/transparent.png',3,2,825,'USD',1,'http://www.livecampusapts.com/philadelphia/ca-315-south-45th-street',39.9520595,-75.2119857,'CAPT');
INSERT INTO `Listings` (`listing_id`,`address`,`image`,`beds`,`baths`,`price`,`currency`,`safety_rating`,`link`,`latitude`,`longitude`,`Agent_id`) VALUES (27,'334 S 42nd St, Philadelphia, PA 19104, USA','http://www.livecampusapts.com/Common/website_templates/_common/display_type/responsive/img/transparent.png',1,1,815,'USD',1,'http://www.livecampusapts.com/philadelphia/ca-334-south-42nd-street',39.9513563,-75.20741199999999,'CAPT');
INSERT INTO `Listings` (`listing_id`,`address`,`image`,`beds`,`baths`,`price`,`currency`,`safety_rating`,`link`,`latitude`,`longitude`,`Agent_id`) VALUES (28,'334 S 42nd St, Philadelphia, PA 19104, USA','http://www.livecampusapts.com/Common/website_templates/_common/display_type/responsive/img/transparent.png',2,1,815,'USD',1,'http://www.livecampusapts.com/philadelphia/ca-334-south-42nd-street',39.9513563,-75.20741199999999,'CAPT');
INSERT INTO `Listings` (`listing_id`,`address`,`image`,`beds`,`baths`,`price`,`currency`,`safety_rating`,`link`,`latitude`,`longitude`,`Agent_id`) VALUES (29,'4000 Pine St, Philadelphia, PA 19104, USA','http://www.livecampusapts.com/Common/website_templates/_common/display_type/responsive/img/transparent.png',4,2,4600,'USD',1,'http://www.livecampusapts.com/philadelphia/ca-4000-pine-street',39.9507825,-75.20401439999999,'CAPT');
INSERT INTO `Listings` (`listing_id`,`address`,`image`,`beds`,`baths`,`price`,`currency`,`safety_rating`,`link`,`latitude`,`longitude`,`Agent_id`) VALUES (30,'4000 Pine St, Philadelphia, PA 19104, USA','http://www.livecampusapts.com/Common/website_templates/_common/display_type/responsive/img/transparent.png',11,6,4600,'USD',1,'http://www.livecampusapts.com/philadelphia/ca-4000-pine-street',39.9507825,-75.20401439999999,'CAPT');
INSERT INTO `Listings` (`listing_id`,`address`,`image`,`beds`,`baths`,`price`,`currency`,`safety_rating`,`link`,`latitude`,`longitude`,`Agent_id`) VALUES (31,'4016 Pine St, Philadelphia, PA 19104, USA','http://www.livecampusapts.com/Common/website_templates/_common/display_type/responsive/img/transparent.png',1,1,1055,'USD',1,'http://www.livecampusapts.com/philadelphia/ca-4016-pine-street',39.950672,-75.205479,'CAPT');
INSERT INTO `Listings` (`listing_id`,`address`,`image`,`beds`,`baths`,`price`,`currency`,`safety_rating`,`link`,`latitude`,`longitude`,`Agent_id`) VALUES (32,'4016 Pine St, Philadelphia, PA 19104, USA','http://www.livecampusapts.com/Common/website_templates/_common/display_type/responsive/img/transparent.png',2,1,1055,'USD',1,'http://www.livecampusapts.com/philadelphia/ca-4016-pine-street',39.950672,-75.205479,'CAPT');
INSERT INTO `Listings` (`listing_id`,`address`,`image`,`beds`,`baths`,`price`,`currency`,`safety_rating`,`link`,`latitude`,`longitude`,`Agent_id`) VALUES (33,'401 S 41st St, Philadelphia, PA 19104, USA','http://www.livecampusapts.com/Common/website_templates/_common/display_type/responsive/img/transparent.png',1,1,865,'USD',1,'http://www.livecampusapts.com/philadelphia/ca-401-south-41st-street',39.9507292,-75.2055614,'CAPT');
INSERT INTO `Listings` (`listing_id`,`address`,`image`,`beds`,`baths`,`price`,`currency`,`safety_rating`,`link`,`latitude`,`longitude`,`Agent_id`) VALUES (34,'401 S 41st St, Philadelphia, PA 19104, USA','http://www.livecampusapts.com/Common/website_templates/_common/display_type/responsive/img/transparent.png',2,1,865,'USD',1,'http://www.livecampusapts.com/philadelphia/ca-401-south-41st-street',39.9507292,-75.2055614,'CAPT');
INSERT INTO `Listings` (`listing_id`,`address`,`image`,`beds`,`baths`,`price`,`currency`,`safety_rating`,`link`,`latitude`,`longitude`,`Agent_id`) VALUES (35,'4029 Walnut St, Philadelphia, PA 19104, USA','http://www.livecampusapts.com/Common/website_templates/_common/display_type/responsive/img/transparent.png',1,1,915,'USD',1,'http://www.livecampusapts.com/philadelphia/ca-4029-walnut-street',39.9546,-75.2040619,'CAPT');
INSERT INTO `Listings` (`listing_id`,`address`,`image`,`beds`,`baths`,`price`,`currency`,`safety_rating`,`link`,`latitude`,`longitude`,`Agent_id`) VALUES (36,'4029 Walnut St, Philadelphia, PA 19104, USA','http://www.livecampusapts.com/Common/website_templates/_common/display_type/responsive/img/transparent.png',2,1,915,'USD',1,'http://www.livecampusapts.com/philadelphia/ca-4029-walnut-street',39.9546,-75.2040619,'CAPT');
INSERT INTO `Listings` (`listing_id`,`address`,`image`,`beds`,`baths`,`price`,`currency`,`safety_rating`,`link`,`latitude`,`longitude`,`Agent_id`) VALUES (37,'4029 Walnut St, Philadelphia, PA 19104, USA','http://www.livecampusapts.com/Common/website_templates/_common/display_type/responsive/img/transparent.png',5,2,915,'USD',1,'http://www.livecampusapts.com/philadelphia/ca-4029-walnut-street',39.9546,-75.2040619,'CAPT');
INSERT INTO `Listings` (`listing_id`,`address`,`image`,`beds`,`baths`,`price`,`currency`,`safety_rating`,`link`,`latitude`,`longitude`,`Agent_id`) VALUES (38,'4036 Walnut St, Philadelphia, PA 19104, USA','http://www.livecampusapts.com/Common/website_templates/_common/display_type/responsive/img/transparent.png',1,1,975,'USD',1,'http://www.livecampusapts.com/philadelphia/ca-4036-walnut-street',39.95393199999999,-75.2044559,'CAPT');
INSERT INTO `Listings` (`listing_id`,`address`,`image`,`beds`,`baths`,`price`,`currency`,`safety_rating`,`link`,`latitude`,`longitude`,`Agent_id`) VALUES (39,'4036 Walnut St, Philadelphia, PA 19104, USA','http://www.livecampusapts.com/Common/website_templates/_common/display_type/responsive/img/transparent.png',2,1,975,'USD',1,'http://www.livecampusapts.com/philadelphia/ca-4036-walnut-street',39.95393199999999,-75.2044559,'CAPT');
INSERT INTO `Listings` (`listing_id`,`address`,`image`,`beds`,`baths`,`price`,`currency`,`safety_rating`,`link`,`latitude`,`longitude`,`Agent_id`) VALUES (40,'4036 Walnut St, Philadelphia, PA 19104, USA','http://www.livecampusapts.com/Common/website_templates/_common/display_type/responsive/img/transparent.png',3,1,975,'USD',1,'http://www.livecampusapts.com/philadelphia/ca-4036-walnut-street',39.95393199999999,-75.2044559,'CAPT');
INSERT INTO `Listings` (`listing_id`,`address`,`image`,`beds`,`baths`,`price`,`currency`,`safety_rating`,`link`,`latitude`,`longitude`,`Agent_id`) VALUES (41,'4036 Walnut St, Philadelphia, PA 19104, USA','http://www.livecampusapts.com/Common/website_templates/_common/display_type/responsive/img/transparent.png',4,1,975,'USD',1,'http://www.livecampusapts.com/philadelphia/ca-4036-walnut-street',39.95393199999999,-75.2044559,'CAPT');
INSERT INTO `Listings` (`listing_id`,`address`,`image`,`beds`,`baths`,`price`,`currency`,`safety_rating`,`link`,`latitude`,`longitude`,`Agent_id`) VALUES (42,'403 S 41st St, Philadelphia, PA 19104, USA','http://www.livecampusapts.com/Common/website_templates/_common/display_type/responsive/img/transparent.png',1,1,910,'USD',1,'http://www.livecampusapts.com/philadelphia/ca-403-south-41st-street',39.9504749,-75.2054945,'CAPT');
INSERT INTO `Listings` (`listing_id`,`address`,`image`,`beds`,`baths`,`price`,`currency`,`safety_rating`,`link`,`latitude`,`longitude`,`Agent_id`) VALUES (43,'403 S 41st St, Philadelphia, PA 19104, USA','http://www.livecampusapts.com/Common/website_templates/_common/display_type/responsive/img/transparent.png',2,1,910,'USD',1,'http://www.livecampusapts.com/philadelphia/ca-403-south-41st-street',39.9504749,-75.2054945,'CAPT');
INSERT INTO `Listings` (`listing_id`,`address`,`image`,`beds`,`baths`,`price`,`currency`,`safety_rating`,`link`,`latitude`,`longitude`,`Agent_id`) VALUES (44,'403 S 41st St, Philadelphia, PA 19104, USA','http://www.livecampusapts.com/Common/website_templates/_common/display_type/responsive/img/transparent.png',3,1,910,'USD',1,'http://www.livecampusapts.com/philadelphia/ca-403-south-41st-street',39.9504749,-75.2054945,'CAPT');
INSERT INTO `Listings` (`listing_id`,`address`,`image`,`beds`,`baths`,`price`,`currency`,`safety_rating`,`link`,`latitude`,`longitude`,`Agent_id`) VALUES (45,'4045 Pine St, Philadelphia, PA 19104, USA','http://www.livecampusapts.com/Common/website_templates/_common/display_type/responsive/img/transparent.png',2,1,885,'USD',1,'http://www.livecampusapts.com/philadelphia/ca-4045-pine-street',39.951223,-75.205159,'CAPT');
INSERT INTO `Listings` (`listing_id`,`address`,`image`,`beds`,`baths`,`price`,`currency`,`safety_rating`,`link`,`latitude`,`longitude`,`Agent_id`) VALUES (46,'4045 Pine St, Philadelphia, PA 19104, USA','http://www.livecampusapts.com/Common/website_templates/_common/display_type/responsive/img/transparent.png',4,2,885,'USD',1,'http://www.livecampusapts.com/philadelphia/ca-4045-pine-street',39.951223,-75.205159,'CAPT');
INSERT INTO `Listings` (`listing_id`,`address`,`image`,`beds`,`baths`,`price`,`currency`,`safety_rating`,`link`,`latitude`,`longitude`,`Agent_id`) VALUES (47,'4048 Spruce St, Philadelphia, PA 19104, USA','http://www.livecampusapts.com/Common/website_templates/_common/display_type/responsive/img/transparent.png',1,1,1025,'USD',1,'http://www.livecampusapts.com/philadelphia/ca-4048-spruce-street',39.9517669,-75.20521699999999,'CAPT');
INSERT INTO `Listings` (`listing_id`,`address`,`image`,`beds`,`baths`,`price`,`currency`,`safety_rating`,`link`,`latitude`,`longitude`,`Agent_id`) VALUES (48,'4048 Spruce St, Philadelphia, PA 19104, USA','http://www.livecampusapts.com/Common/website_templates/_common/display_type/responsive/img/transparent.png',2,1,1025,'USD',1,'http://www.livecampusapts.com/philadelphia/ca-4048-spruce-street',39.9517669,-75.20521699999999,'CAPT');
INSERT INTO `Listings` (`listing_id`,`address`,`image`,`beds`,`baths`,`price`,`currency`,`safety_rating`,`link`,`latitude`,`longitude`,`Agent_id`) VALUES (49,'4048 Spruce St, Philadelphia, PA 19104, USA','http://www.livecampusapts.com/Common/website_templates/_common/display_type/responsive/img/transparent.png',5,2,1025,'USD',1,'http://www.livecampusapts.com/philadelphia/ca-4048-spruce-street',39.9517669,-75.20521699999999,'CAPT');
INSERT INTO `Listings` (`listing_id`,`address`,`image`,`beds`,`baths`,`price`,`currency`,`safety_rating`,`link`,`latitude`,`longitude`,`Agent_id`) VALUES (50,'4056 Irving St, Philadelphia, PA 19104, USA','http://www.livecampusapts.com/Common/website_templates/_common/display_type/responsive/img/transparent.png',2,2,2125,'USD',1,'http://www.livecampusapts.com/philadelphia/ca-4056-irving-street',39.952492,-75.205073,'CAPT');
INSERT INTO `Listings` (`listing_id`,`address`,`image`,`beds`,`baths`,`price`,`currency`,`safety_rating`,`link`,`latitude`,`longitude`,`Agent_id`) VALUES (51,'4056 Irving St, Philadelphia, PA 19104, USA','http://www.livecampusapts.com/Common/website_templates/_common/display_type/responsive/img/transparent.png',3,2,2125,'USD',1,'http://www.livecampusapts.com/philadelphia/ca-4056-irving-street',39.952492,-75.205073,'CAPT');
INSERT INTO `Listings` (`listing_id`,`address`,`image`,`beds`,`baths`,`price`,`currency`,`safety_rating`,`link`,`latitude`,`longitude`,`Agent_id`) VALUES (52,'4060 Irving St, Philadelphia, PA 19104, USA','http://www.livecampusapts.com/Common/website_templates/_common/display_type/responsive/img/transparent.png',2,1,1975,'USD',1,'http://www.livecampusapts.com/philadelphia/ca-4060-irving-street',39.9525295,-75.2051896,'CAPT');
INSERT INTO `Listings` (`listing_id`,`address`,`image`,`beds`,`baths`,`price`,`currency`,`safety_rating`,`link`,`latitude`,`longitude`,`Agent_id`) VALUES (53,'4060 Irving St, Philadelphia, PA 19104, USA','http://www.livecampusapts.com/Common/website_templates/_common/display_type/responsive/img/transparent.png',3,1,1975,'USD',1,'http://www.livecampusapts.com/philadelphia/ca-4060-irving-street',39.9525295,-75.2051896,'CAPT');
INSERT INTO `Listings` (`listing_id`,`address`,`image`,`beds`,`baths`,`price`,`currency`,`safety_rating`,`link`,`latitude`,`longitude`,`Agent_id`) VALUES (54,'4100 Locust St, Philadelphia, PA 19104, USA','http://www.livecampusapts.com/Common/website_templates/_common/display_type/responsive/img/transparent.png',1,1,985,'USD',1,'http://www.livecampusapts.com/philadelphia/ca-4100-locust-street',39.953064,-75.205558,'CAPT');
INSERT INTO `Listings` (`listing_id`,`address`,`image`,`beds`,`baths`,`price`,`currency`,`safety_rating`,`link`,`latitude`,`longitude`,`Agent_id`) VALUES (55,'4100 Locust St, Philadelphia, PA 19104, USA','http://www.livecampusapts.com/Common/website_templates/_common/display_type/responsive/img/transparent.png',3,1,985,'USD',1,'http://www.livecampusapts.com/philadelphia/ca-4100-locust-street',39.953064,-75.205558,'CAPT');
INSERT INTO `Listings` (`listing_id`,`address`,`image`,`beds`,`baths`,`price`,`currency`,`safety_rating`,`link`,`latitude`,`longitude`,`Agent_id`) VALUES (56,'4100 Locust St, Philadelphia, PA 19104, USA','http://www.livecampusapts.com/Common/website_templates/_common/display_type/responsive/img/transparent.png',3,1,985,'USD',1,'http://www.livecampusapts.com/philadelphia/ca-4100-locust-street',39.953064,-75.205558,'CAPT');
INSERT INTO `Listings` (`listing_id`,`address`,`image`,`beds`,`baths`,`price`,`currency`,`safety_rating`,`link`,`latitude`,`longitude`,`Agent_id`) VALUES (57,'4100 Locust St, Philadelphia, PA 19104, USA','http://www.livecampusapts.com/Common/website_templates/_common/display_type/responsive/img/transparent.png',3,2,985,'USD',1,'http://www.livecampusapts.com/philadelphia/ca-4100-locust-street',39.953064,-75.205558,'CAPT');
INSERT INTO `Listings` (`listing_id`,`address`,`image`,`beds`,`baths`,`price`,`currency`,`safety_rating`,`link`,`latitude`,`longitude`,`Agent_id`) VALUES (58,'4100 Locust St, Philadelphia, PA 19104, USA','http://www.livecampusapts.com/Common/website_templates/_common/display_type/responsive/img/transparent.png',7,2,985,'USD',1,'http://www.livecampusapts.com/philadelphia/ca-4100-locust-street',39.953064,-75.205558,'CAPT');
INSERT INTO `Listings` (`listing_id`,`address`,`image`,`beds`,`baths`,`price`,`currency`,`safety_rating`,`link`,`latitude`,`longitude`,`Agent_id`) VALUES (59,'4103 Walnut St, Philadelphia, PA 19104, USA','http://www.livecampusapts.com/Common/website_templates/_common/display_type/responsive/img/transparent.png',1,1,965,'USD',1,'http://www.livecampusapts.com/philadelphia/ca-4103-walnut-street',39.954721,-75.20527799999999,'CAPT');
INSERT INTO `Listings` (`listing_id`,`address`,`image`,`beds`,`baths`,`price`,`currency`,`safety_rating`,`link`,`latitude`,`longitude`,`Agent_id`) VALUES (60,'4105 Pine St, Philadelphia, PA 19104, USA','http://www.livecampusapts.com/Common/website_templates/_common/display_type/responsive/img/transparent.png',1,1,960,'USD',1,'http://www.livecampusapts.com/philadelphia/ca-4105-pine-street',39.9513559,-75.206209,'CAPT');
INSERT INTO `Listings` (`listing_id`,`address`,`image`,`beds`,`baths`,`price`,`currency`,`safety_rating`,`link`,`latitude`,`longitude`,`Agent_id`) VALUES (61,'4105 Pine St, Philadelphia, PA 19104, USA','http://www.livecampusapts.com/Common/website_templates/_common/display_type/responsive/img/transparent.png',2,1,960,'USD',1,'http://www.livecampusapts.com/philadelphia/ca-4105-pine-street',39.9513559,-75.206209,'CAPT');
INSERT INTO `Listings` (`listing_id`,`address`,`image`,`beds`,`baths`,`price`,`currency`,`safety_rating`,`link`,`latitude`,`longitude`,`Agent_id`) VALUES (62,'4105 Pine St, Philadelphia, PA 19104, USA','http://www.livecampusapts.com/Common/website_templates/_common/display_type/responsive/img/transparent.png',3,1,960,'USD',1,'http://www.livecampusapts.com/philadelphia/ca-4105-pine-street',39.9513559,-75.206209,'CAPT');
INSERT INTO `Listings` (`listing_id`,`address`,`image`,`beds`,`baths`,`price`,`currency`,`safety_rating`,`link`,`latitude`,`longitude`,`Agent_id`) VALUES (63,'4105 Walnut St, Philadelphia, PA 19104, USA','http://www.livecampusapts.com/Common/website_templates/_common/display_type/responsive/img/transparent.png',1,1,925,'USD',1,'http://www.livecampusapts.com/philadelphia/ca-4105-walnut-street',39.95473399999999,-75.20537399999999,'CAPT');
INSERT INTO `Listings` (`listing_id`,`address`,`image`,`beds`,`baths`,`price`,`currency`,`safety_rating`,`link`,`latitude`,`longitude`,`Agent_id`) VALUES (64,'4108 Spruce St, Philadelphia, PA 19104, USA','http://www.livecampusapts.com/Common/website_templates/_common/display_type/responsive/img/transparent.png',1,1,975,'USD',1,'http://www.livecampusapts.com/philadelphia/ca-4108-spruce-street',39.951835,-75.206367,'CAPT');
INSERT INTO `Listings` (`listing_id`,`address`,`image`,`beds`,`baths`,`price`,`currency`,`safety_rating`,`link`,`latitude`,`longitude`,`Agent_id`) VALUES (65,'4108 Spruce St, Philadelphia, PA 19104, USA','http://www.livecampusapts.com/Common/website_templates/_common/display_type/responsive/img/transparent.png',2,1,975,'USD',1,'http://www.livecampusapts.com/philadelphia/ca-4108-spruce-street',39.951835,-75.206367,'CAPT');
INSERT INTO `Listings` (`listing_id`,`address`,`image`,`beds`,`baths`,`price`,`currency`,`safety_rating`,`link`,`latitude`,`longitude`,`Agent_id`) VALUES (66,'4108 Spruce St, Philadelphia, PA 19104, USA','http://www.livecampusapts.com/Common/website_templates/_common/display_type/responsive/img/transparent.png',5,2,975,'USD',1,'http://www.livecampusapts.com/philadelphia/ca-4108-spruce-street',39.951835,-75.206367,'CAPT');
INSERT INTO `Listings` (`listing_id`,`address`,`image`,`beds`,`baths`,`price`,`currency`,`safety_rating`,`link`,`latitude`,`longitude`,`Agent_id`) VALUES (67,'4113 Walnut St, Philadelphia, PA 19104, USA','http://www.livecampusapts.com/Common/website_templates/_common/display_type/responsive/img/transparent.png',1,1,1005,'USD',1,'http://www.livecampusapts.com/philadelphia/ca-4113-walnut-street',39.954806,-75.205947,'CAPT');
INSERT INTO `Listings` (`listing_id`,`address`,`image`,`beds`,`baths`,`price`,`currency`,`safety_rating`,`link`,`latitude`,`longitude`,`Agent_id`) VALUES (68,'4113 Walnut St, Philadelphia, PA 19104, USA','http://www.livecampusapts.com/Common/website_templates/_common/display_type/responsive/img/transparent.png',2,2,1005,'USD',1,'http://www.livecampusapts.com/philadelphia/ca-4113-walnut-street',39.954806,-75.205947,'CAPT');
INSERT INTO `Listings` (`listing_id`,`address`,`image`,`beds`,`baths`,`price`,`currency`,`safety_rating`,`link`,`latitude`,`longitude`,`Agent_id`) VALUES (69,'4115 Walnut St, Philadelphia, PA 19104, USA','http://www.livecampusapts.com/Common/website_templates/_common/display_type/responsive/img/transparent.png',1,1,1005,'USD',1,'http://www.livecampusapts.com/philadelphia/ca-4115-walnut-street',39.954817,-75.20603299999999,'CAPT');
INSERT INTO `Listings` (`listing_id`,`address`,`image`,`beds`,`baths`,`price`,`currency`,`safety_rating`,`link`,`latitude`,`longitude`,`Agent_id`) VALUES (70,'4115 Walnut St, Philadelphia, PA 19104, USA','http://www.livecampusapts.com/Common/website_templates/_common/display_type/responsive/img/transparent.png',2,2,1005,'USD',1,'http://www.livecampusapts.com/philadelphia/ca-4115-walnut-street',39.954817,-75.20603299999999,'CAPT');
INSERT INTO `Listings` (`listing_id`,`address`,`image`,`beds`,`baths`,`price`,`currency`,`safety_rating`,`link`,`latitude`,`longitude`,`Agent_id`) VALUES (71,'4117 Walnut St, Philadelphia, PA 19104, USA','http://www.livecampusapts.com/Common/website_templates/_common/display_type/responsive/img/transparent.png',1,1,1005,'USD',1,'http://www.livecampusapts.com/philadelphia/ca-4117-walnut-street',39.954828,-75.206121,'CAPT');
INSERT INTO `Listings` (`listing_id`,`address`,`image`,`beds`,`baths`,`price`,`currency`,`safety_rating`,`link`,`latitude`,`longitude`,`Agent_id`) VALUES (72,'4117 Walnut St, Philadelphia, PA 19104, USA','http://www.livecampusapts.com/Common/website_templates/_common/display_type/responsive/img/transparent.png',2,2,1005,'USD',1,'http://www.livecampusapts.com/philadelphia/ca-4117-walnut-street',39.954828,-75.206121,'CAPT');
INSERT INTO `Listings` (`listing_id`,`address`,`image`,`beds`,`baths`,`price`,`currency`,`safety_rating`,`link`,`latitude`,`longitude`,`Agent_id`) VALUES (73,'4135 Ridge Ave, Philadelphia, PA 19129, USA','http://www.livecampusapts.com/Common/website_templates/_common/display_type/responsive/img/transparent.png',1,1,922,'USD',1,'http://www.livecampusapts.com/philadelphia/ca-4135-ridge-avenue',40.0081128,-75.1918886,'CAPT');
INSERT INTO `Listings` (`listing_id`,`address`,`image`,`beds`,`baths`,`price`,`currency`,`safety_rating`,`link`,`latitude`,`longitude`,`Agent_id`) VALUES (74,'4135 Ridge Ave, Philadelphia, PA 19129, USA','http://www.livecampusapts.com/Common/website_templates/_common/display_type/responsive/img/transparent.png',2,1,922,'USD',1,'http://www.livecampusapts.com/philadelphia/ca-4135-ridge-avenue',40.0081128,-75.1918886,'CAPT');
INSERT INTO `Listings` (`listing_id`,`address`,`image`,`beds`,`baths`,`price`,`currency`,`safety_rating`,`link`,`latitude`,`longitude`,`Agent_id`) VALUES (75,'4147 Ridge Ave, Philadelphia, PA 19129, USA','http://www.livecampusapts.com/Common/website_templates/_common/display_type/responsive/img/transparent.png',1,1,922,'USD',1,'http://www.livecampusapts.com/philadelphia/ca-4147-ridge-avenue',40.00824009999999,-75.19226479999999,'CAPT');
INSERT INTO `Listings` (`listing_id`,`address`,`image`,`beds`,`baths`,`price`,`currency`,`safety_rating`,`link`,`latitude`,`longitude`,`Agent_id`) VALUES (76,'4147 Ridge Ave, Philadelphia, PA 19129, USA','http://www.livecampusapts.com/Common/website_templates/_common/display_type/responsive/img/transparent.png',2,1,922,'USD',1,'http://www.livecampusapts.com/philadelphia/ca-4147-ridge-avenue',40.00824009999999,-75.19226479999999,'CAPT');
INSERT INTO `Listings` (`listing_id`,`address`,`image`,`beds`,`baths`,`price`,`currency`,`safety_rating`,`link`,`latitude`,`longitude`,`Agent_id`) VALUES (77,'4149 Ridge Ave, Philadelphia, PA 19129, USA','http://www.livecampusapts.com/Common/website_templates/_common/display_type/responsive/img/transparent.png',1,1,922,'USD',1,'http://www.livecampusapts.com/philadelphia/ca-4149-ridge-avenue',40.0081362,-75.1923908,'CAPT');
INSERT INTO `Listings` (`listing_id`,`address`,`image`,`beds`,`baths`,`price`,`currency`,`safety_rating`,`link`,`latitude`,`longitude`,`Agent_id`) VALUES (78,'4149 Ridge Ave, Philadelphia, PA 19129, USA','http://www.livecampusapts.com/Common/website_templates/_common/display_type/responsive/img/transparent.png',2,1,922,'USD',1,'http://www.livecampusapts.com/philadelphia/ca-4149-ridge-avenue',40.0081362,-75.1923908,'CAPT');
INSERT INTO `Listings` (`listing_id`,`address`,`image`,`beds`,`baths`,`price`,`currency`,`safety_rating`,`link`,`latitude`,`longitude`,`Agent_id`) VALUES (79,'4151 Ridge Ave, Philadelphia, PA 19129, USA','http://www.livecampusapts.com/Common/website_templates/_common/display_type/responsive/img/transparent.png',1,1,922,'USD',1,'http://www.livecampusapts.com/philadelphia/ca-4151-ridge-avenue',40.008155,-75.1924652,'CAPT');
INSERT INTO `Listings` (`listing_id`,`address`,`image`,`beds`,`baths`,`price`,`currency`,`safety_rating`,`link`,`latitude`,`longitude`,`Agent_id`) VALUES (80,'4151 Ridge Ave, Philadelphia, PA 19129, USA','http://www.livecampusapts.com/Common/website_templates/_common/display_type/responsive/img/transparent.png',2,1,922,'USD',1,'http://www.livecampusapts.com/philadelphia/ca-4151-ridge-avenue',40.008155,-75.1924652,'CAPT');
INSERT INTO `Listings` (`listing_id`,`address`,`image`,`beds`,`baths`,`price`,`currency`,`safety_rating`,`link`,`latitude`,`longitude`,`Agent_id`) VALUES (81,'4153 Ridge Ave, Philadelphia, PA 19129, USA','http://www.livecampusapts.com/Common/website_templates/_common/display_type/responsive/img/transparent.png',2,1,1004,'USD',1,'http://www.livecampusapts.com/philadelphia/ca-4153-ridge-avenue',40.0082657,-75.1925013,'CAPT');
INSERT INTO `Listings` (`listing_id`,`address`,`image`,`beds`,`baths`,`price`,`currency`,`safety_rating`,`link`,`latitude`,`longitude`,`Agent_id`) VALUES (82,'4163 Ridge Ave, Philadelphia, PA 19129, USA','http://www.livecampusapts.com/Common/website_templates/_common/display_type/responsive/img/transparent.png',2,1,1004,'USD',1,'http://www.livecampusapts.com/philadelphia/ca-4163-ridge-avenue',40.0082731,-75.1929315,'CAPT');
INSERT INTO `Listings` (`listing_id`,`address`,`image`,`beds`,`baths`,`price`,`currency`,`safety_rating`,`link`,`latitude`,`longitude`,`Agent_id`) VALUES (83,'4200 Spruce St, Philadelphia, PA 19104, USA','http://www.livecampusapts.com/Common/website_templates/_common/display_type/responsive/img/transparent.png',1,1,835,'USD',1,'http://www.livecampusapts.com/philadelphia/ca-4200-spruce-street',39.9519999,-75.2072179,'CAPT');
INSERT INTO `Listings` (`listing_id`,`address`,`image`,`beds`,`baths`,`price`,`currency`,`safety_rating`,`link`,`latitude`,`longitude`,`Agent_id`) VALUES (84,'4200 Spruce St, Philadelphia, PA 19104, USA','http://www.livecampusapts.com/Common/website_templates/_common/display_type/responsive/img/transparent.png',2,1,835,'USD',1,'http://www.livecampusapts.com/philadelphia/ca-4200-spruce-street',39.9519999,-75.2072179,'CAPT');
INSERT INTO `Listings` (`listing_id`,`address`,`image`,`beds`,`baths`,`price`,`currency`,`safety_rating`,`link`,`latitude`,`longitude`,`Agent_id`) VALUES (85,'4200 Walnut St, Philadelphia, PA 19104, USA','http://www.livecampusapts.com/Common/website_templates/_common/display_type/responsive/img/transparent.png',1,1,1005,'USD',1,'http://www.livecampusapts.com/philadelphia/ca-4200-walnut-street',39.954334,-75.206705,'CAPT');
INSERT INTO `Listings` (`listing_id`,`address`,`image`,`beds`,`baths`,`price`,`currency`,`safety_rating`,`link`,`latitude`,`longitude`,`Agent_id`) VALUES (86,'4200 Walnut St, Philadelphia, PA 19104, USA','http://www.livecampusapts.com/Common/website_templates/_common/display_type/responsive/img/transparent.png',2,1,1005,'USD',1,'http://www.livecampusapts.com/philadelphia/ca-4200-walnut-street',39.954334,-75.206705,'CAPT');
INSERT INTO `Listings` (`listing_id`,`address`,`image`,`beds`,`baths`,`price`,`currency`,`safety_rating`,`link`,`latitude`,`longitude`,`Agent_id`) VALUES (87,'4208 Walnut St, Philadelphia, PA 19104, USA','http://www.livecampusapts.com/Common/website_templates/_common/display_type/responsive/img/transparent.png',1,1,995,'USD',1,'http://www.livecampusapts.com/philadelphia/ca-4208-walnut-street',39.95438,-75.207061,'CAPT');
INSERT INTO `Listings` (`listing_id`,`address`,`image`,`beds`,`baths`,`price`,`currency`,`safety_rating`,`link`,`latitude`,`longitude`,`Agent_id`) VALUES (88,'4212 Walnut St, Philadelphia, PA 19104, USA','http://www.livecampusapts.com/Common/website_templates/_common/display_type/responsive/img/transparent.png',1,1,945,'USD',1,'http://www.livecampusapts.com/philadelphia/ca-4212-walnut-street',39.954401,-75.20723199999999,'CAPT');
INSERT INTO `Listings` (`listing_id`,`address`,`image`,`beds`,`baths`,`price`,`currency`,`safety_rating`,`link`,`latitude`,`longitude`,`Agent_id`) VALUES (89,'4212 Walnut St, Philadelphia, PA 19104, USA','http://www.livecampusapts.com/Common/website_templates/_common/display_type/responsive/img/transparent.png',3,3,945,'USD',1,'http://www.livecampusapts.com/philadelphia/ca-4212-walnut-street',39.954401,-75.20723199999999,'CAPT');
INSERT INTO `Listings` (`listing_id`,`address`,`image`,`beds`,`baths`,`price`,`currency`,`safety_rating`,`link`,`latitude`,`longitude`,`Agent_id`) VALUES (90,'4214 Walnut St, Philadelphia, PA 19104, USA','http://www.livecampusapts.com/Common/website_templates/_common/display_type/responsive/img/transparent.png',1,1,925,'USD',1,'http://www.livecampusapts.com/philadelphia/ca-4214-walnut-street',39.954412,-75.207319,'CAPT');
INSERT INTO `Listings` (`listing_id`,`address`,`image`,`beds`,`baths`,`price`,`currency`,`safety_rating`,`link`,`latitude`,`longitude`,`Agent_id`) VALUES (91,'4216 Walnut St, Philadelphia, PA 19104, USA','http://www.livecampusapts.com/Common/website_templates/_common/display_type/responsive/img/transparent.png',1,1,925,'USD',1,'http://www.livecampusapts.com/philadelphia/ca-4216-walnut-street',39.954422,-75.207402,'CAPT');
INSERT INTO `Listings` (`listing_id`,`address`,`image`,`beds`,`baths`,`price`,`currency`,`safety_rating`,`link`,`latitude`,`longitude`,`Agent_id`) VALUES (92,'4218 Walnut St, Philadelphia, PA 19104, USA','http://www.livecampusapts.com/Common/website_templates/_common/display_type/responsive/img/transparent.png',1,1,995,'USD',1,'http://www.livecampusapts.com/philadelphia/ca-4218-walnut-street',39.954432,-75.207482,'CAPT');
INSERT INTO `Listings` (`listing_id`,`address`,`image`,`beds`,`baths`,`price`,`currency`,`safety_rating`,`link`,`latitude`,`longitude`,`Agent_id`) VALUES (93,'4218 Walnut St, Philadelphia, PA 19104, USA','http://www.livecampusapts.com/Common/website_templates/_common/display_type/responsive/img/transparent.png',2,2,995,'USD',1,'http://www.livecampusapts.com/philadelphia/ca-4218-walnut-street',39.954432,-75.207482,'CAPT');
INSERT INTO `Listings` (`listing_id`,`address`,`image`,`beds`,`baths`,`price`,`currency`,`safety_rating`,`link`,`latitude`,`longitude`,`Agent_id`) VALUES (94,'4400 Spruce St, Philadelphia, PA 19104, USA','http://www.livecampusapts.com/Common/website_templates/_common/display_type/responsive/img/transparent.png',1,1,845,'USD',1,'http://www.livecampusapts.com/philadelphia/ca-4400-spruce-street',39.9523257,-75.2110761,'CAPT');
INSERT INTO `Listings` (`listing_id`,`address`,`image`,`beds`,`baths`,`price`,`currency`,`safety_rating`,`link`,`latitude`,`longitude`,`Agent_id`) VALUES (95,'4400 Spruce St, Philadelphia, PA 19104, USA','http://www.livecampusapts.com/Common/website_templates/_common/display_type/responsive/img/transparent.png',2,1,845,'USD',1,'http://www.livecampusapts.com/philadelphia/ca-4400-spruce-street',39.9523257,-75.2110761,'CAPT');
INSERT INTO `Listings` (`listing_id`,`address`,`image`,`beds`,`baths`,`price`,`currency`,`safety_rating`,`link`,`latitude`,`longitude`,`Agent_id`) VALUES (96,'4400 Spruce St, Philadelphia, PA 19104, USA','http://www.livecampusapts.com/Common/website_templates/_common/display_type/responsive/img/transparent.png',3,1,845,'USD',1,'http://www.livecampusapts.com/philadelphia/ca-4400-spruce-street',39.9523257,-75.2110761,'CAPT');
INSERT INTO `Listings` (`listing_id`,`address`,`image`,`beds`,`baths`,`price`,`currency`,`safety_rating`,`link`,`latitude`,`longitude`,`Agent_id`) VALUES (97,'4400 Spruce St, Philadelphia, PA 19104, USA','http://www.livecampusapts.com/Common/website_templates/_common/display_type/responsive/img/transparent.png',4,2,845,'USD',1,'http://www.livecampusapts.com/philadelphia/ca-4400-spruce-street',39.9523257,-75.2110761,'CAPT');
INSERT INTO `Listings` (`listing_id`,`address`,`image`,`beds`,`baths`,`price`,`currency`,`safety_rating`,`link`,`latitude`,`longitude`,`Agent_id`) VALUES (98,'4401 Spruce St, Philadelphia, PA 19104, USA','http://www.livecampusapts.com/Common/website_templates/_common/display_type/responsive/img/transparent.png',1,1,915,'USD',1,'http://www.livecampusapts.com/philadelphia/ca-4401-spruce-street',39.9529655,-75.21074469999999,'CAPT');
INSERT INTO `Listings` (`listing_id`,`address`,`image`,`beds`,`baths`,`price`,`currency`,`safety_rating`,`link`,`latitude`,`longitude`,`Agent_id`) VALUES (99,'4401 Spruce St, Philadelphia, PA 19104, USA','http://www.livecampusapts.com/Common/website_templates/_common/display_type/responsive/img/transparent.png',2,1,915,'USD',1,'http://www.livecampusapts.com/philadelphia/ca-4401-spruce-street',39.9529655,-75.21074469999999,'CAPT');
INSERT INTO `Listings` (`listing_id`,`address`,`image`,`beds`,`baths`,`price`,`currency`,`safety_rating`,`link`,`latitude`,`longitude`,`Agent_id`) VALUES (100,'4410 Pine St, Philadelphia, PA 19104, USA','http://www.livecampusapts.com/Common/website_templates/_common/display_type/responsive/img/transparent.png',1,1,895,'USD',1,'http://www.livecampusapts.com/philadelphia/ca-4410-pine-street',39.951462,-75.211428,'CAPT');
INSERT INTO `Listings` (`listing_id`,`address`,`image`,`beds`,`baths`,`price`,`currency`,`safety_rating`,`link`,`latitude`,`longitude`,`Agent_id`) VALUES (101,'4410 Pine St, Philadelphia, PA 19104, USA','http://www.livecampusapts.com/Common/website_templates/_common/display_type/responsive/img/transparent.png',2,1,895,'USD',1,'http://www.livecampusapts.com/philadelphia/ca-4410-pine-street',39.951462,-75.211428,'CAPT');
INSERT INTO `Listings` (`listing_id`,`address`,`image`,`beds`,`baths`,`price`,`currency`,`safety_rating`,`link`,`latitude`,`longitude`,`Agent_id`) VALUES (102,'4415 Spruce St, Philadelphia, PA 19104, USA','http://www.livecampusapts.com/Common/website_templates/_common/display_type/responsive/img/transparent.png',1,1,1065,'USD',1,'http://www.livecampusapts.com/philadelphia/ca-4415-spruce-street',39.9528873,-75.2111352,'CAPT');
INSERT INTO `Listings` (`listing_id`,`address`,`image`,`beds`,`baths`,`price`,`currency`,`safety_rating`,`link`,`latitude`,`longitude`,`Agent_id`) VALUES (103,'4415 Spruce St, Philadelphia, PA 19104, USA','http://www.livecampusapts.com/Common/website_templates/_common/display_type/responsive/img/transparent.png',2,1,1065,'USD',1,'http://www.livecampusapts.com/philadelphia/ca-4415-spruce-street',39.9528873,-75.2111352,'CAPT');
INSERT INTO `Listings` (`listing_id`,`address`,`image`,`beds`,`baths`,`price`,`currency`,`safety_rating`,`link`,`latitude`,`longitude`,`Agent_id`) VALUES (104,'4417 Spruce St, Philadelphia, PA 19104, USA','http://www.livecampusapts.com/Common/website_templates/_common/display_type/responsive/img/transparent.png',1,1,1065,'USD',1,'http://www.livecampusapts.com/philadelphia/ca-4417-spruce-street',39.9530416,-75.2112683,'CAPT');
INSERT INTO `Listings` (`listing_id`,`address`,`image`,`beds`,`baths`,`price`,`currency`,`safety_rating`,`link`,`latitude`,`longitude`,`Agent_id`) VALUES (105,'4418 Spruce St, Philadelphia, PA 19104, USA','http://www.livecampusapts.com/Common/website_templates/_common/display_type/responsive/img/transparent.png',1,1,1195,'USD',1,'http://www.livecampusapts.com/philadelphia/ca-4418-spruce-street',39.9523719,-75.2117899,'CAPT');
INSERT INTO `Listings` (`listing_id`,`address`,`image`,`beds`,`baths`,`price`,`currency`,`safety_rating`,`link`,`latitude`,`longitude`,`Agent_id`) VALUES (106,'4418 Spruce St, Philadelphia, PA 19104, USA','http://www.livecampusapts.com/Common/website_templates/_common/display_type/responsive/img/transparent.png',2,1,1195,'USD',1,'http://www.livecampusapts.com/philadelphia/ca-4418-spruce-street',39.9523719,-75.2117899,'CAPT');
INSERT INTO `Listings` (`listing_id`,`address`,`image`,`beds`,`baths`,`price`,`currency`,`safety_rating`,`link`,`latitude`,`longitude`,`Agent_id`) VALUES (107,'4418 Spruce St, Philadelphia, PA 19104, USA','http://www.livecampusapts.com/Common/website_templates/_common/display_type/responsive/img/transparent.png',3,1,1195,'USD',1,'http://www.livecampusapts.com/philadelphia/ca-4418-spruce-street',39.9523719,-75.2117899,'CAPT');
INSERT INTO `Listings` (`listing_id`,`address`,`image`,`beds`,`baths`,`price`,`currency`,`safety_rating`,`link`,`latitude`,`longitude`,`Agent_id`) VALUES (108,'4418 Spruce St, Philadelphia, PA 19104, USA','http://www.livecampusapts.com/Common/website_templates/_common/display_type/responsive/img/transparent.png',3,2,1195,'USD',1,'http://www.livecampusapts.com/philadelphia/ca-4418-spruce-street',39.9523719,-75.2117899,'CAPT');
INSERT INTO `Listings` (`listing_id`,`address`,`image`,`beds`,`baths`,`price`,`currency`,`safety_rating`,`link`,`latitude`,`longitude`,`Agent_id`) VALUES (109,'4720 Pine St, Philadelphia, PA 19143, USA','http://www.livecampusapts.com/Common/website_templates/_common/display_type/responsive/img/transparent.png',1,1,835,'USD',1,'http://www.livecampusapts.com/philadelphia/ca-4720-pine-street',39.95218200000001,-75.217196,'CAPT');
INSERT INTO `Listings` (`listing_id`,`address`,`image`,`beds`,`baths`,`price`,`currency`,`safety_rating`,`link`,`latitude`,`longitude`,`Agent_id`) VALUES (110,'4730 Pine St, Philadelphia, PA 19143, USA','http://www.livecampusapts.com/Common/website_templates/_common/display_type/responsive/img/transparent.png',1,1,995,'USD',1,'http://www.livecampusapts.com/philadelphia/ca-4730-pine-street',39.952213,-75.217451,'CAPT');
INSERT INTO `Listings` (`listing_id`,`address`,`image`,`beds`,`baths`,`price`,`currency`,`safety_rating`,`link`,`latitude`,`longitude`,`Agent_id`) VALUES (111,'4730 Pine St, Philadelphia, PA 19143, USA','http://www.livecampusapts.com/Common/website_templates/_common/display_type/responsive/img/transparent.png',2,1,995,'USD',1,'http://www.livecampusapts.com/philadelphia/ca-4730-pine-street',39.952213,-75.217451,'CAPT');
INSERT INTO `Listings` (`listing_id`,`address`,`image`,`beds`,`baths`,`price`,`currency`,`safety_rating`,`link`,`latitude`,`longitude`,`Agent_id`) VALUES (112,'4740 Pine St, Philadelphia, PA 19143, USA','http://www.livecampusapts.com/Common/website_templates/_common/display_type/responsive/img/transparent.png',1,1,835,'USD',1,'http://www.livecampusapts.com/philadelphia/ca-4740-pine-street',39.952243,-75.217698,'CAPT');
INSERT INTO `Listings` (`listing_id`,`address`,`image`,`beds`,`baths`,`price`,`currency`,`safety_rating`,`link`,`latitude`,`longitude`,`Agent_id`) VALUES (113,'305 S 40th St, Philadelphia, PA 19104, USA','http://www.livecampusapts.com/Common/website_templates/_common/display_type/responsive/img/transparent.png',1,1,765,'USD',1,'http://www.livecampusapts.com/philadelphia/ca-pine-arms-associates',39.9508646,-75.203037,'CAPT');
INSERT INTO `Listings` (`listing_id`,`address`,`image`,`beds`,`baths`,`price`,`currency`,`safety_rating`,`link`,`latitude`,`longitude`,`Agent_id`) VALUES (114,'305 S 40th St, Philadelphia, PA 19104, USA','http://www.livecampusapts.com/Common/website_templates/_common/display_type/responsive/img/transparent.png',2,1,765,'USD',1,'http://www.livecampusapts.com/philadelphia/ca-pine-arms-associates',39.9508646,-75.203037,'CAPT');
INSERT INTO `Listings` (`listing_id`,`address`,`image`,`beds`,`baths`,`price`,`currency`,`safety_rating`,`link`,`latitude`,`longitude`,`Agent_id`) VALUES (115,'305 S 40th St, Philadelphia, PA 19104, USA','http://www.livecampusapts.com/Common/website_templates/_common/display_type/responsive/img/transparent.png',2,2,765,'USD',1,'http://www.livecampusapts.com/philadelphia/ca-pine-arms-associates',39.9508646,-75.203037,'CAPT');
INSERT INTO `Listings` (`listing_id`,`address`,`image`,`beds`,`baths`,`price`,`currency`,`safety_rating`,`link`,`latitude`,`longitude`,`Agent_id`) VALUES (116,'450 N 18th St, Philadelphia, PA 19130, USA','https://images1.apartments.com/si2/9EPtjjfbjVg48oc_TL58mMDPaY-Ph6HujW-fFDvTq90TxJVu9BPEQjRU1CT9W4lx/117/image.jpg',1,1,1210,'USD',1,'https://www.apartments.com/northxnorthwest-northwest-tower-philadelphia-pa/3q4dq5e/',39.9614187,-75.1682153,'APT');
INSERT INTO `Listings` (`listing_id`,`address`,`image`,`beds`,`baths`,`price`,`currency`,`safety_rating`,`link`,`latitude`,`longitude`,`Agent_id`) VALUES (117,'450 N 18th St, Philadelphia, PA 19130, USA','https://images1.apartments.com/si2/9EPtjjfbjVg48oc_TL58mMDPaY-Ph6HujW-fFDvTq90TxJVu9BPEQjRU1CT9W4lx/117/image.jpg',2,2,4245,'USD',1,'https://www.apartments.com/northxnorthwest-northwest-tower-philadelphia-pa/3q4dq5e/',39.9614187,-75.1682153,'APT');
INSERT INTO `Listings` (`listing_id`,`address`,`image`,`beds`,`baths`,`price`,`currency`,`safety_rating`,`link`,`latitude`,`longitude`,`Agent_id`) VALUES (118,'6100 City Ave, Philadelphia, PA 19131, USA','https://images1.apartments.com/i2/F6FXiU5PANna8fMsN6cgnrYrdUNjLksfYMMlgAI86xw/117/the-point-at-city-line-philadelphia-pa-building-photo.jpg',1,1,1397,'USD',1,'https://www.apartments.com/the-point-at-city-line-philadelphia-pa/nqv8lbn/',39.9904653,-75.24841219999999,'APT');
INSERT INTO `Listings` (`listing_id`,`address`,`image`,`beds`,`baths`,`price`,`currency`,`safety_rating`,`link`,`latitude`,`longitude`,`Agent_id`) VALUES (119,'6100 City Ave, Philadelphia, PA 19131, USA','https://images1.apartments.com/i2/F6FXiU5PANna8fMsN6cgnrYrdUNjLksfYMMlgAI86xw/117/the-point-at-city-line-philadelphia-pa-building-photo.jpg',3,3,3098,'USD',1,'https://www.apartments.com/the-point-at-city-line-philadelphia-pa/nqv8lbn/',39.9904653,-75.24841219999999,'APT');
INSERT INTO `Listings` (`listing_id`,`address`,`image`,`beds`,`baths`,`price`,`currency`,`safety_rating`,`link`,`latitude`,`longitude`,`Agent_id`) VALUES (120,'1200 Washington Ave, Philadelphia, PA 19147, USA','https://images1.apartments.com/i2/XkxtExwBpfPt64wOfp6ESH5jslIgg6N-GcYu_-QtVsA/117/1200-washington-philadelphia-pa-primary-photo.jpg',1,1,1365,'USD',1,'https://www.apartments.com/1200-washington-philadelphia-pa/3r6jt4d/',39.937108,-75.163352,'APT');
INSERT INTO `Listings` (`listing_id`,`address`,`image`,`beds`,`baths`,`price`,`currency`,`safety_rating`,`link`,`latitude`,`longitude`,`Agent_id`) VALUES (121,'1200 Washington Ave, Philadelphia, PA 19147, USA','https://images1.apartments.com/i2/XkxtExwBpfPt64wOfp6ESH5jslIgg6N-GcYu_-QtVsA/117/1200-washington-philadelphia-pa-primary-photo.jpg',2,2,2163,'USD',1,'https://www.apartments.com/1200-washington-philadelphia-pa/3r6jt4d/',39.937108,-75.163352,'APT');
INSERT INTO `Listings` (`listing_id`,`address`,`image`,`beds`,`baths`,`price`,`currency`,`safety_rating`,`link`,`latitude`,`longitude`,`Agent_id`) VALUES (122,'7900 Lindbergh Blvd, Philadelphia, PA 19153, USA','https://images1.apartments.com/i2/y0GGVx2KVFGkEwhjzOQlDMKR8Mxx7B1ArgTn5K_Gpqc/117/korman-residential-at-international-city-m-philadelphia-pa-building-photo.jpg',1,1,915,'USD',1,'https://www.apartments.com/korman-residential-at-international-city-m-philadelphia-pa/bwm4rj9/',39.901988,-75.24569559999999,'APT');
INSERT INTO `Listings` (`listing_id`,`address`,`image`,`beds`,`baths`,`price`,`currency`,`safety_rating`,`link`,`latitude`,`longitude`,`Agent_id`) VALUES (123,'7900 Lindbergh Blvd, Philadelphia, PA 19153, USA','https://images1.apartments.com/i2/y0GGVx2KVFGkEwhjzOQlDMKR8Mxx7B1ArgTn5K_Gpqc/117/korman-residential-at-international-city-m-philadelphia-pa-building-photo.jpg',2,2,1290,'USD',1,'https://www.apartments.com/korman-residential-at-international-city-m-philadelphia-pa/bwm4rj9/',39.901988,-75.24569559999999,'APT');
INSERT INTO `Listings` (`listing_id`,`address`,`image`,`beds`,`baths`,`price`,`currency`,`safety_rating`,`link`,`latitude`,`longitude`,`Agent_id`) VALUES (124,'205 Race St, Philadelphia, PA 19106, USA','https://images1.apartments.com/i2/48Y2bvYRBJCnllqERWDYCVIuOVmSW70HAiHh4vJazkM/117/bridge-on-race-philadelphia-pa-building-photo.jpg',1,1,1765,'USD',1,'https://www.apartments.com/bridge-on-race-philadelphia-pa/xxf2e4n/',39.9539294,-75.1432262,'APT');
INSERT INTO `Listings` (`listing_id`,`address`,`image`,`beds`,`baths`,`price`,`currency`,`safety_rating`,`link`,`latitude`,`longitude`,`Agent_id`) VALUES (125,'205 Race St, Philadelphia, PA 19106, USA','https://images1.apartments.com/i2/48Y2bvYRBJCnllqERWDYCVIuOVmSW70HAiHh4vJazkM/117/bridge-on-race-philadelphia-pa-building-photo.jpg',2,2,4960,'USD',1,'https://www.apartments.com/bridge-on-race-philadelphia-pa/xxf2e4n/',39.9539294,-75.1432262,'APT');
INSERT INTO `Listings` (`listing_id`,`address`,`image`,`beds`,`baths`,`price`,`currency`,`safety_rating`,`link`,`latitude`,`longitude`,`Agent_id`) VALUES (126,'1901 Callowhill St, Philadelphia, PA 19130, USA','https://images1.apartments.com/i2/vIYNW6xHVy42IQc2m5wO1kW7PfqgMAIAUpQhnh9DyMM/117/the-granary-philadelphia-pa-building-photo.jpg',1,1,2040,'USD',1,'https://www.apartments.com/the-granary-philadelphia-pa/w082d3k/',39.9609219,-75.1706494,'APT');
INSERT INTO `Listings` (`listing_id`,`address`,`image`,`beds`,`baths`,`price`,`currency`,`safety_rating`,`link`,`latitude`,`longitude`,`Agent_id`) VALUES (127,'1901 Callowhill St, Philadelphia, PA 19130, USA','https://images1.apartments.com/i2/vIYNW6xHVy42IQc2m5wO1kW7PfqgMAIAUpQhnh9DyMM/117/the-granary-philadelphia-pa-building-photo.jpg',3,3,6550,'USD',1,'https://www.apartments.com/the-granary-philadelphia-pa/w082d3k/',39.9609219,-75.1706494,'APT');
INSERT INTO `Listings` (`listing_id`,`address`,`image`,`beds`,`baths`,`price`,`currency`,`safety_rating`,`link`,`latitude`,`longitude`,`Agent_id`) VALUES (128,'2991 W School House Ln, Philadelphia, PA 19144, USA','https://images1.apartments.com/i2/mofI7qrWuzlAcNUnF3oc2m_oT_HdQ-j6OY_1MDeL9d4/117/falls-village-philadelphia-pa-exterio.jpg',1,1,1225,'USD',1,'https://www.apartments.com/falls-village-philadelphia-pa/bpbz8k9/',40.0254612,-75.1863664,'APT');
INSERT INTO `Listings` (`listing_id`,`address`,`image`,`beds`,`baths`,`price`,`currency`,`safety_rating`,`link`,`latitude`,`longitude`,`Agent_id`) VALUES (129,'2991 W School House Ln, Philadelphia, PA 19144, USA','https://images1.apartments.com/i2/mofI7qrWuzlAcNUnF3oc2m_oT_HdQ-j6OY_1MDeL9d4/117/falls-village-philadelphia-pa-exterio.jpg',3,3,1927,'USD',1,'https://www.apartments.com/falls-village-philadelphia-pa/bpbz8k9/',40.0254612,-75.1863664,'APT');
INSERT INTO `Listings` (`listing_id`,`address`,`image`,`beds`,`baths`,`price`,`currency`,`safety_rating`,`link`,`latitude`,`longitude`,`Agent_id`) VALUES (130,'1515 Chestnut St, Philadelphia, PA 19102, USA','https://images1.apartments.com/i2/vujj-HdTHeIEjZyfXjfSirJfp0Fs3Fx8dUTlbWsaGqI/117/avenir-philadelphia-pa-building-photo.jpg',1,1,1333,'USD',1,'https://www.apartments.com/avenir-philadelphia-pa/bcvk2n8/',39.9512536,-75.1661282,'APT');
INSERT INTO `Listings` (`listing_id`,`address`,`image`,`beds`,`baths`,`price`,`currency`,`safety_rating`,`link`,`latitude`,`longitude`,`Agent_id`) VALUES (131,'1515 Chestnut St, Philadelphia, PA 19102, USA','https://images1.apartments.com/i2/vujj-HdTHeIEjZyfXjfSirJfp0Fs3Fx8dUTlbWsaGqI/117/avenir-philadelphia-pa-building-photo.jpg',2,2,2753,'USD',1,'https://www.apartments.com/avenir-philadelphia-pa/bcvk2n8/',39.9512536,-75.1661282,'APT');
INSERT INTO `Listings` (`listing_id`,`address`,`image`,`beds`,`baths`,`price`,`currency`,`safety_rating`,`link`,`latitude`,`longitude`,`Agent_id`) VALUES (132,'3801 Conshohocken Ave, Philadelphia, PA 19131, USA','https://images1.apartments.com/i2/CaBTPrvYTFRtt9xRcmGnoouUEr-VZG0vX-nI6npRdTs/117/imperial-towers-philadelphia-pa-building-photo.jpg',1,1,780,'USD',1,'https://www.apartments.com/imperial-towers-philadelphia-pa/z5m8jhw/',40.0037758,-75.2057263,'APT');
INSERT INTO `Listings` (`listing_id`,`address`,`image`,`beds`,`baths`,`price`,`currency`,`safety_rating`,`link`,`latitude`,`longitude`,`Agent_id`) VALUES (133,'3801 Conshohocken Ave, Philadelphia, PA 19131, USA','https://images1.apartments.com/i2/CaBTPrvYTFRtt9xRcmGnoouUEr-VZG0vX-nI6npRdTs/117/imperial-towers-philadelphia-pa-building-photo.jpg',2,2,1445,'USD',1,'https://www.apartments.com/imperial-towers-philadelphia-pa/z5m8jhw/',40.0037758,-75.2057263,'APT');
INSERT INTO `Listings` (`listing_id`,`address`,`image`,`beds`,`baths`,`price`,`currency`,`safety_rating`,`link`,`latitude`,`longitude`,`Agent_id`) VALUES (134,'200 W Washington Square, Philadelphia, PA 19106, USA','https://images1.apartments.com/i2/kGwd14bHsd2W7zhSZDEQT1K2_nsArRYimRCaiTm7Sho/117/the-st-james---residential-philadelphia-pa-exterior.jpg',1,1,1404,'USD',1,'https://www.apartments.com/the-st-james-residential-philadelphia-pa/4mdeq1h/',39.94780009999999,-75.153795,'APT');
INSERT INTO `Listings` (`listing_id`,`address`,`image`,`beds`,`baths`,`price`,`currency`,`safety_rating`,`link`,`latitude`,`longitude`,`Agent_id`) VALUES (135,'200 W Washington Square, Philadelphia, PA 19106, USA','https://images1.apartments.com/i2/kGwd14bHsd2W7zhSZDEQT1K2_nsArRYimRCaiTm7Sho/117/the-st-james---residential-philadelphia-pa-exterior.jpg',3,3,6447,'USD',1,'https://www.apartments.com/the-st-james-residential-philadelphia-pa/4mdeq1h/',39.94780009999999,-75.153795,'APT');
INSERT INTO `Listings` (`listing_id`,`address`,`image`,`beds`,`baths`,`price`,`currency`,`safety_rating`,`link`,`latitude`,`longitude`,`Agent_id`) VALUES (136,'1616 Walnut St, Philadelphia, PA 19103, USA','https://images1.apartments.com/i2/ehjaZixrGdn3sKgE2Bk4rTqOvn-MMHFVT4dM7RQaQyg/117/icon-philadelphia-pa-sky-deck-with-360-view-includes-grilling.jpg',1,1,1445,'USD',3,'https://www.apartments.com/icon-philadelphia-pa/6d31ljs/',39.9495926,-75.16852,'APT');
INSERT INTO `Listings` (`listing_id`,`address`,`image`,`beds`,`baths`,`price`,`currency`,`safety_rating`,`link`,`latitude`,`longitude`,`Agent_id`) VALUES (137,'1616 Walnut St, Philadelphia, PA 19103, USA','https://images1.apartments.com/i2/ehjaZixrGdn3sKgE2Bk4rTqOvn-MMHFVT4dM7RQaQyg/117/icon-philadelphia-pa-sky-deck-with-360-view-includes-grilling.jpg',3,3,6074,'USD',3,'https://www.apartments.com/icon-philadelphia-pa/6d31ljs/',39.9495926,-75.16852,'APT');
INSERT INTO `Listings` (`listing_id`,`address`,`image`,`beds`,`baths`,`price`,`currency`,`safety_rating`,`link`,`latitude`,`longitude`,`Agent_id`) VALUES (138,'5500 Wissahickon Ave, Philadelphia, PA 19144, USA','https://images1.apartments.com/i2/vOponvEsPj-wIQpSbqp99pwMnRWK4cqqbjeComrl0OU/117/alden-park-philadelphia-pa-building-photo.jpg',1,1,855,'USD',1,'https://www.apartments.com/alden-park-philadelphia-pa/83f95m3/',40.0270725,-75.184185,'APT');
INSERT INTO `Listings` (`listing_id`,`address`,`image`,`beds`,`baths`,`price`,`currency`,`safety_rating`,`link`,`latitude`,`longitude`,`Agent_id`) VALUES (139,'5500 Wissahickon Ave, Philadelphia, PA 19144, USA','https://images1.apartments.com/i2/vOponvEsPj-wIQpSbqp99pwMnRWK4cqqbjeComrl0OU/117/alden-park-philadelphia-pa-building-photo.jpg',4,4,3580,'USD',1,'https://www.apartments.com/alden-park-philadelphia-pa/83f95m3/',40.0270725,-75.184185,'APT');
INSERT INTO `Listings` (`listing_id`,`address`,`image`,`beds`,`baths`,`price`,`currency`,`safety_rating`,`link`,`latitude`,`longitude`,`Agent_id`) VALUES (140,'10825 Keswick Rd, Philadelphia, PA 19154, USA','https://images1.apartments.com/i2/igvp1H7cMMwFpE20pr_FO2Fi_z88h0oEC-1-CY8fx6A/117/rushwood-apartments-philadelphia-pa-building-photo.jpg',1,1,824,'USD',4,'https://www.apartments.com/rushwood-apartments-philadelphia-pa/g8qsrgz/',40.0779875,-74.98464799999999,'APT');
INSERT INTO `Listings` (`listing_id`,`address`,`image`,`beds`,`baths`,`price`,`currency`,`safety_rating`,`link`,`latitude`,`longitude`,`Agent_id`) VALUES (141,'10825 Keswick Rd, Philadelphia, PA 19154, USA','https://images1.apartments.com/i2/igvp1H7cMMwFpE20pr_FO2Fi_z88h0oEC-1-CY8fx6A/117/rushwood-apartments-philadelphia-pa-building-photo.jpg',2,2,1240,'USD',4,'https://www.apartments.com/rushwood-apartments-philadelphia-pa/g8qsrgz/',40.0779875,-74.98464799999999,'APT');
INSERT INTO `Listings` (`listing_id`,`address`,`image`,`beds`,`baths`,`price`,`currency`,`safety_rating`,`link`,`latitude`,`longitude`,`Agent_id`) VALUES (142,'2600 Welsh Rd, Philadelphia, PA 19152, USA','https://images1.apartments.com/i2/7rjlwMhq-UIn122YzXcGktPvHA4TgoaMKcJt99ejj2g/117/winchester-walk-philadelphia-pa-building-photo.jpg',1,1,770,'USD',1,'https://www.apartments.com/winchester-walk-philadelphia-pa/c7hcw7g/',40.0711076,-75.03255469999999,'APT');
INSERT INTO `Listings` (`listing_id`,`address`,`image`,`beds`,`baths`,`price`,`currency`,`safety_rating`,`link`,`latitude`,`longitude`,`Agent_id`) VALUES (143,'2600 Welsh Rd, Philadelphia, PA 19152, USA','https://images1.apartments.com/i2/7rjlwMhq-UIn122YzXcGktPvHA4TgoaMKcJt99ejj2g/117/winchester-walk-philadelphia-pa-building-photo.jpg',2,2,2400,'USD',1,'https://www.apartments.com/winchester-walk-philadelphia-pa/c7hcw7g/',40.0711076,-75.03255469999999,'APT');
INSERT INTO `Listings` (`listing_id`,`address`,`image`,`beds`,`baths`,`price`,`currency`,`safety_rating`,`link`,`latitude`,`longitude`,`Agent_id`) VALUES (144,'3601 Market St, Philadelphia, PA 19104, USA','https://images1.apartments.com/i2/B5FnMjlzAFjYKFLiidrDdZA-3yO8G1U6DJ4kVSDOnM0/117/3601-market-philadelphia-pa-kitchen-and-living-area.jpg',1,1,1824,'USD',1,'https://www.apartments.com/3601-market-philadelphia-pa/yl2tbxt/',39.9567369,-75.195262,'APT');
INSERT INTO `Listings` (`listing_id`,`address`,`image`,`beds`,`baths`,`price`,`currency`,`safety_rating`,`link`,`latitude`,`longitude`,`Agent_id`) VALUES (145,'3601 Market St, Philadelphia, PA 19104, USA','https://images1.apartments.com/i2/B5FnMjlzAFjYKFLiidrDdZA-3yO8G1U6DJ4kVSDOnM0/117/3601-market-philadelphia-pa-kitchen-and-living-area.jpg',2,2,4766,'USD',1,'https://www.apartments.com/3601-market-philadelphia-pa/yl2tbxt/',39.9567369,-75.195262,'APT');
INSERT INTO `Listings` (`listing_id`,`address`,`image`,`beds`,`baths`,`price`,`currency`,`safety_rating`,`link`,`latitude`,`longitude`,`Agent_id`) VALUES (146,'1919 Market St, Philadelphia, PA 19103, USA','https://images1.apartments.com/i2/nWvvlbNb220Slq3fdu317ez68KYhME-WzWbsEMqzs1c/117/1919-market-st-philadelphia-pa-building-photo.jpg',1,1,1675,'USD',1,'https://www.apartments.com/1919-market-st-philadelphia-pa/z6xq6wz/',39.95388639999999,-75.17266149999999,'APT');
INSERT INTO `Listings` (`listing_id`,`address`,`image`,`beds`,`baths`,`price`,`currency`,`safety_rating`,`link`,`latitude`,`longitude`,`Agent_id`) VALUES (147,'1919 Market St, Philadelphia, PA 19103, USA','https://images1.apartments.com/i2/nWvvlbNb220Slq3fdu317ez68KYhME-WzWbsEMqzs1c/117/1919-market-st-philadelphia-pa-building-photo.jpg',2,2,5025,'USD',1,'https://www.apartments.com/1919-market-st-philadelphia-pa/z6xq6wz/',39.95388639999999,-75.17266149999999,'APT');
INSERT INTO `Listings` (`listing_id`,`address`,`image`,`beds`,`baths`,`price`,`currency`,`safety_rating`,`link`,`latitude`,`longitude`,`Agent_id`) VALUES (148,'322 N Broad St, Philadelphia, PA 19107, USA','https://images1.apartments.com/i2/LSGWyDb4WHTcH7nt5h-hV3BRy-M3mS-raw4jHvX8eds/117/hanover-north-broad-philadelphia-pa-building-photo.jpg',1,1,1655,'USD',1,'https://www.apartments.com/hanover-north-broad-philadelphia-pa/540bw8m/',39.9594644,-75.1630618,'APT');
INSERT INTO `Listings` (`listing_id`,`address`,`image`,`beds`,`baths`,`price`,`currency`,`safety_rating`,`link`,`latitude`,`longitude`,`Agent_id`) VALUES (149,'322 N Broad St, Philadelphia, PA 19107, USA','https://images1.apartments.com/i2/LSGWyDb4WHTcH7nt5h-hV3BRy-M3mS-raw4jHvX8eds/117/hanover-north-broad-philadelphia-pa-building-photo.jpg',3,3,4337,'USD',1,'https://www.apartments.com/hanover-north-broad-philadelphia-pa/540bw8m/',39.9594644,-75.1630618,'APT');
INSERT INTO `Listings` (`listing_id`,`address`,`image`,`beds`,`baths`,`price`,`currency`,`safety_rating`,`link`,`latitude`,`longitude`,`Agent_id`) VALUES (150,'3411 Chestnut St, Philadelphia, PA 19104, USA','https://images1.apartments.com/i2/0vfwcN12I4yn5Ao4LzRD5V7TAyjDn6LgMgAcxKq5r6Y/117/domus-philadelphia-pa-building-photo.jpg',1,1,2467,'USD',1,'https://www.apartments.com/domus-philadelphia-pa/mrvbv0l/',39.9548791,-75.1927003,'APT');
INSERT INTO `Listings` (`listing_id`,`address`,`image`,`beds`,`baths`,`price`,`currency`,`safety_rating`,`link`,`latitude`,`longitude`,`Agent_id`) VALUES (151,'3411 Chestnut St, Philadelphia, PA 19104, USA','https://images1.apartments.com/i2/0vfwcN12I4yn5Ao4LzRD5V7TAyjDn6LgMgAcxKq5r6Y/117/domus-philadelphia-pa-building-photo.jpg',3,3,18058,'USD',1,'https://www.apartments.com/domus-philadelphia-pa/mrvbv0l/',39.9548791,-75.1927003,'APT');
INSERT INTO `Listings` (`listing_id`,`address`,`image`,`beds`,`baths`,`price`,`currency`,`safety_rating`,`link`,`latitude`,`longitude`,`Agent_id`) VALUES (152,'2929 Walnut St, Philadelphia, PA 19104, USA','https://images1.apartments.com/i2/yxG-pzD9L-9Yv00Y9rmM3v4S2MWwn5dTRkKVAQ-_xt8/117/aka-university-city-at-cira-centre-south-philadelphia-pa-building-photo.jpg',1,1,2250,'USD',1,'https://www.apartments.com/aka-university-city-at-cira-centre-south-philadelphia-pa/5r4q7dn/',39.95167989999999,-75.182968,'APT');
INSERT INTO `Listings` (`listing_id`,`address`,`image`,`beds`,`baths`,`price`,`currency`,`safety_rating`,`link`,`latitude`,`longitude`,`Agent_id`) VALUES (153,'2929 Walnut St, Philadelphia, PA 19104, USA','https://images1.apartments.com/i2/yxG-pzD9L-9Yv00Y9rmM3v4S2MWwn5dTRkKVAQ-_xt8/117/aka-university-city-at-cira-centre-south-philadelphia-pa-building-photo.jpg',2,2,6200,'USD',1,'https://www.apartments.com/aka-university-city-at-cira-centre-south-philadelphia-pa/5r4q7dn/',39.95167989999999,-75.182968,'APT');
INSERT INTO `Listings` (`listing_id`,`address`,`image`,`beds`,`baths`,`price`,`currency`,`safety_rating`,`link`,`latitude`,`longitude`,`Agent_id`) VALUES (154,'1001 N 2nd St, Philadelphia, PA 19123, USA','https://images1.apartments.com/i2/D1dc7T1qmvIn7f7azD-EjiR2SXsin4KUg166SUFsf7k/117/the-piazza-at-schmidts-commons-philadelphia-pa-piazza-courtyard.jpg',1,1,600,'USD',1,'https://www.apartments.com/the-piazza-at-schmidts-commons-philadelphia-pa/pslb7ts/',39.9665611,-75.1399345,'APT');
INSERT INTO `Listings` (`listing_id`,`address`,`image`,`beds`,`baths`,`price`,`currency`,`safety_rating`,`link`,`latitude`,`longitude`,`Agent_id`) VALUES (155,'1001 N 2nd St, Philadelphia, PA 19123, USA','https://images1.apartments.com/i2/D1dc7T1qmvIn7f7azD-EjiR2SXsin4KUg166SUFsf7k/117/the-piazza-at-schmidts-commons-philadelphia-pa-piazza-courtyard.jpg',3,3,2900,'USD',1,'https://www.apartments.com/the-piazza-at-schmidts-commons-philadelphia-pa/pslb7ts/',39.9665611,-75.1399345,'APT');
INSERT INTO `Listings` (`listing_id`,`address`,`image`,`beds`,`baths`,`price`,`currency`,`safety_rating`,`link`,`latitude`,`longitude`,`Agent_id`) VALUES (156,'1340 Stewarts Way, Philadelphia, PA 19154, USA','https://images1.apartments.com/i2/nQcee-c3E-iOhzFNppsM3fBAJiUcFTafMkchWNT01h8/117/northbrook-apartment-homes-philadelphia-pa-building-photo.jpg',1,1,875,'USD',1,'https://www.apartments.com/northbrook-apartment-homes-philadelphia-pa/9mcjb25/',40.0970792,-74.9849596,'APT');
INSERT INTO `Listings` (`listing_id`,`address`,`image`,`beds`,`baths`,`price`,`currency`,`safety_rating`,`link`,`latitude`,`longitude`,`Agent_id`) VALUES (157,'1340 Stewarts Way, Philadelphia, PA 19154, USA','https://images1.apartments.com/i2/nQcee-c3E-iOhzFNppsM3fBAJiUcFTafMkchWNT01h8/117/northbrook-apartment-homes-philadelphia-pa-building-photo.jpg',4,4,1475,'USD',1,'https://www.apartments.com/northbrook-apartment-homes-philadelphia-pa/9mcjb25/',40.0970792,-74.9849596,'APT');
INSERT INTO `Listings` (`listing_id`,`address`,`image`,`beds`,`baths`,`price`,`currency`,`safety_rating`,`link`,`latitude`,`longitude`,`Agent_id`) VALUES (158,'633 W Rittenhouse St, Philadelphia, PA 19144, USA','https://images1.apartments.com/i2/liWJsfab0Po3ekbqGz04x28tuoa_YFMotwjEjPfGzvM/117/rittenhouse-hill-philadelphia-pa-building-photo.jpg',1,1,1095,'USD',1,'https://www.apartments.com/rittenhouse-hill-philadelphia-pa/zktw8dw/',40.0311095,-75.1850919,'APT');
INSERT INTO `Listings` (`listing_id`,`address`,`image`,`beds`,`baths`,`price`,`currency`,`safety_rating`,`link`,`latitude`,`longitude`,`Agent_id`) VALUES (159,'633 W Rittenhouse St, Philadelphia, PA 19144, USA','https://images1.apartments.com/i2/liWJsfab0Po3ekbqGz04x28tuoa_YFMotwjEjPfGzvM/117/rittenhouse-hill-philadelphia-pa-building-photo.jpg',2,2,1945,'USD',1,'https://www.apartments.com/rittenhouse-hill-philadelphia-pa/zktw8dw/',40.0311095,-75.1850919,'APT');
INSERT INTO `Listings` (`listing_id`,`address`,`image`,`beds`,`baths`,`price`,`currency`,`safety_rating`,`link`,`latitude`,`longitude`,`Agent_id`) VALUES (160,'3900 City Ave, Philadelphia, PA 19131, USA','https://images1.apartments.com/i2/RtDK3691liqL_W0CF-N_JZ9Dm2MM-sz1egr4vPUi1lM/117/madison-at-presidential-city-philadelphia-pa-3-bedroom-living-room.jpg',1,1,1315,'USD',1,'https://www.apartments.com/madison-at-presidential-city-philadelphia-pa/ry3jv13/',40.0081814,-75.20956129999999,'APT');
INSERT INTO `Listings` (`listing_id`,`address`,`image`,`beds`,`baths`,`price`,`currency`,`safety_rating`,`link`,`latitude`,`longitude`,`Agent_id`) VALUES (161,'3900 City Ave, Philadelphia, PA 19131, USA','https://images1.apartments.com/i2/RtDK3691liqL_W0CF-N_JZ9Dm2MM-sz1egr4vPUi1lM/117/madison-at-presidential-city-philadelphia-pa-3-bedroom-living-room.jpg',3,3,2905,'USD',1,'https://www.apartments.com/madison-at-presidential-city-philadelphia-pa/ry3jv13/',40.0081814,-75.20956129999999,'APT');
INSERT INTO `Listings` (`listing_id`,`address`,`image`,`beds`,`baths`,`price`,`currency`,`safety_rating`,`link`,`latitude`,`longitude`,`Agent_id`) VALUES (162,'3900 City Ave, Philadelphia, PA 19131, USA','https://images1.apartments.com/i2/v19merpf-Vwor4CaNBzKHSxddREGLwc3q-4Mia_T4s8/117/jefferson-at-presidential-city-philadelphia-pa-2-bedroom.jpg',1,1,1130,'USD',1,'https://www.apartments.com/jefferson-at-presidential-city-philadelphia-pa/90t98h5/',40.0081814,-75.20956129999999,'APT');
INSERT INTO `Listings` (`listing_id`,`address`,`image`,`beds`,`baths`,`price`,`currency`,`safety_rating`,`link`,`latitude`,`longitude`,`Agent_id`) VALUES (163,'3900 City Ave, Philadelphia, PA 19131, USA','https://images1.apartments.com/i2/v19merpf-Vwor4CaNBzKHSxddREGLwc3q-4Mia_T4s8/117/jefferson-at-presidential-city-philadelphia-pa-2-bedroom.jpg',2,2,2490,'USD',1,'https://www.apartments.com/jefferson-at-presidential-city-philadelphia-pa/90t98h5/',40.0081814,-75.20956129999999,'APT');
INSERT INTO `Listings` (`listing_id`,`address`,`image`,`beds`,`baths`,`price`,`currency`,`safety_rating`,`link`,`latitude`,`longitude`,`Agent_id`) VALUES (164,'315 N 12th St, Philadelphia, PA 19107, USA','https://images1.apartments.com/i2/T5swClVmK37M-uNufnCS-64rSZEfvsIq3HeM2A9TA5k/117/goldtex-philadelphia-pa-building-photo.jpg',1,1,1625,'USD',1,'https://www.apartments.com/goldtex-philadelphia-pa/k40zgfc/',39.958172,-75.1580867,'APT');
INSERT INTO `Listings` (`listing_id`,`address`,`image`,`beds`,`baths`,`price`,`currency`,`safety_rating`,`link`,`latitude`,`longitude`,`Agent_id`) VALUES (165,'315 N 12th St, Philadelphia, PA 19107, USA','https://images1.apartments.com/i2/T5swClVmK37M-uNufnCS-64rSZEfvsIq3HeM2A9TA5k/117/goldtex-philadelphia-pa-building-photo.jpg',3,3,3765,'USD',1,'https://www.apartments.com/goldtex-philadelphia-pa/k40zgfc/',39.958172,-75.1580867,'APT');
INSERT INTO `Listings` (`listing_id`,`address`,`image`,`beds`,`baths`,`price`,`currency`,`safety_rating`,`link`,`latitude`,`longitude`,`Agent_id`) VALUES (166,'3900 Chestnut St, Philadelphia, PA 19104, USA','https://images1.apartments.com/i2/RzjooyPH-RtXjGVD1M37fdIB5C5GMbmz5KZpBGGHw9w/117/chestnut-hall-apartments-philadelphia-pa-building-photo.jpg',1,1,1045,'USD',2,'https://www.apartments.com/chestnut-hall-apartments-philadelphia-pa/38kt07e/',39.95493039999999,-75.2001318,'APT');
INSERT INTO `Listings` (`listing_id`,`address`,`image`,`beds`,`baths`,`price`,`currency`,`safety_rating`,`link`,`latitude`,`longitude`,`Agent_id`) VALUES (167,'3900 Chestnut St, Philadelphia, PA 19104, USA','https://images1.apartments.com/i2/RzjooyPH-RtXjGVD1M37fdIB5C5GMbmz5KZpBGGHw9w/117/chestnut-hall-apartments-philadelphia-pa-building-photo.jpg',2,2,4876,'USD',2,'https://www.apartments.com/chestnut-hall-apartments-philadelphia-pa/38kt07e/',39.95493039999999,-75.2001318,'APT');
INSERT INTO `Listings` (`listing_id`,`address`,`image`,`beds`,`baths`,`price`,`currency`,`safety_rating`,`link`,`latitude`,`longitude`,`Agent_id`) VALUES (168,'7715 Crittenden St, Philadelphia, PA 19118, USA','https://images1.apartments.com/i2/SQMs2uVWag0xXfjNUcXXxMOp9X9e22hKsPvY0_gH1V8/117/chestnut-hill-village-apartments-philadelphia-pa-building-photo.jpg',1,1,979,'USD',1,'https://www.apartments.com/chestnut-hill-village-apartments-philadelphia-pa/4sbjxeh/',40.0744827,-75.1935384,'APT');
INSERT INTO `Listings` (`listing_id`,`address`,`image`,`beds`,`baths`,`price`,`currency`,`safety_rating`,`link`,`latitude`,`longitude`,`Agent_id`) VALUES (169,'7715 Crittenden St, Philadelphia, PA 19118, USA','https://images1.apartments.com/i2/SQMs2uVWag0xXfjNUcXXxMOp9X9e22hKsPvY0_gH1V8/117/chestnut-hill-village-apartments-philadelphia-pa-building-photo.jpg',3,3,5195,'USD',1,'https://www.apartments.com/chestnut-hill-village-apartments-philadelphia-pa/4sbjxeh/',40.0744827,-75.1935384,'APT');
INSERT INTO `Listings` (`listing_id`,`address`,`image`,`beds`,`baths`,`price`,`currency`,`safety_rating`,`link`,`latitude`,`longitude`,`Agent_id`) VALUES (170,'2200 Benjamin Franklin Pkwy, Philadelphia, PA 19130, USA','https://images1.apartments.com/i2/39BBXptg2aDFsdryvJz7p7iWz3CZuX2NRO6I5LgKjV4/117/park-towne-place-premier-apt-homes-philadelphia-pa-building-photo.jpg',1,1,1219,'USD',1,'https://www.apartments.com/park-towne-place-premier-apt-homes-philadelphia-pa/hczsx91/',39.9607986,-75.1771153,'APT');
INSERT INTO `Listings` (`listing_id`,`address`,`image`,`beds`,`baths`,`price`,`currency`,`safety_rating`,`link`,`latitude`,`longitude`,`Agent_id`) VALUES (171,'2200 Benjamin Franklin Pkwy, Philadelphia, PA 19130, USA','https://images1.apartments.com/i2/39BBXptg2aDFsdryvJz7p7iWz3CZuX2NRO6I5LgKjV4/117/park-towne-place-premier-apt-homes-philadelphia-pa-building-photo.jpg',3,3,12293,'USD',1,'https://www.apartments.com/park-towne-place-premier-apt-homes-philadelphia-pa/hczsx91/',39.9607986,-75.1771153,'APT');
INSERT INTO `Listings` (`listing_id`,`address`,`image`,`beds`,`baths`,`price`,`currency`,`safety_rating`,`link`,`latitude`,`longitude`,`Agent_id`) VALUES (172,'1815 John F Kennedy Blvd, Philadelphia, PA 19103, USA','https://images1.apartments.com/i2/PO5dpz1IKWZqbW71e67nOkrFlCZzdlRwc3_xlLLkaHE/117/the-sterling-apartment-homes-philadelphia-pa-building-photo.jpg',1,1,1531,'USD',1,'https://www.apartments.com/the-sterling-apartment-homes-philadelphia-pa/crkk3bg/',39.9545742,-75.1705472,'APT');
INSERT INTO `Listings` (`listing_id`,`address`,`image`,`beds`,`baths`,`price`,`currency`,`safety_rating`,`link`,`latitude`,`longitude`,`Agent_id`) VALUES (173,'1815 John F Kennedy Blvd, Philadelphia, PA 19103, USA','https://images1.apartments.com/i2/PO5dpz1IKWZqbW71e67nOkrFlCZzdlRwc3_xlLLkaHE/117/the-sterling-apartment-homes-philadelphia-pa-building-photo.jpg',3,3,11623,'USD',1,'https://www.apartments.com/the-sterling-apartment-homes-philadelphia-pa/crkk3bg/',39.9545742,-75.1705472,'APT');
INSERT INTO `Listings` (`listing_id`,`address`,`image`,`beds`,`baths`,`price`,`currency`,`safety_rating`,`link`,`latitude`,`longitude`,`Agent_id`) VALUES (174,'135 S 19th St, Philadelphia, PA 19103, USA','https://images1.apartments.com/i2/ZHn-SVJqOi2pXbO3FpsAG4r8V60bv06iz5_f-El52kg/117/the-wellington-philadelphia-pa-building-photo.jpg',1,1,2050,'USD',1,'https://www.apartments.com/the-wellington-philadelphia-pa/h4qd3v1/',39.9507223,-75.1719869,'APT');
INSERT INTO `Listings` (`listing_id`,`address`,`image`,`beds`,`baths`,`price`,`currency`,`safety_rating`,`link`,`latitude`,`longitude`,`Agent_id`) VALUES (175,'135 S 19th St, Philadelphia, PA 19103, USA','https://images1.apartments.com/i2/ZHn-SVJqOi2pXbO3FpsAG4r8V60bv06iz5_f-El52kg/117/the-wellington-philadelphia-pa-building-photo.jpg',3,3,4750,'USD',1,'https://www.apartments.com/the-wellington-philadelphia-pa/h4qd3v1/',39.9507223,-75.1719869,'APT');
INSERT INTO `Listings` (`listing_id`,`address`,`image`,`beds`,`baths`,`price`,`currency`,`safety_rating`,`link`,`latitude`,`longitude`,`Agent_id`) VALUES (176,'2021 Chestnut St, Philadelphia, PA 19103, USA','https://images1.apartments.com/i2/Xf5WROrirr5h-P1j4q14QR-krNoRWhLQLbXWKKZZiDc/117/aq-rittenhouse-philadelphia-pa-building-photo.jpg',1,1,1800,'USD',1,'https://www.apartments.com/aq-rittenhouse-philadelphia-pa/16wpkk4/',39.9522729,-75.1742831,'APT');
INSERT INTO `Listings` (`listing_id`,`address`,`image`,`beds`,`baths`,`price`,`currency`,`safety_rating`,`link`,`latitude`,`longitude`,`Agent_id`) VALUES (177,'2021 Chestnut St, Philadelphia, PA 19103, USA','https://images1.apartments.com/i2/Xf5WROrirr5h-P1j4q14QR-krNoRWhLQLbXWKKZZiDc/117/aq-rittenhouse-philadelphia-pa-building-photo.jpg',2,2,2535,'USD',1,'https://www.apartments.com/aq-rittenhouse-philadelphia-pa/16wpkk4/',39.9522729,-75.1742831,'APT');
INSERT INTO `Listings` (`listing_id`,`address`,`image`,`beds`,`baths`,`price`,`currency`,`safety_rating`,`link`,`latitude`,`longitude`,`Agent_id`) VALUES (178,'3500 Powelton Ave, Philadelphia, PA 19104, USA','https://images1.apartments.com/i2/4dE-EQHu-yPIVkUEyJKKgfq86c6rr-v8VW-jCoRUHd0/117/the-courts-philadelphia-pa-building-photo.jpg',1,1,1159,'USD',1,'https://www.apartments.com/the-courts-philadelphia-pa/bmjte18/',39.9596296,-75.1931366,'APT');
INSERT INTO `Listings` (`listing_id`,`address`,`image`,`beds`,`baths`,`price`,`currency`,`safety_rating`,`link`,`latitude`,`longitude`,`Agent_id`) VALUES (179,'3500 Powelton Ave, Philadelphia, PA 19104, USA','https://images1.apartments.com/i2/4dE-EQHu-yPIVkUEyJKKgfq86c6rr-v8VW-jCoRUHd0/117/the-courts-philadelphia-pa-building-photo.jpg',2,2,2179,'USD',1,'https://www.apartments.com/the-courts-philadelphia-pa/bmjte18/',39.9596296,-75.1931366,'APT');
INSERT INTO `Listings` (`listing_id`,`address`,`image`,`beds`,`baths`,`price`,`currency`,`safety_rating`,`link`,`latitude`,`longitude`,`Agent_id`) VALUES (180,'3100 W Thompson St, Philadelphia, PA 19121, USA','https://images1.apartments.com/i2/CWnImK4Rakf7MYmfSzI2YZ9xDvLZaqNSv8iE-Qw8eQ0/117/31-brewerytown-philadelphia-pa-building-photo.jpg',1,1,1325,'USD',1,'https://www.apartments.com/31-brewerytown-philadelphia-pa/mhxt3vl/',39.97664,-75.1867643,'APT');
INSERT INTO `Listings` (`listing_id`,`address`,`image`,`beds`,`baths`,`price`,`currency`,`safety_rating`,`link`,`latitude`,`longitude`,`Agent_id`) VALUES (181,'3100 W Thompson St, Philadelphia, PA 19121, USA','https://images1.apartments.com/i2/CWnImK4Rakf7MYmfSzI2YZ9xDvLZaqNSv8iE-Qw8eQ0/117/31-brewerytown-philadelphia-pa-building-photo.jpg',2,2,2100,'USD',1,'https://www.apartments.com/31-brewerytown-philadelphia-pa/mhxt3vl/',39.97664,-75.1867643,'APT');
INSERT INTO `Listings` (`listing_id`,`address`,`image`,`beds`,`baths`,`price`,`currency`,`safety_rating`,`link`,`latitude`,`longitude`,`Agent_id`) VALUES (182,'1400 Spring Garden St, Philadelphia, PA 19123, USA','https://images1.apartments.com/i2/bXHsQmRr1lzaZfSbpr6yqEI7Z5NuV9X9mcHMM94mS44/117/tower-place-philadelphia-pa-building-photo.jpg',1,1,1685,'USD',1,'https://www.apartments.com/tower-place-philadelphia-pa/bex449c/',39.9620113,-75.1622441,'APT');
INSERT INTO `Listings` (`listing_id`,`address`,`image`,`beds`,`baths`,`price`,`currency`,`safety_rating`,`link`,`latitude`,`longitude`,`Agent_id`) VALUES (183,'1400 Spring Garden St, Philadelphia, PA 19123, USA','https://images1.apartments.com/i2/bXHsQmRr1lzaZfSbpr6yqEI7Z5NuV9X9mcHMM94mS44/117/tower-place-philadelphia-pa-building-photo.jpg',2,2,2992,'USD',1,'https://www.apartments.com/tower-place-philadelphia-pa/bex449c/',39.9620113,-75.1622441,'APT');
INSERT INTO `Listings` (`listing_id`,`address`,`image`,`beds`,`baths`,`price`,`currency`,`safety_rating`,`link`,`latitude`,`longitude`,`Agent_id`) VALUES (184,'3900 Gateway Dr, Philadelphia, PA 19145, USA','https://images1.apartments.com/i2/DGLCuHTaPiv7Uj4n2rcQyYrotCmd5e6cUNAtapxGnyg/117/enclaves-philadelphia-pa-building-photo.jpg',1,1,1520,'USD',1,'https://www.apartments.com/enclaves-philadelphia-pa/5yqhwcp/',39.9033209,-75.19233960000001,'APT');
INSERT INTO `Listings` (`listing_id`,`address`,`image`,`beds`,`baths`,`price`,`currency`,`safety_rating`,`link`,`latitude`,`longitude`,`Agent_id`) VALUES (185,'3900 Gateway Dr, Philadelphia, PA 19145, USA','https://images1.apartments.com/i2/DGLCuHTaPiv7Uj4n2rcQyYrotCmd5e6cUNAtapxGnyg/117/enclaves-philadelphia-pa-building-photo.jpg',2,2,1550,'USD',1,'https://www.apartments.com/enclaves-philadelphia-pa/5yqhwcp/',39.9033209,-75.19233960000001,'APT');
INSERT INTO `Listings` (`listing_id`,`address`,`image`,`beds`,`baths`,`price`,`currency`,`safety_rating`,`link`,`latitude`,`longitude`,`Agent_id`) VALUES (186,'3400 Red Lion Rd, Philadelphia, PA 19114, USA','https://images1.apartments.com/i2/hYS4WsW_h7ZMzRe8FZBvftnOfFA42Grnkn5rToCwwTg/117/sherwood-crossing-apartments-townhomes-philadelphia-pa-building-photo.jpg',1,1,880,'USD',1,'https://www.apartments.com/sherwood-crossing-apartments-townhomes-philadelphia-pa/mhjergl/',40.0742065,-74.9860076,'APT');
INSERT INTO `Listings` (`listing_id`,`address`,`image`,`beds`,`baths`,`price`,`currency`,`safety_rating`,`link`,`latitude`,`longitude`,`Agent_id`) VALUES (187,'3400 Red Lion Rd, Philadelphia, PA 19114, USA','https://images1.apartments.com/i2/hYS4WsW_h7ZMzRe8FZBvftnOfFA42Grnkn5rToCwwTg/117/sherwood-crossing-apartments-townhomes-philadelphia-pa-building-photo.jpg',3,3,1820,'USD',1,'https://www.apartments.com/sherwood-crossing-apartments-townhomes-philadelphia-pa/mhjergl/',40.0742065,-74.9860076,'APT');
INSERT INTO `Listings` (`listing_id`,`address`,`image`,`beds`,`baths`,`price`,`currency`,`safety_rating`,`link`,`latitude`,`longitude`,`Agent_id`) VALUES (188,'600 Red Lion Rd, Philadelphia, PA 19115, USA','https://images1.apartments.com/i2/Pe3ynIvUcxD9COHhCMRvOwwInxz_R1qI-iiO9l2wFO4/117/brookmont-apartment-homes-philadelphia-pa-building-photo.jpg',1,1,965,'USD',5,'https://www.apartments.com/brookmont-apartment-homes-philadelphia-pa/yszbrkt/',40.10692359999999,-75.0387872,'APT');
INSERT INTO `Listings` (`listing_id`,`address`,`image`,`beds`,`baths`,`price`,`currency`,`safety_rating`,`link`,`latitude`,`longitude`,`Agent_id`) VALUES (189,'600 Red Lion Rd, Philadelphia, PA 19115, USA','https://images1.apartments.com/i2/Pe3ynIvUcxD9COHhCMRvOwwInxz_R1qI-iiO9l2wFO4/117/brookmont-apartment-homes-philadelphia-pa-building-photo.jpg',2,2,1345,'USD',5,'https://www.apartments.com/brookmont-apartment-homes-philadelphia-pa/yszbrkt/',40.10692359999999,-75.0387872,'APT');
INSERT INTO `Listings` (`listing_id`,`address`,`image`,`beds`,`baths`,`price`,`currency`,`safety_rating`,`link`,`latitude`,`longitude`,`Agent_id`) VALUES (190,'7901 Henry Ave, Philadelphia, PA 19128, USA','https://images1.apartments.com/i2/vtdiSS55wveAw-AN-QacNGMBSh7hRd9oXNoKBKtrPB0/117/henry-on-the-park-apartment-homes-philadelphia-pa-building-photo.jpg',1,1,1210,'USD',1,'https://www.apartments.com/henry-on-the-park-apartment-homes-philadelphia-pa/8fjme23/',40.0566043,-75.2303682,'APT');
INSERT INTO `Listings` (`listing_id`,`address`,`image`,`beds`,`baths`,`price`,`currency`,`safety_rating`,`link`,`latitude`,`longitude`,`Agent_id`) VALUES (191,'7901 Henry Ave, Philadelphia, PA 19128, USA','https://images1.apartments.com/i2/vtdiSS55wveAw-AN-QacNGMBSh7hRd9oXNoKBKtrPB0/117/henry-on-the-park-apartment-homes-philadelphia-pa-building-photo.jpg',4,4,2365,'USD',1,'https://www.apartments.com/henry-on-the-park-apartment-homes-philadelphia-pa/8fjme23/',40.0566043,-75.2303682,'APT');
INSERT INTO `Listings` (`listing_id`,`address`,`image`,`beds`,`baths`,`price`,`currency`,`safety_rating`,`link`,`latitude`,`longitude`,`Agent_id`) VALUES (192,'4701 Pine St, Philadelphia, PA 19143, USA','https://images1.apartments.com/i2/ZWLBVkUQ9_r3xRZB_zcIbLlKrN1jVC1OluV2ZnKR1Y4/117/garden-court-plaza-philadelphia-pa-building-photo.jpg',1,1,930,'USD',1,'https://www.apartments.com/garden-court-plaza-philadelphia-pa/8ws64l2/',39.9526164,-75.2166302,'APT');
INSERT INTO `Listings` (`listing_id`,`address`,`image`,`beds`,`baths`,`price`,`currency`,`safety_rating`,`link`,`latitude`,`longitude`,`Agent_id`) VALUES (193,'4701 Pine St, Philadelphia, PA 19143, USA','https://images1.apartments.com/i2/ZWLBVkUQ9_r3xRZB_zcIbLlKrN1jVC1OluV2ZnKR1Y4/117/garden-court-plaza-philadelphia-pa-building-photo.jpg',3,3,2365,'USD',1,'https://www.apartments.com/garden-court-plaza-philadelphia-pa/8ws64l2/',39.9526164,-75.2166302,'APT');
INSERT INTO `Listings` (`listing_id`,`address`,`image`,`beds`,`baths`,`price`,`currency`,`safety_rating`,`link`,`latitude`,`longitude`,`Agent_id`) VALUES (194,'1 Cotton St, Philadelphia, PA 19127, USA','https://images1.apartments.com/i2/6_vLPZn1X57v6ZVCH-oML_XwAzvq4LuG1XrGMb9raU4/117/the-isle-philadelphia-pa-building-photo.jpg',1,1,1450,'USD',1,'https://www.apartments.com/the-isle-philadelphia-pa/py315bs/',40.0247233,-75.22293669999999,'APT');
INSERT INTO `Listings` (`listing_id`,`address`,`image`,`beds`,`baths`,`price`,`currency`,`safety_rating`,`link`,`latitude`,`longitude`,`Agent_id`) VALUES (195,'1 Cotton St, Philadelphia, PA 19127, USA','https://images1.apartments.com/i2/6_vLPZn1X57v6ZVCH-oML_XwAzvq4LuG1XrGMb9raU4/117/the-isle-philadelphia-pa-building-photo.jpg',2,2,2940,'USD',1,'https://www.apartments.com/the-isle-philadelphia-pa/py315bs/',40.0247233,-75.22293669999999,'APT');
INSERT INTO `Listings` (`listing_id`,`address`,`image`,`beds`,`baths`,`price`,`currency`,`safety_rating`,`link`,`latitude`,`longitude`,`Agent_id`) VALUES (196,'1930 Chestnut St, Philadelphia, PA 19103, USA','https://images1.apartments.com/i2/PAL2OiNMsHknsifEYTkBG2ZBQn9N8kZPuxwMIIPFYvE/117/the-republic-philadelphia-pa-designer-kitches-with-stainless-steel-ap.jpg',1,1,1570,'USD',1,'https://www.apartments.com/the-republic-philadelphia-pa/vv2dfge/',39.9518334,-75.1733275,'APT');
INSERT INTO `Listings` (`listing_id`,`address`,`image`,`beds`,`baths`,`price`,`currency`,`safety_rating`,`link`,`latitude`,`longitude`,`Agent_id`) VALUES (197,'1930 Chestnut St, Philadelphia, PA 19103, USA','https://images1.apartments.com/i2/PAL2OiNMsHknsifEYTkBG2ZBQn9N8kZPuxwMIIPFYvE/117/the-republic-philadelphia-pa-designer-kitches-with-stainless-steel-ap.jpg',2,2,4235,'USD',1,'https://www.apartments.com/the-republic-philadelphia-pa/vv2dfge/',39.9518334,-75.1733275,'APT');
INSERT INTO `Listings` (`listing_id`,`address`,`image`,`beds`,`baths`,`price`,`currency`,`safety_rating`,`link`,`latitude`,`longitude`,`Agent_id`) VALUES (198,'400 Walnut St, Philadelphia, PA 19106, USA','https://images1.apartments.com/i2/R2hWflmUrg9YFUTxLPgxclVQwoSW5pmVVi4EQotcnKY/117/the-broderick-philadelphia-pa-kitchens-complete-with-stainless-steel-a.jpg',1,1,1795,'USD',1,'https://www.apartments.com/the-broderick-philadelphia-pa/4b69qsl/',39.9473661,-75.14827500000001,'APT');
INSERT INTO `Listings` (`listing_id`,`address`,`image`,`beds`,`baths`,`price`,`currency`,`safety_rating`,`link`,`latitude`,`longitude`,`Agent_id`) VALUES (199,'400 Walnut St, Philadelphia, PA 19106, USA','https://images1.apartments.com/i2/R2hWflmUrg9YFUTxLPgxclVQwoSW5pmVVi4EQotcnKY/117/the-broderick-philadelphia-pa-kitchens-complete-with-stainless-steel-a.jpg',3,3,9995,'USD',1,'https://www.apartments.com/the-broderick-philadelphia-pa/4b69qsl/',39.9473661,-75.14827500000001,'APT');
INSERT INTO `Listings` (`listing_id`,`address`,`image`,`beds`,`baths`,`price`,`currency`,`safety_rating`,`link`,`latitude`,`longitude`,`Agent_id`) VALUES (200,'501 N 22nd St, Philadelphia, PA 19130, USA','https://images1.apartments.com/i2/uezqK2sKJ1--BIfdIB2TlyXiHT4pTe9T4rYGjLH9CHw/117/dalian-on-the-park-philadelphia-pa-building-photo.jpg',1,1,1889,'USD',1,'https://www.apartments.com/dalian-on-the-park-philadelphia-pa/n3k3jhm/',39.9633088,-75.1740269,'APT');
INSERT INTO `Listings` (`listing_id`,`address`,`image`,`beds`,`baths`,`price`,`currency`,`safety_rating`,`link`,`latitude`,`longitude`,`Agent_id`) VALUES (201,'501 N 22nd St, Philadelphia, PA 19130, USA','https://images1.apartments.com/i2/uezqK2sKJ1--BIfdIB2TlyXiHT4pTe9T4rYGjLH9CHw/117/dalian-on-the-park-philadelphia-pa-building-photo.jpg',2,2,5117,'USD',1,'https://www.apartments.com/dalian-on-the-park-philadelphia-pa/n3k3jhm/',39.9633088,-75.1740269,'APT');
INSERT INTO `Listings` (`listing_id`,`address`,`image`,`beds`,`baths`,`price`,`currency`,`safety_rating`,`link`,`latitude`,`longitude`,`Agent_id`) VALUES (202,'3201 Race St, Philadelphia, PA 19104, USA','https://images1.apartments.com/i2/LMOMB80DucBDChK-t3xKELsAyBL9vHShXY4Oh0NvufE/117/vue32-philadelphia-pa-breathtaking-views.jpg',1,1,1700,'USD',1,'https://www.apartments.com/vue32-philadelphia-pa/v60dc8g/',39.9590419,-75.18767199999999,'APT');
INSERT INTO `Listings` (`listing_id`,`address`,`image`,`beds`,`baths`,`price`,`currency`,`safety_rating`,`link`,`latitude`,`longitude`,`Agent_id`) VALUES (203,'3201 Race St, Philadelphia, PA 19104, USA','https://images1.apartments.com/i2/LMOMB80DucBDChK-t3xKELsAyBL9vHShXY4Oh0NvufE/117/vue32-philadelphia-pa-breathtaking-views.jpg',3,3,5100,'USD',1,'https://www.apartments.com/vue32-philadelphia-pa/v60dc8g/',39.9590419,-75.18767199999999,'APT');
INSERT INTO `Listings` (`listing_id`,`address`,`image`,`beds`,`baths`,`price`,`currency`,`safety_rating`,`link`,`latitude`,`longitude`,`Agent_id`) VALUES (204,'1830 Lombard St, Philadelphia, PA 19146, USA','https://images1.apartments.com/i2/gZG2b3XOB2_ImgnAf9KGvEvJ6qmZhyuPGpxmEeDvvdM/117/the-pepper-building-philadelphia-pa-building-photo.jpg',1,1,1358,'USD',1,'https://www.apartments.com/the-pepper-building-philadelphia-pa/sr2b9f7/',39.9454568,-75.1728438,'APT');
INSERT INTO `Listings` (`listing_id`,`address`,`image`,`beds`,`baths`,`price`,`currency`,`safety_rating`,`link`,`latitude`,`longitude`,`Agent_id`) VALUES (205,'1830 Lombard St, Philadelphia, PA 19146, USA','https://images1.apartments.com/i2/gZG2b3XOB2_ImgnAf9KGvEvJ6qmZhyuPGpxmEeDvvdM/117/the-pepper-building-philadelphia-pa-building-photo.jpg',2,2,5740,'USD',1,'https://www.apartments.com/the-pepper-building-philadelphia-pa/sr2b9f7/',39.9454568,-75.1728438,'APT');
INSERT INTO `Listings` (`listing_id`,`address`,`image`,`beds`,`baths`,`price`,`currency`,`safety_rating`,`link`,`latitude`,`longitude`,`Agent_id`) VALUES (206,'2323 Race St, Philadelphia, PA 19103, USA','https://images1.apartments.com/i2/MCtvMpqtvcWJisc_jTwXbUwdWBHoD02s46Bm7xR6N-U/117/edgewater-apartments-philadelphia-pa-gourmet-chef-inspired-kitchens-feature-g.jpg',1,1,1887,'USD',1,'https://www.apartments.com/edgewater-apartments-philadelphia-pa/tdb3pqb/',39.95898440000001,-75.1780263,'APT');
INSERT INTO `Listings` (`listing_id`,`address`,`image`,`beds`,`baths`,`price`,`currency`,`safety_rating`,`link`,`latitude`,`longitude`,`Agent_id`) VALUES (207,'2323 Race St, Philadelphia, PA 19103, USA','https://images1.apartments.com/i2/MCtvMpqtvcWJisc_jTwXbUwdWBHoD02s46Bm7xR6N-U/117/edgewater-apartments-philadelphia-pa-gourmet-chef-inspired-kitchens-feature-g.jpg',3,3,7062,'USD',1,'https://www.apartments.com/edgewater-apartments-philadelphia-pa/tdb3pqb/',39.95898440000001,-75.1780263,'APT');
INSERT INTO `Listings` (`listing_id`,`address`,`image`,`beds`,`baths`,`price`,`currency`,`safety_rating`,`link`,`latitude`,`longitude`,`Agent_id`) VALUES (208,'1514 Locust St, Philadelphia, PA 19102, USA','https://images1.apartments.com/i2/Nh0RxacyP2rulxDSy_f_u5_pl1FgVvTn0iYpsL6axJI/117/1500-locust-philadelphia-pa-interior-photo.jpg',1,1,1470,'USD',2,'https://www.apartments.com/1500-locust-philadelphia-pa/y9hc9sv/',39.948288,-75.1670972,'APT');
INSERT INTO `Listings` (`listing_id`,`address`,`image`,`beds`,`baths`,`price`,`currency`,`safety_rating`,`link`,`latitude`,`longitude`,`Agent_id`) VALUES (209,'1514 Locust St, Philadelphia, PA 19102, USA','https://images1.apartments.com/i2/Nh0RxacyP2rulxDSy_f_u5_pl1FgVvTn0iYpsL6axJI/117/1500-locust-philadelphia-pa-interior-photo.jpg',3,3,3852,'USD',2,'https://www.apartments.com/1500-locust-philadelphia-pa/y9hc9sv/',39.948288,-75.1670972,'APT');
INSERT INTO `Listings` (`listing_id`,`address`,`image`,`beds`,`baths`,`price`,`currency`,`safety_rating`,`link`,`latitude`,`longitude`,`Agent_id`) VALUES (210,'4601 E Flat Rock Rd, Philadelphia, PA 19127, USA','https://images1.apartments.com/i2/NN-stJU545diFrfAX_uDbh5iLc2AlDkr2Blswh4Gjb8/117/venice-lofts-philadelphia-pa-building-photo.jpg',1,1,1720,'USD',1,'https://www.apartments.com/venice-lofts-philadelphia-pa/eym0g5m/',40.02929779999999,-75.23190869999999,'APT');
INSERT INTO `Listings` (`listing_id`,`address`,`image`,`beds`,`baths`,`price`,`currency`,`safety_rating`,`link`,`latitude`,`longitude`,`Agent_id`) VALUES (211,'4601 E Flat Rock Rd, Philadelphia, PA 19127, USA','https://images1.apartments.com/i2/NN-stJU545diFrfAX_uDbh5iLc2AlDkr2Blswh4Gjb8/117/venice-lofts-philadelphia-pa-building-photo.jpg',3,3,3094,'USD',1,'https://www.apartments.com/venice-lofts-philadelphia-pa/eym0g5m/',40.02929779999999,-75.23190869999999,'APT');
INSERT INTO `Listings` (`listing_id`,`address`,`image`,`beds`,`baths`,`price`,`currency`,`safety_rating`,`link`,`latitude`,`longitude`,`Agent_id`) VALUES (212,'1338 Chestnut St, Philadelphia, PA 19107, USA','https://images1.apartments.com/i2/RAhoWpp4vcifvFqr-EG_mBeynwV16qEzh-u44fcbL-8/117/griffin-center-city-philadelphia-pa-building-photo.jpg',1,1,1400,'USD',2,'https://www.apartments.com/griffin-center-city-philadelphia-pa/7d7rbbx/',39.9506255,-75.1635909,'APT');
INSERT INTO `Listings` (`listing_id`,`address`,`image`,`beds`,`baths`,`price`,`currency`,`safety_rating`,`link`,`latitude`,`longitude`,`Agent_id`) VALUES (213,'1338 Chestnut St, Philadelphia, PA 19107, USA','https://images1.apartments.com/i2/RAhoWpp4vcifvFqr-EG_mBeynwV16qEzh-u44fcbL-8/117/griffin-center-city-philadelphia-pa-building-photo.jpg',2,2,5000,'USD',2,'https://www.apartments.com/griffin-center-city-philadelphia-pa/7d7rbbx/',39.9506255,-75.1635909,'APT');
INSERT INTO `Listings` (`listing_id`,`address`,`image`,`beds`,`baths`,`price`,`currency`,`safety_rating`,`link`,`latitude`,`longitude`,`Agent_id`) VALUES (214,'1 Parker Ave, Philadelphia, PA 19128, USA','https://images1.apartments.com/i2/rHGYpPkhKrqtccLeZZ7q80so6O_6T3gdfcwx8WxRGWY/117/the-station-at-manayunk-philadelphia-pa-welcome-to-station-at-manayunk.jpg',1,1,1380,'USD',1,'https://www.apartments.com/the-station-at-manayunk-philadelphia-pa/ncwv55n/',40.0343227,-75.23628850000001,'APT');
INSERT INTO `Listings` (`listing_id`,`address`,`image`,`beds`,`baths`,`price`,`currency`,`safety_rating`,`link`,`latitude`,`longitude`,`Agent_id`) VALUES (215,'1 Parker Ave, Philadelphia, PA 19128, USA','https://images1.apartments.com/i2/rHGYpPkhKrqtccLeZZ7q80so6O_6T3gdfcwx8WxRGWY/117/the-station-at-manayunk-philadelphia-pa-welcome-to-station-at-manayunk.jpg',2,2,1860,'USD',1,'https://www.apartments.com/the-station-at-manayunk-philadelphia-pa/ncwv55n/',40.0343227,-75.23628850000001,'APT');
INSERT INTO `Listings` (`listing_id`,`address`,`image`,`beds`,`baths`,`price`,`currency`,`safety_rating`,`link`,`latitude`,`longitude`,`Agent_id`) VALUES (216,'8201 Henry Ave, Philadelphia, PA 19128, USA','https://images1.apartments.com/i2/QiRg8au7UlnFE11pN91cevyg9_Dg3cchW9sKiw1q1c0/117/summit-park-apartments-philadelphia-pa-new-kitchens.jpg',1,1,965,'USD',1,'https://www.apartments.com/summit-park-apartments-philadelphia-pa/9zkk8v4/',40.0605767,-75.2348544,'APT');
INSERT INTO `Listings` (`listing_id`,`address`,`image`,`beds`,`baths`,`price`,`currency`,`safety_rating`,`link`,`latitude`,`longitude`,`Agent_id`) VALUES (217,'8201 Henry Ave, Philadelphia, PA 19128, USA','https://images1.apartments.com/i2/QiRg8au7UlnFE11pN91cevyg9_Dg3cchW9sKiw1q1c0/117/summit-park-apartments-philadelphia-pa-new-kitchens.jpg',3,3,1920,'USD',1,'https://www.apartments.com/summit-park-apartments-philadelphia-pa/9zkk8v4/',40.0605767,-75.2348544,'APT');
INSERT INTO `Listings` (`listing_id`,`address`,`image`,`beds`,`baths`,`price`,`currency`,`safety_rating`,`link`,`latitude`,`longitude`,`Agent_id`) VALUES (218,'9503 State Rd, Philadelphia, PA 19114, USA','https://images1.apartments.com/i2/ceHDtX_-MLuD0VHwNwAQeTj_Sw0pq3XjnqDXffsYw_8/117/beacon-pointe-luxury-apartments-philadelphia-pa-building-photo.jpg',1,1,1050,'USD',0,'https://www.apartments.com/beacon-pointe-luxury-apartments-philadelphia-pa/1dff924/',40.0489241,-74.9836189,'APT');
INSERT INTO `Listings` (`listing_id`,`address`,`image`,`beds`,`baths`,`price`,`currency`,`safety_rating`,`link`,`latitude`,`longitude`,`Agent_id`) VALUES (219,'9503 State Rd, Philadelphia, PA 19114, USA','https://images1.apartments.com/i2/ceHDtX_-MLuD0VHwNwAQeTj_Sw0pq3XjnqDXffsYw_8/117/beacon-pointe-luxury-apartments-philadelphia-pa-building-photo.jpg',2,2,1520,'USD',0,'https://www.apartments.com/beacon-pointe-luxury-apartments-philadelphia-pa/1dff924/',40.0489241,-74.9836189,'APT');
INSERT INTO `Listings` (`listing_id`,`address`,`image`,`beds`,`baths`,`price`,`currency`,`safety_rating`,`link`,`latitude`,`longitude`,`Agent_id`) VALUES (220,'4700 City Ave, Philadelphia, PA 19131, USA','https://images1.apartments.com/i2/NhIvMd3sTgTyvcPDy91EA22HKNE-skF4jJAR3nz2BWM/117/the-mansion-at-bala-philadelphia-pa-building-photo.jpg',1,1,1440,'USD',1,'https://www.apartments.com/the-mansion-at-bala-philadelphia-pa/48hrl8l/',40.0012075,-75.2252094,'APT');
INSERT INTO `Listings` (`listing_id`,`address`,`image`,`beds`,`baths`,`price`,`currency`,`safety_rating`,`link`,`latitude`,`longitude`,`Agent_id`) VALUES (221,'4700 City Ave, Philadelphia, PA 19131, USA','https://images1.apartments.com/i2/NhIvMd3sTgTyvcPDy91EA22HKNE-skF4jJAR3nz2BWM/117/the-mansion-at-bala-philadelphia-pa-building-photo.jpg',3,3,2895,'USD',1,'https://www.apartments.com/the-mansion-at-bala-philadelphia-pa/48hrl8l/',40.0012075,-75.2252094,'APT');
INSERT INTO `Listings` (`listing_id`,`address`,`image`,`beds`,`baths`,`price`,`currency`,`safety_rating`,`link`,`latitude`,`longitude`,`Agent_id`) VALUES (222,'1530 Locust St, Philadelphia, PA 19102, USA','https://images1.apartments.com/i2/ZhTTsc5-MPCd2KiOf98M4ZXo7Jq6xajRtwcRCtxTMQE/117/versailles-apartments-philadelphia-pa-building-photo.jpg',1,1,1595,'USD',2,'https://www.apartments.com/versailles-apartments-philadelphia-pa/lj0d0yd/',39.948351,-75.1675844,'APT');
INSERT INTO `Listings` (`listing_id`,`address`,`image`,`beds`,`baths`,`price`,`currency`,`safety_rating`,`link`,`latitude`,`longitude`,`Agent_id`) VALUES (223,'1530 Locust St, Philadelphia, PA 19102, USA','https://images1.apartments.com/i2/ZhTTsc5-MPCd2KiOf98M4ZXo7Jq6xajRtwcRCtxTMQE/117/versailles-apartments-philadelphia-pa-building-photo.jpg',3,3,6495,'USD',2,'https://www.apartments.com/versailles-apartments-philadelphia-pa/lj0d0yd/',39.948351,-75.1675844,'APT');
INSERT INTO `Listings` (`listing_id`,`address`,`image`,`beds`,`baths`,`price`,`currency`,`safety_rating`,`link`,`latitude`,`longitude`,`Agent_id`) VALUES (224,'834 Chestnut St, Philadelphia, PA 19107, USA','https://images1.apartments.com/i2/3bKoehZobKwGTW3-1MY_HCyPzaFrfwhoEarAAdRWN7o/117/aka-washington-square-at-the-franklin-philadelphia-pa-interior-photo.jpg',1,1,1699,'USD',2,'https://www.apartments.com/aka-washington-square-at-the-franklin-philadelphia-pa/dbd8hml/',39.94936500000001,-75.1551425,'APT');
INSERT INTO `Listings` (`listing_id`,`address`,`image`,`beds`,`baths`,`price`,`currency`,`safety_rating`,`link`,`latitude`,`longitude`,`Agent_id`) VALUES (225,'834 Chestnut St, Philadelphia, PA 19107, USA','https://images1.apartments.com/i2/3bKoehZobKwGTW3-1MY_HCyPzaFrfwhoEarAAdRWN7o/117/aka-washington-square-at-the-franklin-philadelphia-pa-interior-photo.jpg',2,2,3300,'USD',2,'https://www.apartments.com/aka-washington-square-at-the-franklin-philadelphia-pa/dbd8hml/',39.94936500000001,-75.1551425,'APT');
INSERT INTO `Listings` (`listing_id`,`address`,`image`,`beds`,`baths`,`price`,`currency`,`safety_rating`,`link`,`latitude`,`longitude`,`Agent_id`) VALUES (226,'2746 Belmont Ave, Philadelphia, PA 19131, USA','https://images1.apartments.com/i2/Y80tnKDMv80PWJPc2asy8Lz_jcWWW53OBjaRveGttdQ/117/the-metropolitan-bala-philadelphia-pa-interior-photo.jpg',1,1,1035,'USD',1,'https://www.apartments.com/the-metropolitan-bala-philadelphia-pa/h9lewm1/',40.0008292,-75.2206346,'APT');
INSERT INTO `Listings` (`listing_id`,`address`,`image`,`beds`,`baths`,`price`,`currency`,`safety_rating`,`link`,`latitude`,`longitude`,`Agent_id`) VALUES (227,'2746 Belmont Ave, Philadelphia, PA 19131, USA','https://images1.apartments.com/i2/Y80tnKDMv80PWJPc2asy8Lz_jcWWW53OBjaRveGttdQ/117/the-metropolitan-bala-philadelphia-pa-interior-photo.jpg',2,2,1595,'USD',1,'https://www.apartments.com/the-metropolitan-bala-philadelphia-pa/h9lewm1/',40.0008292,-75.2206346,'APT');
INSERT INTO `Listings` (`listing_id`,`address`,`image`,`beds`,`baths`,`price`,`currency`,`safety_rating`,`link`,`latitude`,`longitude`,`Agent_id`) VALUES (228,'3501 Woodhaven Rd, Philadelphia, PA 19154, USA','https://images1.apartments.com/i2/NBJ3BnH6J_7gkCDPbqmFWK5RvafTiHtploBLxOT0Nww/117/regency-townhomes-philadelphia-pa-primary-photo.jpg',2,2,1100,'USD',1,'https://www.apartments.com/regency-townhomes-philadelphia-pa/qwk134z/',40.093728,-74.9782819,'APT');
INSERT INTO `Listings` (`listing_id`,`address`,`image`,`beds`,`baths`,`price`,`currency`,`safety_rating`,`link`,`latitude`,`longitude`,`Agent_id`) VALUES (229,'3501 Woodhaven Rd, Philadelphia, PA 19154, USA','https://images1.apartments.com/i2/NBJ3BnH6J_7gkCDPbqmFWK5RvafTiHtploBLxOT0Nww/117/regency-townhomes-philadelphia-pa-primary-photo.jpg',3,3,1200,'USD',1,'https://www.apartments.com/regency-townhomes-philadelphia-pa/qwk134z/',40.093728,-74.9782819,'APT');
INSERT INTO `Listings` (`listing_id`,`address`,`image`,`beds`,`baths`,`price`,`currency`,`safety_rating`,`link`,`latitude`,`longitude`,`Agent_id`) VALUES (230,'7715 McCallum St, Philadelphia, PA 19118, USA','https://images1.apartments.com/i2/HqHQSnHeWTmlgq7oYac5uN_T7FnrD5AivvR94RQ8YHo/117/cherokee-apartments-philadelphia-pa-building-photo.jpg',1,1,1350,'USD',1,'https://www.apartments.com/cherokee-apartments-philadelphia-pa/bh31d59/',40.0575819,-75.2095627,'APT');
INSERT INTO `Listings` (`listing_id`,`address`,`image`,`beds`,`baths`,`price`,`currency`,`safety_rating`,`link`,`latitude`,`longitude`,`Agent_id`) VALUES (231,'7715 McCallum St, Philadelphia, PA 19118, USA','https://images1.apartments.com/i2/HqHQSnHeWTmlgq7oYac5uN_T7FnrD5AivvR94RQ8YHo/117/cherokee-apartments-philadelphia-pa-building-photo.jpg',3,3,2350,'USD',1,'https://www.apartments.com/cherokee-apartments-philadelphia-pa/bh31d59/',40.0575819,-75.2095627,'APT');
INSERT INTO `Listings` (`listing_id`,`address`,`image`,`beds`,`baths`,`price`,`currency`,`safety_rating`,`link`,`latitude`,`longitude`,`Agent_id`) VALUES (232,'3902 City Ave, Philadelphia, PA 19131, USA','https://images1.apartments.com/i2/05xPr7hsis-rjdk73KvzjcuAlQBw24XOYUsIUzKpvn8/117/washington-at-presidential-city-philadelphia-pa-1-bedroom-living-room.jpg',1,1,1220,'USD',1,'https://www.apartments.com/washington-at-presidential-city-philadelphia-pa/g969jkx/',40.0082279,-75.2054801,'APT');
INSERT INTO `Listings` (`listing_id`,`address`,`image`,`beds`,`baths`,`price`,`currency`,`safety_rating`,`link`,`latitude`,`longitude`,`Agent_id`) VALUES (233,'3902 City Ave, Philadelphia, PA 19131, USA','https://images1.apartments.com/i2/05xPr7hsis-rjdk73KvzjcuAlQBw24XOYUsIUzKpvn8/117/washington-at-presidential-city-philadelphia-pa-1-bedroom-living-room.jpg',2,2,2285,'USD',1,'https://www.apartments.com/washington-at-presidential-city-philadelphia-pa/g969jkx/',40.0082279,-75.2054801,'APT');
INSERT INTO `Listings` (`listing_id`,`address`,`image`,`beds`,`baths`,`price`,`currency`,`safety_rating`,`link`,`latitude`,`longitude`,`Agent_id`) VALUES (234,'76 Winding Dr, Philadelphia, PA 19131, USA','https://images1.apartments.com/i2/bs0WPsSOBlnbgARDo5wefz6dd19BKBHCgdRAhBM1Jrg/117/penthouses-at-presidential-city-philadelphia-pa-2-bedroom-penthouse-kitchen.jpg',1,1,2915,'USD',1,'https://www.apartments.com/penthouses-at-presidential-city-philadelphia-pa/79brkfz/',40.008276,-75.206231,'APT');
INSERT INTO `Listings` (`listing_id`,`address`,`image`,`beds`,`baths`,`price`,`currency`,`safety_rating`,`link`,`latitude`,`longitude`,`Agent_id`) VALUES (235,'76 Winding Dr, Philadelphia, PA 19131, USA','https://images1.apartments.com/i2/bs0WPsSOBlnbgARDo5wefz6dd19BKBHCgdRAhBM1Jrg/117/penthouses-at-presidential-city-philadelphia-pa-2-bedroom-penthouse-kitchen.jpg',3,3,4235,'USD',1,'https://www.apartments.com/penthouses-at-presidential-city-philadelphia-pa/79brkfz/',40.008276,-75.206231,'APT');
INSERT INTO `Listings` (`listing_id`,`address`,`image`,`beds`,`baths`,`price`,`currency`,`safety_rating`,`link`,`latitude`,`longitude`,`Agent_id`) VALUES (236,'2200 Benjamin Franklin Pkwy, Philadelphia, PA 19130, USA','https://images1.apartments.com/i2/wPLvmdajAJDiJes1TK1MTp6Ikpx4pu06prLi4QKAavI/117/park-towne-place-apartment-homes-philadelphia-pa-building-photo.jpg',1,1,1176,'USD',1,'https://www.apartments.com/park-towne-place-apartment-homes-philadelphia-pa/v9n87rf/',39.9607986,-75.1771153,'APT');
INSERT INTO `Listings` (`listing_id`,`address`,`image`,`beds`,`baths`,`price`,`currency`,`safety_rating`,`link`,`latitude`,`longitude`,`Agent_id`) VALUES (237,'2200 Benjamin Franklin Pkwy, Philadelphia, PA 19130, USA','https://images1.apartments.com/i2/wPLvmdajAJDiJes1TK1MTp6Ikpx4pu06prLi4QKAavI/117/park-towne-place-apartment-homes-philadelphia-pa-building-photo.jpg',2,2,5132,'USD',1,'https://www.apartments.com/park-towne-place-apartment-homes-philadelphia-pa/v9n87rf/',39.9607986,-75.1771153,'APT');
INSERT INTO `Listings` (`listing_id`,`address`,`image`,`beds`,`baths`,`price`,`currency`,`safety_rating`,`link`,`latitude`,`longitude`,`Agent_id`) VALUES (238,'7841 Ridge Ave, Philadelphia, PA 19128, USA','https://images1.apartments.com/i2/1dUZ6fDMcxRfNoRY-RKJLbuijReknb61Y2rfov3Oo28/117/the-metropolitan-roxborough-philadelphia-pa-new-renovated-kitchen.jpg',1,1,855,'USD',1,'https://www.apartments.com/the-metropolitan-roxborough-philadelphia-pa/g8y20sx/',40.0540196,-75.235235,'APT');
INSERT INTO `Listings` (`listing_id`,`address`,`image`,`beds`,`baths`,`price`,`currency`,`safety_rating`,`link`,`latitude`,`longitude`,`Agent_id`) VALUES (239,'7841 Ridge Ave, Philadelphia, PA 19128, USA','https://images1.apartments.com/i2/1dUZ6fDMcxRfNoRY-RKJLbuijReknb61Y2rfov3Oo28/117/the-metropolitan-roxborough-philadelphia-pa-new-renovated-kitchen.jpg',2,2,1340,'USD',1,'https://www.apartments.com/the-metropolitan-roxborough-philadelphia-pa/g8y20sx/',40.0540196,-75.235235,'APT');
INSERT INTO `Listings` (`listing_id`,`address`,`image`,`beds`,`baths`,`price`,`currency`,`safety_rating`,`link`,`latitude`,`longitude`,`Agent_id`) VALUES (240,'700 E Cathedral Rd, Philadelphia, PA 19128, USA','https://images1.apartments.com/i2/wZnGExA9GfUX49DZbfi_4YKrhMjQoZF3TGj89NmXK-g/117/cathedral-east-apartments-philadelphia-pa-building-photo.jpg',1,1,995,'USD',1,'https://www.apartments.com/cathedral-east-apartments-philadelphia-pa/hs6ryz2/',40.065263,-75.238615,'APT');
INSERT INTO `Listings` (`listing_id`,`address`,`image`,`beds`,`baths`,`price`,`currency`,`safety_rating`,`link`,`latitude`,`longitude`,`Agent_id`) VALUES (241,'700 E Cathedral Rd, Philadelphia, PA 19128, USA','https://images1.apartments.com/i2/wZnGExA9GfUX49DZbfi_4YKrhMjQoZF3TGj89NmXK-g/117/cathedral-east-apartments-philadelphia-pa-building-photo.jpg',2,2,1125,'USD',1,'https://www.apartments.com/cathedral-east-apartments-philadelphia-pa/hs6ryz2/',40.065263,-75.238615,'APT');
INSERT INTO `Listings` (`listing_id`,`address`,`image`,`beds`,`baths`,`price`,`currency`,`safety_rating`,`link`,`latitude`,`longitude`,`Agent_id`) VALUES (242,'685 W Walnut Ln, Philadelphia, PA 19144, USA','https://images1.apartments.com/i2/JofPSPLojHpmETbKUm-EmbHp_ilVCIkvB3fNkLkJjf8/117/walnut-court-apartments-philadelphia-pa-building-photo.jpg',1,1,945,'USD',1,'https://www.apartments.com/walnut-court-apartments-philadelphia-pa/gmny23z/',40.0322898,-75.19252259999999,'APT');
INSERT INTO `Listings` (`listing_id`,`address`,`image`,`beds`,`baths`,`price`,`currency`,`safety_rating`,`link`,`latitude`,`longitude`,`Agent_id`) VALUES (243,'685 W Walnut Ln, Philadelphia, PA 19144, USA','https://images1.apartments.com/i2/JofPSPLojHpmETbKUm-EmbHp_ilVCIkvB3fNkLkJjf8/117/walnut-court-apartments-philadelphia-pa-building-photo.jpg',2,2,1045,'USD',1,'https://www.apartments.com/walnut-court-apartments-philadelphia-pa/gmny23z/',40.0322898,-75.19252259999999,'APT');
INSERT INTO `Listings` (`listing_id`,`address`,`image`,`beds`,`baths`,`price`,`currency`,`safety_rating`,`link`,`latitude`,`longitude`,`Agent_id`) VALUES (244,'1605 Sansom St, Philadelphia, PA 19103, USA','https://images1.apartments.com/i2/-rTyCVJOEIrQzbHoRIrADZX1hqoSmkf14hE4lrVXTzk/117/the-sansom-philadelphia-pa-building-photo.jpg',1,1,1553,'USD',2,'https://www.apartments.com/the-sansom-philadelphia-pa/kd91bx8/',39.9508293,-75.1686289,'APT');
INSERT INTO `Listings` (`listing_id`,`address`,`image`,`beds`,`baths`,`price`,`currency`,`safety_rating`,`link`,`latitude`,`longitude`,`Agent_id`) VALUES (245,'1605 Sansom St, Philadelphia, PA 19103, USA','https://images1.apartments.com/i2/-rTyCVJOEIrQzbHoRIrADZX1hqoSmkf14hE4lrVXTzk/117/the-sansom-philadelphia-pa-building-photo.jpg',2,2,3845,'USD',2,'https://www.apartments.com/the-sansom-philadelphia-pa/kd91bx8/',39.9508293,-75.1686289,'APT');
INSERT INTO `Listings` (`listing_id`,`address`,`image`,`beds`,`baths`,`price`,`currency`,`safety_rating`,`link`,`latitude`,`longitude`,`Agent_id`) VALUES (246,'250 N Christopher Columbus Blvd, Philadelphia, PA 19106, USA','https://images1.apartments.com/i2/fB9YLSu6Ry51DXFO3KxTExg09S8jNmhqLRDiv2DryVg/117/one-water-street-philadelphia-pa-building-photo.jpg',1,1,1850,'USD',1,'https://www.apartments.com/one-water-street-philadelphia-pa/54lm52q/',39.9548178,-75.1395668,'APT');
INSERT INTO `Listings` (`listing_id`,`address`,`image`,`beds`,`baths`,`price`,`currency`,`safety_rating`,`link`,`latitude`,`longitude`,`Agent_id`) VALUES (247,'250 N Christopher Columbus Blvd, Philadelphia, PA 19106, USA','https://images1.apartments.com/i2/fB9YLSu6Ry51DXFO3KxTExg09S8jNmhqLRDiv2DryVg/117/one-water-street-philadelphia-pa-building-photo.jpg',4,4,6500,'USD',1,'https://www.apartments.com/one-water-street-philadelphia-pa/54lm52q/',39.9548178,-75.1395668,'APT');
INSERT INTO `Listings` (`listing_id`,`address`,`image`,`beds`,`baths`,`price`,`currency`,`safety_rating`,`link`,`latitude`,`longitude`,`Agent_id`) VALUES (248,'4920 City Ave, Philadelphia, PA 19131, USA','https://images1.apartments.com/i2/CTVzqNp7ZxNvMVaFdXCtUrDeSdejGDFNMbe3sOxcmM0/117/bala-apartments-philadelphia-pa-bala-apts.jpg',1,1,675,'USD',1,'https://www.apartments.com/bala-apartments-philadelphia-pa/jejegh7/',40.0002885,-75.2277423,'APT');
INSERT INTO `Listings` (`listing_id`,`address`,`image`,`beds`,`baths`,`price`,`currency`,`safety_rating`,`link`,`latitude`,`longitude`,`Agent_id`) VALUES (249,'4920 City Ave, Philadelphia, PA 19131, USA','https://images1.apartments.com/i2/CTVzqNp7ZxNvMVaFdXCtUrDeSdejGDFNMbe3sOxcmM0/117/bala-apartments-philadelphia-pa-bala-apts.jpg',2,2,1175,'USD',1,'https://www.apartments.com/bala-apartments-philadelphia-pa/jejegh7/',40.0002885,-75.2277423,'APT');
INSERT INTO `Listings` (`listing_id`,`address`,`image`,`beds`,`baths`,`price`,`currency`,`safety_rating`,`link`,`latitude`,`longitude`,`Agent_id`) VALUES (250,'528 S 2nd St, Philadelphia, PA 19147, USA','https://images1.apartments.com/i2/JJuxtYNnO7yO_WbeCK9lAPpatMcHv0juyWR7xv3lswM/117/head-house-flats-philadelphia-pa-building-photo.jpg',1,1,1225,'USD',4,'https://www.apartments.com/head-house-flats-philadelphia-pa/hmw1n80/',39.9418877,-75.1456269,'APT');
INSERT INTO `Listings` (`listing_id`,`address`,`image`,`beds`,`baths`,`price`,`currency`,`safety_rating`,`link`,`latitude`,`longitude`,`Agent_id`) VALUES (251,'528 S 2nd St, Philadelphia, PA 19147, USA','https://images1.apartments.com/i2/JJuxtYNnO7yO_WbeCK9lAPpatMcHv0juyWR7xv3lswM/117/head-house-flats-philadelphia-pa-building-photo.jpg',2,2,3150,'USD',4,'https://www.apartments.com/head-house-flats-philadelphia-pa/hmw1n80/',39.9418877,-75.1456269,'APT');
INSERT INTO `Listings` (`listing_id`,`address`,`image`,`beds`,`baths`,`price`,`currency`,`safety_rating`,`link`,`latitude`,`longitude`,`Agent_id`) VALUES (252,'938 New Market St, Philadelphia, PA 19123, USA','https://images1.apartments.com/i2/OvSfqJIYMdari15eS4IRhzb9qm8o1V0wm9lxn8tsaEE/117/938-new-market-philadelphia-pa-bedroom.jpg',1,1,1500,'USD',1,'https://www.apartments.com/938-new-market-philadelphia-pa/jkrhtb6/',39.964604,-75.139544,'APT');
INSERT INTO `Listings` (`listing_id`,`address`,`image`,`beds`,`baths`,`price`,`currency`,`safety_rating`,`link`,`latitude`,`longitude`,`Agent_id`) VALUES (253,'938 New Market St, Philadelphia, PA 19123, USA','https://images1.apartments.com/i2/OvSfqJIYMdari15eS4IRhzb9qm8o1V0wm9lxn8tsaEE/117/938-new-market-philadelphia-pa-bedroom.jpg',2,2,2450,'USD',1,'https://www.apartments.com/938-new-market-philadelphia-pa/jkrhtb6/',39.964604,-75.139544,'APT');
INSERT INTO `Listings` (`listing_id`,`address`,`image`,`beds`,`baths`,`price`,`currency`,`safety_rating`,`link`,`latitude`,`longitude`,`Agent_id`) VALUES (254,'523 N Broad St, Philadelphia, PA 19123, USA','https://images1.apartments.com/i2/ecIf65jUY7Xs8CKUI5nQARg4U7PDxq4ztNO8WhOlbBs/117/mural-lofts-philadelphia-pa-building-photo.jpg',1,1,1700,'USD',1,'https://www.apartments.com/mural-lofts-philadelphia-pa/1ln4mn6/',39.9623517,-75.1613746,'APT');
INSERT INTO `Listings` (`listing_id`,`address`,`image`,`beds`,`baths`,`price`,`currency`,`safety_rating`,`link`,`latitude`,`longitude`,`Agent_id`) VALUES (255,'523 N Broad St, Philadelphia, PA 19123, USA','https://images1.apartments.com/i2/ecIf65jUY7Xs8CKUI5nQARg4U7PDxq4ztNO8WhOlbBs/117/mural-lofts-philadelphia-pa-building-photo.jpg',3,3,3000,'USD',1,'https://www.apartments.com/mural-lofts-philadelphia-pa/1ln4mn6/',39.9623517,-75.1613746,'APT');
INSERT INTO `Listings` (`listing_id`,`address`,`image`,`beds`,`baths`,`price`,`currency`,`safety_rating`,`link`,`latitude`,`longitude`,`Agent_id`) VALUES (256,'161 Leverington Ave, Philadelphia, PA 19127, USA','https://images1.apartments.com/i2/6EgXs0GAWINiUgd97SMkDO2oUDVVnUp51I51YfQXoCg/117/the-lofts-at-chimney-hill-philadelphia-pa-building-photo.jpg',1,1,1250,'USD',1,'https://www.apartments.com/the-lofts-at-chimney-hill-philadelphia-pa/cmjwghg/',40.0301544,-75.2273043,'APT');
INSERT INTO `Listings` (`listing_id`,`address`,`image`,`beds`,`baths`,`price`,`currency`,`safety_rating`,`link`,`latitude`,`longitude`,`Agent_id`) VALUES (257,'161 Leverington Ave, Philadelphia, PA 19127, USA','https://images1.apartments.com/i2/6EgXs0GAWINiUgd97SMkDO2oUDVVnUp51I51YfQXoCg/117/the-lofts-at-chimney-hill-philadelphia-pa-building-photo.jpg',2,2,1620,'USD',1,'https://www.apartments.com/the-lofts-at-chimney-hill-philadelphia-pa/cmjwghg/',40.0301544,-75.2273043,'APT');
INSERT INTO `Listings` (`listing_id`,`address`,`image`,`beds`,`baths`,`price`,`currency`,`safety_rating`,`link`,`latitude`,`longitude`,`Agent_id`) VALUES (258,'699 N Broad St, Philadelphia, PA 19123, USA','https://images1.apartments.com/i2/0-VPHbyhlO39rCFgNjKXMkOravYNF19-ND_edQm2w1U/117/divine-lorraine-philadelphia-pa-building-photo.jpg',1,1,1400,'USD',1,'https://www.apartments.com/divine-lorraine-philadelphia-pa/vf4tx5e/',39.9666865,-75.1600991,'APT');
INSERT INTO `Listings` (`listing_id`,`address`,`image`,`beds`,`baths`,`price`,`currency`,`safety_rating`,`link`,`latitude`,`longitude`,`Agent_id`) VALUES (259,'699 N Broad St, Philadelphia, PA 19123, USA','https://images1.apartments.com/i2/0-VPHbyhlO39rCFgNjKXMkOravYNF19-ND_edQm2w1U/117/divine-lorraine-philadelphia-pa-building-photo.jpg',2,2,3160,'USD',1,'https://www.apartments.com/divine-lorraine-philadelphia-pa/vf4tx5e/',39.9666865,-75.1600991,'APT');
INSERT INTO `Listings` (`listing_id`,`address`,`image`,`beds`,`baths`,`price`,`currency`,`safety_rating`,`link`,`latitude`,`longitude`,`Agent_id`) VALUES (260,'3131 Walnut St, Philadelphia, PA 19104, USA','https://images1.apartments.com/i2/QLbZLqK1s3tb2QP5ZoLbVQRFTOjqVkc9zNPDXc4RxbU/117/the-left-bank-philadelphia-pa-living-room-den.jpg',1,1,1950,'USD',1,'https://www.apartments.com/the-left-bank-philadelphia-pa/eyzwdvp/',39.9524388,-75.1873387,'APT');
INSERT INTO `Listings` (`listing_id`,`address`,`image`,`beds`,`baths`,`price`,`currency`,`safety_rating`,`link`,`latitude`,`longitude`,`Agent_id`) VALUES (261,'3131 Walnut St, Philadelphia, PA 19104, USA','https://images1.apartments.com/i2/QLbZLqK1s3tb2QP5ZoLbVQRFTOjqVkc9zNPDXc4RxbU/117/the-left-bank-philadelphia-pa-living-room-den.jpg',3,3,2100,'USD',1,'https://www.apartments.com/the-left-bank-philadelphia-pa/eyzwdvp/',39.9524388,-75.1873387,'APT');
INSERT INTO `Listings` (`listing_id`,`address`,`image`,`beds`,`baths`,`price`,`currency`,`safety_rating`,`link`,`latitude`,`longitude`,`Agent_id`) VALUES (262,'1125 Sansom St, Philadelphia, PA 19107, USA','https://images1.apartments.com/i2/MQLr2A1CQrDzPnUmsMZKEeFizv6E8n47HgWtUdt_eQQ/117/the-collins-philadelphia-pa-building-photo.jpg',1,1,1865,'USD',2,'https://www.apartments.com/the-collins-philadelphia-pa/f79m92r/',39.9495558,-75.1596871,'APT');
INSERT INTO `Listings` (`listing_id`,`address`,`image`,`beds`,`baths`,`price`,`currency`,`safety_rating`,`link`,`latitude`,`longitude`,`Agent_id`) VALUES (263,'1125 Sansom St, Philadelphia, PA 19107, USA','https://images1.apartments.com/i2/MQLr2A1CQrDzPnUmsMZKEeFizv6E8n47HgWtUdt_eQQ/117/the-collins-philadelphia-pa-building-photo.jpg',2,2,4000,'USD',2,'https://www.apartments.com/the-collins-philadelphia-pa/f79m92r/',39.9495558,-75.1596871,'APT');
INSERT INTO `Listings` (`listing_id`,`address`,`image`,`beds`,`baths`,`price`,`currency`,`safety_rating`,`link`,`latitude`,`longitude`,`Agent_id`) VALUES (264,'4055 Ridge Ave, Philadelphia, PA 19129, USA','https://images1.apartments.com/i2/MgOsXa0dSjftPjseChczoz1dVv1tVXsDjnIqaG5RgHc/117/dobson-mills-philadelphia-pa-interior-photo.jpg',1,1,1385,'USD',1,'https://www.apartments.com/dobson-mills-philadelphia-pa/z18pmxz/',40.0078022,-75.19015,'APT');
INSERT INTO `Listings` (`listing_id`,`address`,`image`,`beds`,`baths`,`price`,`currency`,`safety_rating`,`link`,`latitude`,`longitude`,`Agent_id`) VALUES (265,'4055 Ridge Ave, Philadelphia, PA 19129, USA','https://images1.apartments.com/i2/MgOsXa0dSjftPjseChczoz1dVv1tVXsDjnIqaG5RgHc/117/dobson-mills-philadelphia-pa-interior-photo.jpg',3,3,1895,'USD',1,'https://www.apartments.com/dobson-mills-philadelphia-pa/z18pmxz/',40.0078022,-75.19015,'APT');
INSERT INTO `Listings` (`listing_id`,`address`,`image`,`beds`,`baths`,`price`,`currency`,`safety_rating`,`link`,`latitude`,`longitude`,`Agent_id`) VALUES (266,'1520 Spruce St, Philadelphia, PA 19102, USA','https://images1.apartments.com/i2/_UrZ4PDlnQccMY2urLHQNiiCo_73PTOVl1eeYgOTFO8/117/touraine-philadelphia-pa-building-photo.jpg',1,1,1585,'USD',2,'https://www.apartments.com/touraine-philadelphia-pa/7fs0qcy/',39.9469344,-75.1676462,'APT');
INSERT INTO `Listings` (`listing_id`,`address`,`image`,`beds`,`baths`,`price`,`currency`,`safety_rating`,`link`,`latitude`,`longitude`,`Agent_id`) VALUES (267,'1520 Spruce St, Philadelphia, PA 19102, USA','https://images1.apartments.com/i2/_UrZ4PDlnQccMY2urLHQNiiCo_73PTOVl1eeYgOTFO8/117/touraine-philadelphia-pa-building-photo.jpg',4,4,8495,'USD',2,'https://www.apartments.com/touraine-philadelphia-pa/7fs0qcy/',39.9469344,-75.1676462,'APT');
INSERT INTO `Listings` (`listing_id`,`address`,`image`,`beds`,`baths`,`price`,`currency`,`safety_rating`,`link`,`latitude`,`longitude`,`Agent_id`) VALUES (268,'800 Cottman Ave, Philadelphia, PA 19111, USA','https://images1.apartments.com/i2/JPgfEI_Y0mZd0qI7zOS9S-rfSDVdbOas8qVG_CHGEGE/117/regency-park-philadelphia-pa-building-photo.jpg',1,1,894,'USD',1,'https://www.apartments.com/regency-park-philadelphia-pa/7ezzbgx/',40.0622959,-75.0870079,'APT');
INSERT INTO `Listings` (`listing_id`,`address`,`image`,`beds`,`baths`,`price`,`currency`,`safety_rating`,`link`,`latitude`,`longitude`,`Agent_id`) VALUES (269,'800 Cottman Ave, Philadelphia, PA 19111, USA','https://images1.apartments.com/i2/JPgfEI_Y0mZd0qI7zOS9S-rfSDVdbOas8qVG_CHGEGE/117/regency-park-philadelphia-pa-building-photo.jpg',3,3,2589,'USD',1,'https://www.apartments.com/regency-park-philadelphia-pa/7ezzbgx/',40.0622959,-75.0870079,'APT');
INSERT INTO `Listings` (`listing_id`,`address`,`image`,`beds`,`baths`,`price`,`currency`,`safety_rating`,`link`,`latitude`,`longitude`,`Agent_id`) VALUES (270,'8400 Lindbergh Blvd, Philadelphia, PA 19153, USA','https://images1.apartments.com/i2/7Um4yWRU7rbAPU1iLa6U08GFypaZO2R82DNSVzbXeeE/117/korman-residential-at-international-city-c-philadelphia-pa-building-photo.jpg',1,1,830,'USD',1,'https://www.apartments.com/korman-residential-at-international-city-c-philadelphia-pa/ggvzzqw/',39.8954944,-75.2525728,'APT');
INSERT INTO `Listings` (`listing_id`,`address`,`image`,`beds`,`baths`,`price`,`currency`,`safety_rating`,`link`,`latitude`,`longitude`,`Agent_id`) VALUES (271,'8400 Lindbergh Blvd, Philadelphia, PA 19153, USA','https://images1.apartments.com/i2/7Um4yWRU7rbAPU1iLa6U08GFypaZO2R82DNSVzbXeeE/117/korman-residential-at-international-city-c-philadelphia-pa-building-photo.jpg',2,2,1280,'USD',1,'https://www.apartments.com/korman-residential-at-international-city-c-philadelphia-pa/ggvzzqw/',39.8954944,-75.2525728,'APT');
INSERT INTO `Listings` (`listing_id`,`address`,`image`,`beds`,`baths`,`price`,`currency`,`safety_rating`,`link`,`latitude`,`longitude`,`Agent_id`) VALUES (272,'2920 Midvale Ave, Philadelphia, PA 19129, USA','https://images1.apartments.com/i2/UN8YMLOGITT02gVkgdKlKdmJ2zf7NUyBKyTt81f2wT4/117/carlton-park-philadelphia-pa-building-photo.jpg',1,1,1125,'USD',1,'https://www.apartments.com/carlton-park-philadelphia-pa/30psygg/',40.02142569999999,-75.1818625,'APT');
INSERT INTO `Listings` (`listing_id`,`address`,`image`,`beds`,`baths`,`price`,`currency`,`safety_rating`,`link`,`latitude`,`longitude`,`Agent_id`) VALUES (273,'2920 Midvale Ave, Philadelphia, PA 19129, USA','https://images1.apartments.com/i2/UN8YMLOGITT02gVkgdKlKdmJ2zf7NUyBKyTt81f2wT4/117/carlton-park-philadelphia-pa-building-photo.jpg',3,3,1940,'USD',1,'https://www.apartments.com/carlton-park-philadelphia-pa/30psygg/',40.02142569999999,-75.1818625,'APT');
INSERT INTO `Listings` (`listing_id`,`address`,`image`,`beds`,`baths`,`price`,`currency`,`safety_rating`,`link`,`latitude`,`longitude`,`Agent_id`) VALUES (274,'6901 Old York Rd, Philadelphia, PA 19126, USA','https://images1.apartments.com/i2/gXyeO_CCHIbGclI6HnBMZQhvXhWjOz-SZikUWAAiENE/117/bromley-house-philadelphia-pa-interior-photo.jpg',1,1,1231,'USD',1,'https://www.apartments.com/bromley-house-philadelphia-pa/2kczhhc/',40.0584936,-75.1381396,'APT');
INSERT INTO `Listings` (`listing_id`,`address`,`image`,`beds`,`baths`,`price`,`currency`,`safety_rating`,`link`,`latitude`,`longitude`,`Agent_id`) VALUES (275,'6901 Old York Rd, Philadelphia, PA 19126, USA','https://images1.apartments.com/i2/gXyeO_CCHIbGclI6HnBMZQhvXhWjOz-SZikUWAAiENE/117/bromley-house-philadelphia-pa-interior-photo.jpg',2,2,1306,'USD',1,'https://www.apartments.com/bromley-house-philadelphia-pa/2kczhhc/',40.0584936,-75.1381396,'APT');
INSERT INTO `Listings` (`listing_id`,`address`,`image`,`beds`,`baths`,`price`,`currency`,`safety_rating`,`link`,`latitude`,`longitude`,`Agent_id`) VALUES (276,'2607 Welsh Rd, Philadelphia, PA 19114, USA','https://images1.apartments.com/i2/T2e9s-G7QsEqjy2N4npRYWt1C8ZgbtYigkgGsQUxKQk/117/joshua-house-philadelphia-pa-building-photo.jpg',1,1,915,'USD',1,'https://www.apartments.com/joshua-house-philadelphia-pa/kkk7jbb/',40.0678575,-75.0286951,'APT');
INSERT INTO `Listings` (`listing_id`,`address`,`image`,`beds`,`baths`,`price`,`currency`,`safety_rating`,`link`,`latitude`,`longitude`,`Agent_id`) VALUES (277,'2607 Welsh Rd, Philadelphia, PA 19114, USA','https://images1.apartments.com/i2/T2e9s-G7QsEqjy2N4npRYWt1C8ZgbtYigkgGsQUxKQk/117/joshua-house-philadelphia-pa-building-photo.jpg',3,3,1055,'USD',1,'https://www.apartments.com/joshua-house-philadelphia-pa/kkk7jbb/',40.0678575,-75.0286951,'APT');
INSERT INTO `Listings` (`listing_id`,`address`,`image`,`beds`,`baths`,`price`,`currency`,`safety_rating`,`link`,`latitude`,`longitude`,`Agent_id`) VALUES (278,'1651 E Mt Airy Ave, Philadelphia, PA 19150, USA','https://images1.apartments.com/i2/W9jSYr7lT0Pl-3alfeRZUlYCD7xgYJQP5abZYdjX248/117/mt-airy-arms-philadelphia-pa-building-photo.jpg',1,1,720,'USD',1,'https://www.apartments.com/mt-airy-arms-philadelphia-pa/7lhg6my/',40.08063900000001,-75.1701242,'APT');
INSERT INTO `Listings` (`listing_id`,`address`,`image`,`beds`,`baths`,`price`,`currency`,`safety_rating`,`link`,`latitude`,`longitude`,`Agent_id`) VALUES (279,'1651 E Mt Airy Ave, Philadelphia, PA 19150, USA','https://images1.apartments.com/i2/W9jSYr7lT0Pl-3alfeRZUlYCD7xgYJQP5abZYdjX248/117/mt-airy-arms-philadelphia-pa-building-photo.jpg',2,2,925,'USD',1,'https://www.apartments.com/mt-airy-arms-philadelphia-pa/7lhg6my/',40.08063900000001,-75.1701242,'APT');
INSERT INTO `Listings` (`listing_id`,`address`,`image`,`beds`,`baths`,`price`,`currency`,`safety_rating`,`link`,`latitude`,`longitude`,`Agent_id`) VALUES (280,'1320 W Somerville Ave, Philadelphia, PA 19141, USA','https://images1.apartments.com/i2/A1LOFakYYl4xBumaeDfN03hxXAkbB0pfe08MHmm8zcU/117/yono-philadelphia-pa-lobby.jpg',1,1,805,'USD',1,'https://www.apartments.com/yono-philadelphia-pa/fzzev2t/',40.0345665,-75.1442366,'APT');
INSERT INTO `Listings` (`listing_id`,`address`,`image`,`beds`,`baths`,`price`,`currency`,`safety_rating`,`link`,`latitude`,`longitude`,`Agent_id`) VALUES (281,'1320 W Somerville Ave, Philadelphia, PA 19141, USA','https://images1.apartments.com/i2/A1LOFakYYl4xBumaeDfN03hxXAkbB0pfe08MHmm8zcU/117/yono-philadelphia-pa-lobby.jpg',1,1,1135,'USD',1,'https://www.apartments.com/yono-philadelphia-pa/fzzev2t/',40.0345665,-75.1442366,'APT');
INSERT INTO `Listings` (`listing_id`,`address`,`image`,`beds`,`baths`,`price`,`currency`,`safety_rating`,`link`,`latitude`,`longitude`,`Agent_id`) VALUES (282,'7400 Haverford Ave, Philadelphia, PA 19151, USA','https://images1.apartments.com/i2/dSGY8I4ziBmVP0K4oT24Lopr51RkMgAXxw5uXv1vFvQ/117/haverford-court-philadelphia-pa-building-photo.jpg',1,1,1063,'USD',1,'https://www.apartments.com/haverford-court-philadelphia-pa/djqbvgj/',39.9754882,-75.2637081,'APT');
INSERT INTO `Listings` (`listing_id`,`address`,`image`,`beds`,`baths`,`price`,`currency`,`safety_rating`,`link`,`latitude`,`longitude`,`Agent_id`) VALUES (283,'7400 Haverford Ave, Philadelphia, PA 19151, USA','https://images1.apartments.com/i2/dSGY8I4ziBmVP0K4oT24Lopr51RkMgAXxw5uXv1vFvQ/117/haverford-court-philadelphia-pa-building-photo.jpg',2,2,1141,'USD',1,'https://www.apartments.com/haverford-court-philadelphia-pa/djqbvgj/',39.9754882,-75.2637081,'APT');
INSERT INTO `Listings` (`listing_id`,`address`,`image`,`beds`,`baths`,`price`,`currency`,`safety_rating`,`link`,`latitude`,`longitude`,`Agent_id`) VALUES (284,'5325 Old York Rd, Philadelphia, PA 19141, USA','https://images1.apartments.com/i2/oXkuH3_o_QeBSjtSHLzCvCQSTOX-UTaFcvX6QCWmbo4/117/the-yorkhouse-philadelphia-pa-building-photo.jpg',1,1,905,'USD',1,'https://www.apartments.com/the-yorkhouse-philadelphia-pa/fgw1rkt/',40.0339737,-75.1446035,'APT');
INSERT INTO `Listings` (`listing_id`,`address`,`image`,`beds`,`baths`,`price`,`currency`,`safety_rating`,`link`,`latitude`,`longitude`,`Agent_id`) VALUES (285,'5325 Old York Rd, Philadelphia, PA 19141, USA','https://images1.apartments.com/i2/oXkuH3_o_QeBSjtSHLzCvCQSTOX-UTaFcvX6QCWmbo4/117/the-yorkhouse-philadelphia-pa-building-photo.jpg',1,1,1610,'USD',1,'https://www.apartments.com/the-yorkhouse-philadelphia-pa/fgw1rkt/',40.0339737,-75.1446035,'APT');
INSERT INTO `Listings` (`listing_id`,`address`,`image`,`beds`,`baths`,`price`,`currency`,`safety_rating`,`link`,`latitude`,`longitude`,`Agent_id`) VALUES (286,'1666 Callowhill St, Philadelphia, PA 19130, USA','https://images1.apartments.com/i2/aJm-mTwPUz6nTWXyxLTextY6NQO4wWN60hhEFIONxQg/117/the-lofts-at-logan-view-philadelphia-pa-building-photo.jpg',1,1,1575,'USD',1,'https://www.apartments.com/the-lofts-at-logan-view-philadelphia-pa/60qcywt/',39.9601443,-75.16638460000001,'APT');
INSERT INTO `Listings` (`listing_id`,`address`,`image`,`beds`,`baths`,`price`,`currency`,`safety_rating`,`link`,`latitude`,`longitude`,`Agent_id`) VALUES (287,'1666 Callowhill St, Philadelphia, PA 19130, USA','https://images1.apartments.com/i2/aJm-mTwPUz6nTWXyxLTextY6NQO4wWN60hhEFIONxQg/117/the-lofts-at-logan-view-philadelphia-pa-building-photo.jpg',2,2,2400,'USD',1,'https://www.apartments.com/the-lofts-at-logan-view-philadelphia-pa/60qcywt/',39.9601443,-75.16638460000001,'APT');
INSERT INTO `Listings` (`listing_id`,`address`,`image`,`beds`,`baths`,`price`,`currency`,`safety_rating`,`link`,`latitude`,`longitude`,`Agent_id`) VALUES (288,'117 N 15th St, Philadelphia, PA 19102, USA','https://images1.apartments.com/i2/EhUJvhsyX-6rN6nvWbyC4GzAsaNaZYDRRLyWoK8uoCM/117/the-metropolitan-philadelphia-pa-interior-photo.jpg',1,1,1545,'USD',1,'https://www.apartments.com/the-metropolitan-philadelphia-pa/fmqqvsr/',39.9551377,-75.1644659,'APT');
INSERT INTO `Listings` (`listing_id`,`address`,`image`,`beds`,`baths`,`price`,`currency`,`safety_rating`,`link`,`latitude`,`longitude`,`Agent_id`) VALUES (289,'117 N 15th St, Philadelphia, PA 19102, USA','https://images1.apartments.com/i2/EhUJvhsyX-6rN6nvWbyC4GzAsaNaZYDRRLyWoK8uoCM/117/the-metropolitan-philadelphia-pa-interior-photo.jpg',3,3,2110,'USD',1,'https://www.apartments.com/the-metropolitan-philadelphia-pa/fmqqvsr/',39.9551377,-75.1644659,'APT');
INSERT INTO `Listings` (`listing_id`,`address`,`image`,`beds`,`baths`,`price`,`currency`,`safety_rating`,`link`,`latitude`,`longitude`,`Agent_id`) VALUES (290,'317 N Broad St, Philadelphia, PA 19107, USA','https://images1.apartments.com/i2/737phldjAWKjAzYKXqaXAZqrHRlFZvbTAtlB9GnzWZc/117/the-packard-motor-car-building-philadelphia-pa-building-photo.jpg',1,1,1675,'USD',1,'https://www.apartments.com/the-packard-motor-car-building-philadelphia-pa/561epbq/',39.9586711,-75.16170919999999,'APT');
INSERT INTO `Listings` (`listing_id`,`address`,`image`,`beds`,`baths`,`price`,`currency`,`safety_rating`,`link`,`latitude`,`longitude`,`Agent_id`) VALUES (291,'317 N Broad St, Philadelphia, PA 19107, USA','https://images1.apartments.com/i2/737phldjAWKjAzYKXqaXAZqrHRlFZvbTAtlB9GnzWZc/117/the-packard-motor-car-building-philadelphia-pa-building-photo.jpg',2,2,2750,'USD',1,'https://www.apartments.com/the-packard-motor-car-building-philadelphia-pa/561epbq/',39.9586711,-75.16170919999999,'APT');
INSERT INTO `Listings` (`listing_id`,`address`,`image`,`beds`,`baths`,`price`,`currency`,`safety_rating`,`link`,`latitude`,`longitude`,`Agent_id`) VALUES (292,'3514 Lancaster Ave, Philadelphia, PA 19104, USA','https://images1.apartments.com/i2/aTDLSEgc7TcegSX8syr9kGZyKivN4sodHwjLzr1xESM/117/the-old-quaker-building-philadelphia-pa-building-photo.jpg',1,1,1600,'USD',1,'https://www.apartments.com/the-old-quaker-building-philadelphia-pa/6syn5rv/',39.95806779999999,-75.193517,'APT');
INSERT INTO `Listings` (`listing_id`,`address`,`image`,`beds`,`baths`,`price`,`currency`,`safety_rating`,`link`,`latitude`,`longitude`,`Agent_id`) VALUES (293,'3514 Lancaster Ave, Philadelphia, PA 19104, USA','https://images1.apartments.com/i2/aTDLSEgc7TcegSX8syr9kGZyKivN4sodHwjLzr1xESM/117/the-old-quaker-building-philadelphia-pa-building-photo.jpg',2,2,2030,'USD',1,'https://www.apartments.com/the-old-quaker-building-philadelphia-pa/6syn5rv/',39.95806779999999,-75.193517,'APT');
INSERT INTO `Listings` (`listing_id`,`address`,`image`,`beds`,`baths`,`price`,`currency`,`safety_rating`,`link`,`latitude`,`longitude`,`Agent_id`) VALUES (294,'231 N 3rd St, Philadelphia, PA 19106, USA','https://images1.apartments.com/i2/QmVz7Gz8l5LqIAloNRTUA_aE6v58yDpZq2xaz2Qn0vA/117/the-chocolate-works-philadelphia-pa-building-photo.jpg',1,1,1450,'USD',1,'https://www.apartments.com/the-chocolate-works-philadelphia-pa/3b90emf/',39.9549708,-75.143987,'APT');
INSERT INTO `Listings` (`listing_id`,`address`,`image`,`beds`,`baths`,`price`,`currency`,`safety_rating`,`link`,`latitude`,`longitude`,`Agent_id`) VALUES (295,'231 N 3rd St, Philadelphia, PA 19106, USA','https://images1.apartments.com/i2/QmVz7Gz8l5LqIAloNRTUA_aE6v58yDpZq2xaz2Qn0vA/117/the-chocolate-works-philadelphia-pa-building-photo.jpg',2,2,2475,'USD',1,'https://www.apartments.com/the-chocolate-works-philadelphia-pa/3b90emf/',39.9549708,-75.143987,'APT');
INSERT INTO `Listings` (`listing_id`,`address`,`image`,`beds`,`baths`,`price`,`currency`,`safety_rating`,`link`,`latitude`,`longitude`,`Agent_id`) VALUES (296,'2301 Woodward St, Philadelphia, PA 19115, USA','https://images1.apartments.com/i2/zUxVZyZ0TAnPeSfPc4orwk9xM3GAbn_DkXIGOwQBzDc/117/evergreen-manor-philadelphia-pa-building-photo.jpg',1,1,765,'USD',1,'https://www.apartments.com/evergreen-manor-philadelphia-pa/krghc08/',40.0729371,-75.03974459999999,'APT');
INSERT INTO `Listings` (`listing_id`,`address`,`image`,`beds`,`baths`,`price`,`currency`,`safety_rating`,`link`,`latitude`,`longitude`,`Agent_id`) VALUES (297,'2301 Woodward St, Philadelphia, PA 19115, USA','https://images1.apartments.com/i2/zUxVZyZ0TAnPeSfPc4orwk9xM3GAbn_DkXIGOwQBzDc/117/evergreen-manor-philadelphia-pa-building-photo.jpg',2,2,875,'USD',1,'https://www.apartments.com/evergreen-manor-philadelphia-pa/krghc08/',40.0729371,-75.03974459999999,'APT');
INSERT INTO `Listings` (`listing_id`,`address`,`image`,`beds`,`baths`,`price`,`currency`,`safety_rating`,`link`,`latitude`,`longitude`,`Agent_id`) VALUES (298,'2350 Tremont St, Philadelphia, PA 19115, USA','https://images1.apartments.com/i2/9xUJ2tH8bY-OZ5hIkMEH2SBOAjhLCamzBf4jRfd6e_k/117/the-plaza-philadelphia-pa-building-photo.jpg',1,1,825,'USD',1,'https://www.apartments.com/the-plaza-philadelphia-pa/q9kqs5z/',40.0732323,-75.037954,'APT');
INSERT INTO `Listings` (`listing_id`,`address`,`image`,`beds`,`baths`,`price`,`currency`,`safety_rating`,`link`,`latitude`,`longitude`,`Agent_id`) VALUES (299,'2350 Tremont St, Philadelphia, PA 19115, USA','https://images1.apartments.com/i2/9xUJ2tH8bY-OZ5hIkMEH2SBOAjhLCamzBf4jRfd6e_k/117/the-plaza-philadelphia-pa-building-photo.jpg',3,3,1350,'USD',1,'https://www.apartments.com/the-plaza-philadelphia-pa/q9kqs5z/',40.0732323,-75.037954,'APT');
INSERT INTO `Listings` (`listing_id`,`address`,`image`,`beds`,`baths`,`price`,`currency`,`safety_rating`,`link`,`latitude`,`longitude`,`Agent_id`) VALUES (300,'2375 Woodward St, Philadelphia, PA 19115, USA','https://images1.apartments.com/i2/ZjB4a9YnYW_cYftmXvc9jb2BqT10AC4BA1bjdR6EfI4/117/the-towers-philadelphia-pa-building-photo.jpg',1,1,775,'USD',1,'https://www.apartments.com/the-towers-philadelphia-pa/hlg04t3/',40.0723585,-75.03882949999999,'APT');
INSERT INTO `Listings` (`listing_id`,`address`,`image`,`beds`,`baths`,`price`,`currency`,`safety_rating`,`link`,`latitude`,`longitude`,`Agent_id`) VALUES (301,'2375 Woodward St, Philadelphia, PA 19115, USA','https://images1.apartments.com/i2/ZjB4a9YnYW_cYftmXvc9jb2BqT10AC4BA1bjdR6EfI4/117/the-towers-philadelphia-pa-building-photo.jpg',2,2,1300,'USD',1,'https://www.apartments.com/the-towers-philadelphia-pa/hlg04t3/',40.0723585,-75.03882949999999,'APT');
INSERT INTO `Listings` (`listing_id`,`address`,`image`,`beds`,`baths`,`price`,`currency`,`safety_rating`,`link`,`latitude`,`longitude`,`Agent_id`) VALUES (302,'2275 Winchester Ave, Philadelphia, PA 19115, USA','https://images1.apartments.com/i2/fsu4EwmDjU4K5ZZMGTPZ8SA0385RY0_x0-ei2lPyL9o/117/terrace-south-philadelphia-pa-building-photo.jpg',1,1,775,'USD',1,'https://www.apartments.com/terrace-south-philadelphia-pa/jghjkq4/',40.073982,-75.040177,'APT');
INSERT INTO `Listings` (`listing_id`,`address`,`image`,`beds`,`baths`,`price`,`currency`,`safety_rating`,`link`,`latitude`,`longitude`,`Agent_id`) VALUES (303,'2275 Winchester Ave, Philadelphia, PA 19115, USA','https://images1.apartments.com/i2/fsu4EwmDjU4K5ZZMGTPZ8SA0385RY0_x0-ei2lPyL9o/117/terrace-south-philadelphia-pa-building-photo.jpg',2,2,1125,'USD',1,'https://www.apartments.com/terrace-south-philadelphia-pa/jghjkq4/',40.073982,-75.040177,'APT');
INSERT INTO `Listings` (`listing_id`,`address`,`image`,`beds`,`baths`,`price`,`currency`,`safety_rating`,`link`,`latitude`,`longitude`,`Agent_id`) VALUES (304,'2116 Chestnut St, Philadelphia, PA 19103, USA','https://images1.apartments.com/i2/2O3y9gpUeFrqPlqFoMSSpFT0FQc_bbXwZkGrw60Rt_Q/117/2116-chestnut-philadelphia-pa-building-photo.jpg',1,1,1753,'USD',1,'https://www.apartments.com/2116-chestnut-philadelphia-pa/w8xrmsk/',39.9521743,-75.17640229999999,'APT');
INSERT INTO `Listings` (`listing_id`,`address`,`image`,`beds`,`baths`,`price`,`currency`,`safety_rating`,`link`,`latitude`,`longitude`,`Agent_id`) VALUES (305,'2116 Chestnut St, Philadelphia, PA 19103, USA','https://images1.apartments.com/i2/2O3y9gpUeFrqPlqFoMSSpFT0FQc_bbXwZkGrw60Rt_Q/117/2116-chestnut-philadelphia-pa-building-photo.jpg',2,2,9221,'USD',1,'https://www.apartments.com/2116-chestnut-philadelphia-pa/w8xrmsk/',39.9521743,-75.17640229999999,'APT');
INSERT INTO `Listings` (`listing_id`,`address`,`image`,`beds`,`baths`,`price`,`currency`,`safety_rating`,`link`,`latitude`,`longitude`,`Agent_id`) VALUES (306,'4404 Walnut St, Philadelphia, PA 19104, USA','https://images1.apartments.com/i2/8ux-RppTPypHrI1gutP9RG5jYs__TVxFsqO-HZMWhIw/117/westwood-philadelphia-pa-building-photo.jpg',1,1,1350,'USD',1,'https://www.apartments.com/westwood-philadelphia-pa/wb30bdj/',39.95484099999999,-75.210639,'APT');
INSERT INTO `Listings` (`listing_id`,`address`,`image`,`beds`,`baths`,`price`,`currency`,`safety_rating`,`link`,`latitude`,`longitude`,`Agent_id`) VALUES (307,'4404 Walnut St, Philadelphia, PA 19104, USA','https://images1.apartments.com/i2/8ux-RppTPypHrI1gutP9RG5jYs__TVxFsqO-HZMWhIw/117/westwood-philadelphia-pa-building-photo.jpg',5,5,2795,'USD',1,'https://www.apartments.com/westwood-philadelphia-pa/wb30bdj/',39.95484099999999,-75.210639,'APT');
INSERT INTO `Listings` (`listing_id`,`address`,`image`,`beds`,`baths`,`price`,`currency`,`safety_rating`,`link`,`latitude`,`longitude`,`Agent_id`) VALUES (308,'2220 Walnut St, Philadelphia, PA 19103, USA','https://images1.apartments.com/i2/weMrddVdcELv7DfAma4i0APAwoyI-r7J6jKMoRXu6kM/117/roosevelt-philadelphia-pa-building-photo.jpg',1,1,1155,'USD',1,'https://www.apartments.com/roosevelt-philadelphia-pa/kwhwv29/',39.9508622,-75.17830289999999,'APT');
INSERT INTO `Listings` (`listing_id`,`address`,`image`,`beds`,`baths`,`price`,`currency`,`safety_rating`,`link`,`latitude`,`longitude`,`Agent_id`) VALUES (309,'2220 Walnut St, Philadelphia, PA 19103, USA','https://images1.apartments.com/i2/weMrddVdcELv7DfAma4i0APAwoyI-r7J6jKMoRXu6kM/117/roosevelt-philadelphia-pa-building-photo.jpg',3,3,5995,'USD',1,'https://www.apartments.com/roosevelt-philadelphia-pa/kwhwv29/',39.9508622,-75.17830289999999,'APT');
INSERT INTO `Listings` (`listing_id`,`address`,`image`,`beds`,`baths`,`price`,`currency`,`safety_rating`,`link`,`latitude`,`longitude`,`Agent_id`) VALUES (310,'3737 Chestnut St, Philadelphia, PA 19104, USA','https://images1.apartments.com/i2/92D4XVtVH1imvvu0D1Jb1HIT2WG6p9qZzKz5ZyFZcrE/117/3737-chestnut-philadelphia-pa-enjoy-amazing-views-while-youre-cooking-.jpg',1,1,1799,'USD',1,'https://www.apartments.com/3737-chestnut-philadelphia-pa/4dn8nnj/',39.955369,-75.19802039999999,'APT');
INSERT INTO `Listings` (`listing_id`,`address`,`image`,`beds`,`baths`,`price`,`currency`,`safety_rating`,`link`,`latitude`,`longitude`,`Agent_id`) VALUES (311,'3737 Chestnut St, Philadelphia, PA 19104, USA','https://images1.apartments.com/i2/92D4XVtVH1imvvu0D1Jb1HIT2WG6p9qZzKz5ZyFZcrE/117/3737-chestnut-philadelphia-pa-enjoy-amazing-views-while-youre-cooking-.jpg',2,2,3171,'USD',1,'https://www.apartments.com/3737-chestnut-philadelphia-pa/4dn8nnj/',39.955369,-75.19802039999999,'APT');
INSERT INTO `Listings` (`listing_id`,`address`,`image`,`beds`,`baths`,`price`,`currency`,`safety_rating`,`link`,`latitude`,`longitude`,`Agent_id`) VALUES (312,'7600 Stenton Ave, Philadelphia, PA 19118, USA','https://images1.apartments.com/i2/JNhrtxSDDn3t_sXUufTp-CQAWrDzf0nYyIXQazlGz9M/117/chestnut-hill-tower-philadelphia-pa-building-photo.jpg',1,1,1120,'USD',1,'https://www.apartments.com/chestnut-hill-tower-philadelphia-pa/txhrqp9/',40.0732407,-75.1906679,'APT');
INSERT INTO `Listings` (`listing_id`,`address`,`image`,`beds`,`baths`,`price`,`currency`,`safety_rating`,`link`,`latitude`,`longitude`,`Agent_id`) VALUES (313,'7600 Stenton Ave, Philadelphia, PA 19118, USA','https://images1.apartments.com/i2/JNhrtxSDDn3t_sXUufTp-CQAWrDzf0nYyIXQazlGz9M/117/chestnut-hill-tower-philadelphia-pa-building-photo.jpg',3,3,2500,'USD',1,'https://www.apartments.com/chestnut-hill-tower-philadelphia-pa/txhrqp9/',40.0732407,-75.1906679,'APT');
INSERT INTO `Listings` (`listing_id`,`address`,`image`,`beds`,`baths`,`price`,`currency`,`safety_rating`,`link`,`latitude`,`longitude`,`Agent_id`) VALUES (314,'201 W Evergreen Ave, Philadelphia, PA 19118, USA','https://images1.apartments.com/i2/Tkztu--cp_TOJnJ1l9JVp6mmW-_KxiUEBivFDI1RXqc/117/hill-house-philadelphia-pa-building-photo.jpg',1,1,972,'USD',1,'https://www.apartments.com/hill-house-philadelphia-pa/930jrs4/',40.0739576,-75.2102524,'APT');
INSERT INTO `Listings` (`listing_id`,`address`,`image`,`beds`,`baths`,`price`,`currency`,`safety_rating`,`link`,`latitude`,`longitude`,`Agent_id`) VALUES (315,'201 W Evergreen Ave, Philadelphia, PA 19118, USA','https://images1.apartments.com/i2/Tkztu--cp_TOJnJ1l9JVp6mmW-_KxiUEBivFDI1RXqc/117/hill-house-philadelphia-pa-building-photo.jpg',3,3,2916,'USD',1,'https://www.apartments.com/hill-house-philadelphia-pa/930jrs4/',40.0739576,-75.2102524,'APT');
INSERT INTO `Listings` (`listing_id`,`address`,`image`,`beds`,`baths`,`price`,`currency`,`safety_rating`,`link`,`latitude`,`longitude`,`Agent_id`) VALUES (316,'9951 Academy Rd, Philadelphia, PA 19114, USA','https://images1.apartments.com/i2/vnUqyzReLZPlO8peniLcNld8vMvqTvnSnnrQKZHwrqY/117/canterbury-court-philadelphia-pa-building-photo.jpg',1,1,900,'USD',1,'https://www.apartments.com/canterbury-court-philadelphia-pa/1n3t3j6/',40.0780289,-74.9988162,'APT');
INSERT INTO `Listings` (`listing_id`,`address`,`image`,`beds`,`baths`,`price`,`currency`,`safety_rating`,`link`,`latitude`,`longitude`,`Agent_id`) VALUES (317,'9951 Academy Rd, Philadelphia, PA 19114, USA','https://images1.apartments.com/i2/vnUqyzReLZPlO8peniLcNld8vMvqTvnSnnrQKZHwrqY/117/canterbury-court-philadelphia-pa-building-photo.jpg',2,2,2100,'USD',1,'https://www.apartments.com/canterbury-court-philadelphia-pa/1n3t3j6/',40.0780289,-74.9988162,'APT');
INSERT INTO `Listings` (`listing_id`,`address`,`image`,`beds`,`baths`,`price`,`currency`,`safety_rating`,`link`,`latitude`,`longitude`,`Agent_id`) VALUES (318,'155 E Godfrey Ave, Philadelphia, PA 19120, USA','https://images1.apartments.com/i2/fXE4DsWp7akBLLl4oEBtcZYlMyS4F8gF5LuYg9--8Wk/117/park-waverly-philadelphia-pa-building-photo.jpg',1,1,780,'USD',1,'https://www.apartments.com/park-waverly-philadelphia-pa/e1djx4m/',40.0445524,-75.1142758,'APT');
INSERT INTO `Listings` (`listing_id`,`address`,`image`,`beds`,`baths`,`price`,`currency`,`safety_rating`,`link`,`latitude`,`longitude`,`Agent_id`) VALUES (319,'155 E Godfrey Ave, Philadelphia, PA 19120, USA','https://images1.apartments.com/i2/fXE4DsWp7akBLLl4oEBtcZYlMyS4F8gF5LuYg9--8Wk/117/park-waverly-philadelphia-pa-building-photo.jpg',2,2,1515,'USD',1,'https://www.apartments.com/park-waverly-philadelphia-pa/e1djx4m/',40.0445524,-75.1142758,'APT');
INSERT INTO `Listings` (`listing_id`,`address`,`image`,`beds`,`baths`,`price`,`currency`,`safety_rating`,`link`,`latitude`,`longitude`,`Agent_id`) VALUES (320,'259 W Johnson St, Philadelphia, PA 19144, USA','https://images1.apartments.com/i2/hZlf2JRbfDlW9n8q05HG5qLFspwrAERDAq45odEpstc/117/greene-manor-philadelphia-pa-building-photo.jpg',1,1,795,'USD',1,'https://www.apartments.com/greene-manor-philadelphia-pa/91kmnx6/',40.041434,-75.1871098,'APT');
INSERT INTO `Listings` (`listing_id`,`address`,`image`,`beds`,`baths`,`price`,`currency`,`safety_rating`,`link`,`latitude`,`longitude`,`Agent_id`) VALUES (321,'259 W Johnson St, Philadelphia, PA 19144, USA','https://images1.apartments.com/i2/hZlf2JRbfDlW9n8q05HG5qLFspwrAERDAq45odEpstc/117/greene-manor-philadelphia-pa-building-photo.jpg',3,3,2055,'USD',1,'https://www.apartments.com/greene-manor-philadelphia-pa/91kmnx6/',40.041434,-75.1871098,'APT');
INSERT INTO `Listings` (`listing_id`,`address`,`image`,`beds`,`baths`,`price`,`currency`,`safety_rating`,`link`,`latitude`,`longitude`,`Agent_id`) VALUES (322,'9213 Blue Grass Rd, Philadelphia, PA 19114, USA','https://images1.apartments.com/i2/fDKTp6RB81C30NqeuNhO8P31CxHcM3YbqZFyi-hjaL8/117/blue-grass-estates-philadelphia-pa-building-photo.jpg',1,1,775,'USD',1,'https://www.apartments.com/blue-grass-estates-philadelphia-pa/eqlchvp/',40.0715959,-75.0296943,'APT');
INSERT INTO `Listings` (`listing_id`,`address`,`image`,`beds`,`baths`,`price`,`currency`,`safety_rating`,`link`,`latitude`,`longitude`,`Agent_id`) VALUES (323,'9213 Blue Grass Rd, Philadelphia, PA 19114, USA','https://images1.apartments.com/i2/fDKTp6RB81C30NqeuNhO8P31CxHcM3YbqZFyi-hjaL8/117/blue-grass-estates-philadelphia-pa-building-photo.jpg',3,3,1275,'USD',1,'https://www.apartments.com/blue-grass-estates-philadelphia-pa/eqlchvp/',40.0715959,-75.0296943,'APT');
INSERT INTO `Listings` (`listing_id`,`address`,`image`,`beds`,`baths`,`price`,`currency`,`safety_rating`,`link`,`latitude`,`longitude`,`Agent_id`) VALUES (324,'250 S 17th St, Philadelphia, PA 19103, USA','https://images1.apartments.com/i2/EMxvwEbXs7Som2cYsTOi77UQo0lWq3OodNgqUNN_aeI/117/furnished-rittenhouse-square-one-bedroom-philadelphia-pa-building-foyer.jpg',1,1,2200,'USD',1,'https://www.apartments.com/furnished-rittenhouse-square-one-bedroom-philadelphia-pa/9s86gs4/',39.9483682,-75.16963969999999,'APT');
INSERT INTO `Listings` (`listing_id`,`address`,`image`,`beds`,`baths`,`price`,`currency`,`safety_rating`,`link`,`latitude`,`longitude`,`Agent_id`) VALUES (325,'7373 Ridge Ave, Philadelphia, PA 19128, USA','https://images1.apartments.com/i2/1D-_hzgJpLa2Q20cDiP9neQCCBSNzczhTuhSUxTv-tk/117/ridge-carlton-apartments-philadelphia-pa-other.jpg',1,1,969,'USD',1,'https://www.apartments.com/ridge-carlton-apartments-philadelphia-pa/9beej87/',40.0477876,-75.2340371,'APT');
INSERT INTO `Listings` (`listing_id`,`address`,`image`,`beds`,`baths`,`price`,`currency`,`safety_rating`,`link`,`latitude`,`longitude`,`Agent_id`) VALUES (326,'7373 Ridge Ave, Philadelphia, PA 19128, USA','https://images1.apartments.com/i2/1D-_hzgJpLa2Q20cDiP9neQCCBSNzczhTuhSUxTv-tk/117/ridge-carlton-apartments-philadelphia-pa-other.jpg',2,2,1489,'USD',1,'https://www.apartments.com/ridge-carlton-apartments-philadelphia-pa/9beej87/',40.0477876,-75.2340371,'APT');
INSERT INTO `Listings` (`listing_id`,`address`,`image`,`beds`,`baths`,`price`,`currency`,`safety_rating`,`link`,`latitude`,`longitude`,`Agent_id`) VALUES (327,'8526 Alicia St, Philadelphia, PA 19111, USA','https://images1.apartments.com/i2/KrqLWPq5Yc6vQ2rfVr9zMUSXCr8CI51vuVLB5pQorqg/117/montclair-duplex-apartments-philadelphia-pa-interior-photo.jpg',2,2,1015,'USD',1,'https://www.apartments.com/montclair-duplex-apartments-philadelphia-pa/y7jtpvt/',40.0828824,-75.0746746,'APT');
INSERT INTO `Listings` (`listing_id`,`address`,`image`,`beds`,`baths`,`price`,`currency`,`safety_rating`,`link`,`latitude`,`longitude`,`Agent_id`) VALUES (328,'4328 Ridge Ave, Philadelphia, PA 19129, USA','https://images1.apartments.com/i2/yCN_vyT5-nHblxjS4cI9yndkIt44sXY5MtqHlyUugfY/117/falls-bridge-lofts-philadelphia-pa-interior-photo.jpg',1,1,1300,'USD',1,'https://www.apartments.com/falls-bridge-lofts-philadelphia-pa/vwnwvqe/',40.0100069,-75.1967952,'APT');
INSERT INTO `Listings` (`listing_id`,`address`,`image`,`beds`,`baths`,`price`,`currency`,`safety_rating`,`link`,`latitude`,`longitude`,`Agent_id`) VALUES (329,'4328 Ridge Ave, Philadelphia, PA 19129, USA','https://images1.apartments.com/i2/yCN_vyT5-nHblxjS4cI9yndkIt44sXY5MtqHlyUugfY/117/falls-bridge-lofts-philadelphia-pa-interior-photo.jpg',2,2,2300,'USD',1,'https://www.apartments.com/falls-bridge-lofts-philadelphia-pa/vwnwvqe/',40.0100069,-75.1967952,'APT');
INSERT INTO `Listings` (`listing_id`,`address`,`image`,`beds`,`baths`,`price`,`currency`,`safety_rating`,`link`,`latitude`,`longitude`,`Agent_id`) VALUES (330,'640 N Broad St, Philadelphia, PA 19130, USA','https://images1.apartments.com/i2/zGI6erEA9sL9e0uDnhUjtLLmwXh0-PP_IjRc-PSNmHA/117/lofts-640-philadelphia-pa-building-photo.jpg',1,1,1510,'USD',1,'https://www.apartments.com/lofts-640-philadelphia-pa/bwg3mxc/',39.9649922,-75.16177929999999,'APT');
INSERT INTO `Listings` (`listing_id`,`address`,`image`,`beds`,`baths`,`price`,`currency`,`safety_rating`,`link`,`latitude`,`longitude`,`Agent_id`) VALUES (331,'640 N Broad St, Philadelphia, PA 19130, USA','https://images1.apartments.com/i2/zGI6erEA9sL9e0uDnhUjtLLmwXh0-PP_IjRc-PSNmHA/117/lofts-640-philadelphia-pa-building-photo.jpg',2,2,2400,'USD',1,'https://www.apartments.com/lofts-640-philadelphia-pa/bwg3mxc/',39.9649922,-75.16177929999999,'APT');
INSERT INTO `Listings` (`listing_id`,`address`,`image`,`beds`,`baths`,`price`,`currency`,`safety_rating`,`link`,`latitude`,`longitude`,`Agent_id`) VALUES (332,'7165 Keystone St, Philadelphia, PA 19135, USA','https://images1.apartments.com/i2/rmjj2hF_zBL1F2Ds7ZLPSgtBlCnbT4JwsSbgIjegAXA/117/keystone-lofts-philadelphia-pa-building-photo.jpg',1,1,895,'USD',1,'https://www.apartments.com/keystone-lofts-philadelphia-pa/cqsll4d/',40.0268387,-75.0340271,'APT');
INSERT INTO `Listings` (`listing_id`,`address`,`image`,`beds`,`baths`,`price`,`currency`,`safety_rating`,`link`,`latitude`,`longitude`,`Agent_id`) VALUES (333,'7165 Keystone St, Philadelphia, PA 19135, USA','https://images1.apartments.com/i2/rmjj2hF_zBL1F2Ds7ZLPSgtBlCnbT4JwsSbgIjegAXA/117/keystone-lofts-philadelphia-pa-building-photo.jpg',2,2,1595,'USD',1,'https://www.apartments.com/keystone-lofts-philadelphia-pa/cqsll4d/',40.0268387,-75.0340271,'APT');
INSERT INTO `Listings` (`listing_id`,`address`,`image`,`beds`,`baths`,`price`,`currency`,`safety_rating`,`link`,`latitude`,`longitude`,`Agent_id`) VALUES (334,'123 W Tulpehocken St, Philadelphia, PA 19144, USA','https://images1.apartments.com/i2/6vewjb41CPBLRZ4w1d5i5hEz1gl1J821Q5pP5fdzb1g/117/copley-manor-philadelphia-pa-building-photo.jpg',1,1,675,'USD',1,'https://www.apartments.com/copley-manor-philadelphia-pa/nset86q/',40.03976919999999,-75.18276139999999,'APT');
INSERT INTO `Listings` (`listing_id`,`address`,`image`,`beds`,`baths`,`price`,`currency`,`safety_rating`,`link`,`latitude`,`longitude`,`Agent_id`) VALUES (335,'123 W Tulpehocken St, Philadelphia, PA 19144, USA','https://images1.apartments.com/i2/6vewjb41CPBLRZ4w1d5i5hEz1gl1J821Q5pP5fdzb1g/117/copley-manor-philadelphia-pa-building-photo.jpg',1,1,995,'USD',1,'https://www.apartments.com/copley-manor-philadelphia-pa/nset86q/',40.03976919999999,-75.18276139999999,'APT');
INSERT INTO `Listings` (`listing_id`,`address`,`image`,`beds`,`baths`,`price`,`currency`,`safety_rating`,`link`,`latitude`,`longitude`,`Agent_id`) VALUES (336,'3601 Conshohocken Ave, Philadelphia, PA 19131, USA','https://images1.apartments.com/i2/Z1FzDyihZQ-Wpzlv3au4-dWPp7MLYtMg3yoSoyRgcmw/117/west-river-apartments-philadelphia-pa-building-photo.jpg',1,1,1040,'USD',1,'https://www.apartments.com/west-river-apartments-philadelphia-pa/7c47vez/',40.0046326,-75.2034511,'APT');
INSERT INTO `Listings` (`listing_id`,`address`,`image`,`beds`,`baths`,`price`,`currency`,`safety_rating`,`link`,`latitude`,`longitude`,`Agent_id`) VALUES (337,'3601 Conshohocken Ave, Philadelphia, PA 19131, USA','https://images1.apartments.com/i2/Z1FzDyihZQ-Wpzlv3au4-dWPp7MLYtMg3yoSoyRgcmw/117/west-river-apartments-philadelphia-pa-building-photo.jpg',2,2,1410,'USD',1,'https://www.apartments.com/west-river-apartments-philadelphia-pa/7c47vez/',40.0046326,-75.2034511,'APT');
INSERT INTO `Listings` (`listing_id`,`address`,`image`,`beds`,`baths`,`price`,`currency`,`safety_rating`,`link`,`latitude`,`longitude`,`Agent_id`) VALUES (338,'3112 Grant Ave, Philadelphia, PA 19114, USA','https://images1.apartments.com/i2/7zCYnujOme3itm67bwrDxCoDR1H_nwPUSCXYrxvAJo8/117/wimbledon-court-philadelphia-pa-building-photo.jpg',2,2,1175,'USD',1,'https://www.apartments.com/wimbledon-court-philadelphia-pa/761klcx/',40.070916,-75.0105181,'APT');
INSERT INTO `Listings` (`listing_id`,`address`,`image`,`beds`,`baths`,`price`,`currency`,`safety_rating`,`link`,`latitude`,`longitude`,`Agent_id`) VALUES (339,'3100 Grant Ave, Philadelphia, PA 19114, USA','https://images1.apartments.com/i2/LO5RgayXSpNLVoLScb7i_aRGs6Pup4YqAVOK1SLiVrY/117/grant-meadows-philadelphia-pa-building-photo.jpg',1,1,675,'USD',1,'https://www.apartments.com/grant-meadows-philadelphia-pa/5j9bncp/',40.0703308,-75.01138279999999,'APT');
INSERT INTO `Listings` (`listing_id`,`address`,`image`,`beds`,`baths`,`price`,`currency`,`safety_rating`,`link`,`latitude`,`longitude`,`Agent_id`) VALUES (340,'3100 Grant Ave, Philadelphia, PA 19114, USA','https://images1.apartments.com/i2/LO5RgayXSpNLVoLScb7i_aRGs6Pup4YqAVOK1SLiVrY/117/grant-meadows-philadelphia-pa-building-photo.jpg',2,2,975,'USD',1,'https://www.apartments.com/grant-meadows-philadelphia-pa/5j9bncp/',40.0703308,-75.01138279999999,'APT');
INSERT INTO `Listings` (`listing_id`,`address`,`image`,`beds`,`baths`,`price`,`currency`,`safety_rating`,`link`,`latitude`,`longitude`,`Agent_id`) VALUES (341,'4400 Spruce St, Philadelphia, PA 19104, USA','https://images1.apartments.com/i2/JBtnkk6BxGPVy36Ed_w7eYuoUEU6ad0mnMKhCwyQV0c/117/spruce-hill-court-philadelphia-pa-primary-photo.jpg',1,1,1625,'USD',1,'https://www.apartments.com/spruce-hill-court-philadelphia-pa/fjsv6ht/',39.9523257,-75.2110761,'APT');
INSERT INTO `Listings` (`listing_id`,`address`,`image`,`beds`,`baths`,`price`,`currency`,`safety_rating`,`link`,`latitude`,`longitude`,`Agent_id`) VALUES (342,'4400 Spruce St, Philadelphia, PA 19104, USA','https://images1.apartments.com/i2/JBtnkk6BxGPVy36Ed_w7eYuoUEU6ad0mnMKhCwyQV0c/117/spruce-hill-court-philadelphia-pa-primary-photo.jpg',4,4,3200,'USD',1,'https://www.apartments.com/spruce-hill-court-philadelphia-pa/fjsv6ht/',39.9523257,-75.2110761,'APT');
INSERT INTO `Listings` (`listing_id`,`address`,`image`,`beds`,`baths`,`price`,`currency`,`safety_rating`,`link`,`latitude`,`longitude`,`Agent_id`) VALUES (343,'9355 State Rd, Philadelphia, PA 19114, USA','https://images1.apartments.com/i2/Zv3dqQrrBZof2m3tATNqhvXSHf47MjzuFeZ86gzoasI/117/the-apartments-at-delaire-landing-philadelphia-pa-interior-photo.jpg',1,1,1072,'USD',1,'https://www.apartments.com/the-apartments-at-delaire-landing-philadelphia-pa/kl6x868/',40.0481539,-74.9903479,'APT');
INSERT INTO `Listings` (`listing_id`,`address`,`image`,`beds`,`baths`,`price`,`currency`,`safety_rating`,`link`,`latitude`,`longitude`,`Agent_id`) VALUES (344,'9355 State Rd, Philadelphia, PA 19114, USA','https://images1.apartments.com/i2/Zv3dqQrrBZof2m3tATNqhvXSHf47MjzuFeZ86gzoasI/117/the-apartments-at-delaire-landing-philadelphia-pa-interior-photo.jpg',2,2,1332,'USD',1,'https://www.apartments.com/the-apartments-at-delaire-landing-philadelphia-pa/kl6x868/',40.0481539,-74.9903479,'APT');
INSERT INTO `Listings` (`listing_id`,`address`,`image`,`beds`,`baths`,`price`,`currency`,`safety_rating`,`link`,`latitude`,`longitude`,`Agent_id`) VALUES (345,'2661 Willits Rd, Philadelphia, PA 19114, USA','https://images1.apartments.com/i2/Uwnw_Gx6T_nvFCfNnnQdwz2vkGsAO6swsW4Y5pgnd-Q/117/welshwood-apartments-philadelphia-pa-building-photo.jpg',1,1,775,'USD',1,'https://www.apartments.com/welshwood-apartments-philadelphia-pa/4lmyyxh/',40.0674807,-75.0278249,'APT');
INSERT INTO `Listings` (`listing_id`,`address`,`image`,`beds`,`baths`,`price`,`currency`,`safety_rating`,`link`,`latitude`,`longitude`,`Agent_id`) VALUES (346,'2661 Willits Rd, Philadelphia, PA 19114, USA','https://images1.apartments.com/i2/Uwnw_Gx6T_nvFCfNnnQdwz2vkGsAO6swsW4Y5pgnd-Q/117/welshwood-apartments-philadelphia-pa-building-photo.jpg',2,2,1150,'USD',1,'https://www.apartments.com/welshwood-apartments-philadelphia-pa/4lmyyxh/',40.0674807,-75.0278249,'APT');
INSERT INTO `Listings` (`listing_id`,`address`,`image`,`beds`,`baths`,`price`,`currency`,`safety_rating`,`link`,`latitude`,`longitude`,`Agent_id`) VALUES (347,'7950 Henry Ave, Philadelphia, PA 19128, USA','https://images1.apartments.com/i2/CBLV0pJxEqGcy9MraWY4hYu5vRGcNo5c0I0HAnoeW0A/117/valley-high-apartments-philadelphia-pa-interior-photo.jpg',1,1,1130,'USD',1,'https://www.apartments.com/valley-high-apartments-philadelphia-pa/4s1f6qh/',40.0560026,-75.23311079999999,'APT');
INSERT INTO `Listings` (`listing_id`,`address`,`image`,`beds`,`baths`,`price`,`currency`,`safety_rating`,`link`,`latitude`,`longitude`,`Agent_id`) VALUES (348,'7950 Henry Ave, Philadelphia, PA 19128, USA','https://images1.apartments.com/i2/CBLV0pJxEqGcy9MraWY4hYu5vRGcNo5c0I0HAnoeW0A/117/valley-high-apartments-philadelphia-pa-interior-photo.jpg',2,2,1370,'USD',1,'https://www.apartments.com/valley-high-apartments-philadelphia-pa/4s1f6qh/',40.0560026,-75.23311079999999,'APT');
INSERT INTO `Listings` (`listing_id`,`address`,`image`,`beds`,`baths`,`price`,`currency`,`safety_rating`,`link`,`latitude`,`longitude`,`Agent_id`) VALUES (349,'8200 Henry Ave, Philadelphia, PA 19128, USA','https://images1.apartments.com/i2/bMkjobfvdSm4hz2fVn-gl3t6594NBdKSPzblv9bBnRg/117/woodmere-philadelphia-pa-building-photo.jpg',1,1,1101,'USD',1,'https://www.apartments.com/woodmere-philadelphia-pa/1e5l5h6/',40.0597643,-75.2366916,'APT');
INSERT INTO `Listings` (`listing_id`,`address`,`image`,`beds`,`baths`,`price`,`currency`,`safety_rating`,`link`,`latitude`,`longitude`,`Agent_id`) VALUES (350,'8200 Henry Ave, Philadelphia, PA 19128, USA','https://images1.apartments.com/i2/bMkjobfvdSm4hz2fVn-gl3t6594NBdKSPzblv9bBnRg/117/woodmere-philadelphia-pa-building-photo.jpg',2,2,1365,'USD',1,'https://www.apartments.com/woodmere-philadelphia-pa/1e5l5h6/',40.0597643,-75.2366916,'APT');
INSERT INTO `Listings` (`listing_id`,`address`,`image`,`beds`,`baths`,`price`,`currency`,`safety_rating`,`link`,`latitude`,`longitude`,`Agent_id`) VALUES (351,'1151 N 3rd St, Philadelphia, PA 19123, USA','https://images1.apartments.com/i2/P0XJ6HdIZsueFpLN-UVxkt97m-CJWBo-IfPsJGUBw5k/117/the-becker-philadelphia-pa-building-photo.jpg',1,1,1650,'USD',1,'https://www.apartments.com/the-becker-philadelphia-pa/tzs41rb/',39.969169,-75.14142799999999,'APT');
INSERT INTO `Listings` (`listing_id`,`address`,`image`,`beds`,`baths`,`price`,`currency`,`safety_rating`,`link`,`latitude`,`longitude`,`Agent_id`) VALUES (352,'1151 N 3rd St, Philadelphia, PA 19123, USA','https://images1.apartments.com/i2/P0XJ6HdIZsueFpLN-UVxkt97m-CJWBo-IfPsJGUBw5k/117/the-becker-philadelphia-pa-building-photo.jpg',2,2,2120,'USD',1,'https://www.apartments.com/the-becker-philadelphia-pa/tzs41rb/',39.969169,-75.14142799999999,'APT');
INSERT INTO `Listings` (`listing_id`,`address`,`image`,`beds`,`baths`,`price`,`currency`,`safety_rating`,`link`,`latitude`,`longitude`,`Agent_id`) VALUES (353,'1 Brown St, Philadelphia, PA 19123, USA','https://images1.apartments.com/i2/9tROkQhja7SsgdU0A8bSthS-haz6QpSKfc_Y69i8yqA/117/penn-treaty-village-pennthouses-philadelphia-pa-building-photo.jpg',1,1,1960,'USD',1,'https://www.apartments.com/penn-treaty-village-pennthouses-philadelphia-pa/6fxklcs/',39.962326,-75.13697379999999,'APT');
INSERT INTO `Listings` (`listing_id`,`address`,`image`,`beds`,`baths`,`price`,`currency`,`safety_rating`,`link`,`latitude`,`longitude`,`Agent_id`) VALUES (354,'1 Brown St, Philadelphia, PA 19123, USA','https://images1.apartments.com/i2/9tROkQhja7SsgdU0A8bSthS-haz6QpSKfc_Y69i8yqA/117/penn-treaty-village-pennthouses-philadelphia-pa-building-photo.jpg',3,3,3850,'USD',1,'https://www.apartments.com/penn-treaty-village-pennthouses-philadelphia-pa/6fxklcs/',39.962326,-75.13697379999999,'APT');
INSERT INTO `Listings` (`listing_id`,`address`,`image`,`beds`,`baths`,`price`,`currency`,`safety_rating`,`link`,`latitude`,`longitude`,`Agent_id`) VALUES (355,'3510 Scotts Ln, Philadelphia, PA 19129, USA','https://images1.apartments.com/i2/NVqBry7L4GbsHYnKigry57FKRT0TFyFbjrVmzivM5TE/117/scotts-mills---east-falls-philadelphia-pa-building-photo.jpg',1,1,1175,'USD',1,'https://www.apartments.com/scotts-mills-east-falls-philadelphia-pa/zcppnly/',40.0067195,-75.1877523,'APT');
INSERT INTO `Listings` (`listing_id`,`address`,`image`,`beds`,`baths`,`price`,`currency`,`safety_rating`,`link`,`latitude`,`longitude`,`Agent_id`) VALUES (356,'3510 Scotts Ln, Philadelphia, PA 19129, USA','https://images1.apartments.com/i2/NVqBry7L4GbsHYnKigry57FKRT0TFyFbjrVmzivM5TE/117/scotts-mills---east-falls-philadelphia-pa-building-photo.jpg',2,2,1795,'USD',1,'https://www.apartments.com/scotts-mills-east-falls-philadelphia-pa/zcppnly/',40.0067195,-75.1877523,'APT');
INSERT INTO `Listings` (`listing_id`,`address`,`image`,`beds`,`baths`,`price`,`currency`,`safety_rating`,`link`,`latitude`,`longitude`,`Agent_id`) VALUES (357,'410 Shurs Ln, Philadelphia, PA 19128, USA','https://images1.apartments.com/i2/UbMjEYWLES_RLDKAmsOHTjj2JDQWZDhIGJjLylxh7Cc/117/410-shurs-lane-philadelphia-pa-interior-photo.jpg',1,1,1475,'USD',1,'https://www.apartments.com/410-shurs-lane-philadelphia-pa/fs58ghs/',40.0258076,-75.2122574,'APT');
INSERT INTO `Listings` (`listing_id`,`address`,`image`,`beds`,`baths`,`price`,`currency`,`safety_rating`,`link`,`latitude`,`longitude`,`Agent_id`) VALUES (358,'1050 N Hancock St, Philadelphia, PA 19123, USA','https://images1.apartments.com/i2/P-ANgEKsmZNtoBRoEnmCxZSEXrYRMjx9FY-IuKcQPwo/117/navona-philadelphia-pa-building-photo.jpg',1,1,1515,'USD',1,'https://www.apartments.com/navona-philadelphia-pa/kn9df8b/',39.9664438,-75.13957599999999,'APT');
INSERT INTO `Listings` (`listing_id`,`address`,`image`,`beds`,`baths`,`price`,`currency`,`safety_rating`,`link`,`latitude`,`longitude`,`Agent_id`) VALUES (359,'1050 N Hancock St, Philadelphia, PA 19123, USA','https://images1.apartments.com/i2/P-ANgEKsmZNtoBRoEnmCxZSEXrYRMjx9FY-IuKcQPwo/117/navona-philadelphia-pa-building-photo.jpg',2,2,2300,'USD',1,'https://www.apartments.com/navona-philadelphia-pa/kn9df8b/',39.9664438,-75.13957599999999,'APT');
INSERT INTO `Listings` (`listing_id`,`address`,`image`,`beds`,`baths`,`price`,`currency`,`safety_rating`,`link`,`latitude`,`longitude`,`Agent_id`) VALUES (360,'1030 N 2nd St, Philadelphia, PA 19123, USA','https://images1.apartments.com/i2/s0V02A6881tXwl2S-Kv8M9s_k42r-FIlJ11agb0i3w8/117/liberties-walk-at-schmidts-philadelphia-pa-building-photo.jpg',1,1,1500,'USD',1,'https://www.apartments.com/liberties-walk-at-schmidts-philadelphia-pa/phsrvys/',39.9671393,-75.1404044,'APT');
INSERT INTO `Listings` (`listing_id`,`address`,`image`,`beds`,`baths`,`price`,`currency`,`safety_rating`,`link`,`latitude`,`longitude`,`Agent_id`) VALUES (361,'1030 N 2nd St, Philadelphia, PA 19123, USA','https://images1.apartments.com/i2/s0V02A6881tXwl2S-Kv8M9s_k42r-FIlJ11agb0i3w8/117/liberties-walk-at-schmidts-philadelphia-pa-building-photo.jpg',3,3,2700,'USD',1,'https://www.apartments.com/liberties-walk-at-schmidts-philadelphia-pa/phsrvys/',39.9671393,-75.1404044,'APT');
INSERT INTO `Listings` (`listing_id`,`address`,`image`,`beds`,`baths`,`price`,`currency`,`safety_rating`,`link`,`latitude`,`longitude`,`Agent_id`) VALUES (362,'9200 Bustleton Ave, Philadelphia, PA 19115, USA','https://images1.apartments.com/i2/Pvs4juqYI4841zlxsrus9BmZ-ZC7RNUkDQelkoXGK_0/117/heatherwood-apartments-philadelphia-pa-building-photo.jpg',1,1,865,'USD',1,'https://www.apartments.com/heatherwood-apartments-philadelphia-pa/ehl3nwn/',40.0819082,-75.0426161,'APT');
INSERT INTO `Listings` (`listing_id`,`address`,`image`,`beds`,`baths`,`price`,`currency`,`safety_rating`,`link`,`latitude`,`longitude`,`Agent_id`) VALUES (363,'9200 Bustleton Ave, Philadelphia, PA 19115, USA','https://images1.apartments.com/i2/Pvs4juqYI4841zlxsrus9BmZ-ZC7RNUkDQelkoXGK_0/117/heatherwood-apartments-philadelphia-pa-building-photo.jpg',2,2,1050,'USD',1,'https://www.apartments.com/heatherwood-apartments-philadelphia-pa/ehl3nwn/',40.0819082,-75.0426161,'APT');
INSERT INTO `Listings` (`listing_id`,`address`,`image`,`beds`,`baths`,`price`,`currency`,`safety_rating`,`link`,`latitude`,`longitude`,`Agent_id`) VALUES (364,'5450 Wissahickon Ave, Philadelphia, PA 19144, USA','https://images1.apartments.com/i2/w9Wpj4z3lCHJ0fospQsjkhWgWjNGICLbATfkDTnhF4w/117/charter-court-at-east-falls-philadelphia-pa-primary-photo.jpg',1,1,875,'USD',1,'https://www.apartments.com/charter-court-at-east-falls-philadelphia-pa/y48p92r/',40.02457520000001,-75.1811665,'APT');
INSERT INTO `Listings` (`listing_id`,`address`,`image`,`beds`,`baths`,`price`,`currency`,`safety_rating`,`link`,`latitude`,`longitude`,`Agent_id`) VALUES (365,'5450 Wissahickon Ave, Philadelphia, PA 19144, USA','https://images1.apartments.com/i2/w9Wpj4z3lCHJ0fospQsjkhWgWjNGICLbATfkDTnhF4w/117/charter-court-at-east-falls-philadelphia-pa-primary-photo.jpg',2,2,1550,'USD',1,'https://www.apartments.com/charter-court-at-east-falls-philadelphia-pa/y48p92r/',40.02457520000001,-75.1811665,'APT');
INSERT INTO `Listings` (`listing_id`,`address`,`image`,`beds`,`baths`,`price`,`currency`,`safety_rating`,`link`,`latitude`,`longitude`,`Agent_id`) VALUES (366,'13109 Bustleton Ave, Philadelphia, PA 19116, USA','https://images1.apartments.com/i2/lbuq85rMk4k18CYzSGbgSIQEAMpfQ-7bGLPmG-Q_zN4/117/somerton-court-apartments-philadelphia-pa-building-photo.jpg',1,1,820,'USD',1,'https://www.apartments.com/somerton-court-apartments-philadelphia-pa/t8wwh8c/',40.127973,-75.01356559999999,'APT');
INSERT INTO `Listings` (`listing_id`,`address`,`image`,`beds`,`baths`,`price`,`currency`,`safety_rating`,`link`,`latitude`,`longitude`,`Agent_id`) VALUES (367,'13109 Bustleton Ave, Philadelphia, PA 19116, USA','https://images1.apartments.com/i2/lbuq85rMk4k18CYzSGbgSIQEAMpfQ-7bGLPmG-Q_zN4/117/somerton-court-apartments-philadelphia-pa-building-photo.jpg',2,2,1045,'USD',1,'https://www.apartments.com/somerton-court-apartments-philadelphia-pa/t8wwh8c/',40.127973,-75.01356559999999,'APT');
INSERT INTO `Listings` (`listing_id`,`address`,`image`,`beds`,`baths`,`price`,`currency`,`safety_rating`,`link`,`latitude`,`longitude`,`Agent_id`) VALUES (368,'8040 Rowland Ave, Philadelphia, PA 19136, USA','https://images1.apartments.com/i2/M19yL_6l3m6x0BUWZXERRDTy1oEkvYVcmYiChIzTQEA/117/park-terrace-apartments-philadelphia-pa-building-photo.jpg',1,1,810,'USD',1,'https://www.apartments.com/park-terrace-apartments-philadelphia-pa/75qzw0z/',40.0471635,-75.0304656,'APT');
INSERT INTO `Listings` (`listing_id`,`address`,`image`,`beds`,`baths`,`price`,`currency`,`safety_rating`,`link`,`latitude`,`longitude`,`Agent_id`) VALUES (369,'8040 Rowland Ave, Philadelphia, PA 19136, USA','https://images1.apartments.com/i2/M19yL_6l3m6x0BUWZXERRDTy1oEkvYVcmYiChIzTQEA/117/park-terrace-apartments-philadelphia-pa-building-photo.jpg',2,2,1070,'USD',1,'https://www.apartments.com/park-terrace-apartments-philadelphia-pa/75qzw0z/',40.0471635,-75.0304656,'APT');
INSERT INTO `Listings` (`listing_id`,`address`,`image`,`beds`,`baths`,`price`,`currency`,`safety_rating`,`link`,`latitude`,`longitude`,`Agent_id`) VALUES (370,'6803 Emlen St, Philadelphia, PA 19119, USA','https://images1.apartments.com/i2/Vwfld_5ga0ClXKd7aIRPRpKrHqAcEsK-Wm_a0OKbHII/117/pelham-court-apartments-philadelphia-pa-primary-photo.jpg',1,1,865,'USD',1,'https://www.apartments.com/pelham-court-apartments-philadelphia-pa/v2pbmwf/',40.0498157,-75.19010530000001,'APT');
INSERT INTO `Listings` (`listing_id`,`address`,`image`,`beds`,`baths`,`price`,`currency`,`safety_rating`,`link`,`latitude`,`longitude`,`Agent_id`) VALUES (371,'6803 Emlen St, Philadelphia, PA 19119, USA','https://images1.apartments.com/i2/Vwfld_5ga0ClXKd7aIRPRpKrHqAcEsK-Wm_a0OKbHII/117/pelham-court-apartments-philadelphia-pa-primary-photo.jpg',2,2,1325,'USD',1,'https://www.apartments.com/pelham-court-apartments-philadelphia-pa/v2pbmwf/',40.0498157,-75.19010530000001,'APT');
INSERT INTO `Listings` (`listing_id`,`address`,`image`,`beds`,`baths`,`price`,`currency`,`safety_rating`,`link`,`latitude`,`longitude`,`Agent_id`) VALUES (372,'4620 Sansom St, Philadelphia, PA 19139, USA','https://images1.apartments.com/i2/B39aiExe8iaf4Fs3MoYM6jmggwZP68KpbTSat-Fv8sg/117/u-city-flats-building-philadelphia-pa-interior-photo.jpg',2,2,1550,'USD',1,'https://www.apartments.com/u-city-flats-building-philadelphia-pa/ncc6h5m/',39.956151,-75.214384,'APT');
INSERT INTO `Listings` (`listing_id`,`address`,`image`,`beds`,`baths`,`price`,`currency`,`safety_rating`,`link`,`latitude`,`longitude`,`Agent_id`) VALUES (373,'516 S 42nd St, Philadelphia, PA 19104, USA','https://images1.apartments.com/i2/CMAPULgvkECMUSLZqP-bYCruvfFlyvSXY8_531XAVIQ/117/alexandria-apartments-philadelphia-pa-building-photo.jpg',3,3,1500,'USD',2,'https://www.apartments.com/alexandria-apartments-philadelphia-pa/cq5ctsf/',39.948815,-75.20733899999999,'APT');
INSERT INTO `Listings` (`listing_id`,`address`,`image`,`beds`,`baths`,`price`,`currency`,`safety_rating`,`link`,`latitude`,`longitude`,`Agent_id`) VALUES (374,'2222 Walnut St, Philadelphia, PA 19103, USA','https://images1.apartments.com/i2/J4WzosBShh4icqH2Xl1MVkvTgtsryR7Hu6If_osNmQA/117/the-roosevelt-edition-philadelphia-pa-building-photo.jpg',1,1,1745,'USD',1,'https://www.apartments.com/the-roosevelt-edition-philadelphia-pa/2mg9e19/',39.9509707,-75.178349,'APT');
INSERT INTO `Listings` (`listing_id`,`address`,`image`,`beds`,`baths`,`price`,`currency`,`safety_rating`,`link`,`latitude`,`longitude`,`Agent_id`) VALUES (375,'2222 Walnut St, Philadelphia, PA 19103, USA','https://images1.apartments.com/i2/J4WzosBShh4icqH2Xl1MVkvTgtsryR7Hu6If_osNmQA/117/the-roosevelt-edition-philadelphia-pa-building-photo.jpg',1,1,2095,'USD',1,'https://www.apartments.com/the-roosevelt-edition-philadelphia-pa/2mg9e19/',39.9509707,-75.178349,'APT');
INSERT INTO `Listings` (`listing_id`,`address`,`image`,`beds`,`baths`,`price`,`currency`,`safety_rating`,`link`,`latitude`,`longitude`,`Agent_id`) VALUES (376,'2300 Walnut St, Philadelphia, PA 19103, USA','https://images1.apartments.com/i2/KlKpGtlcyqBuVQ9bBXif1XYV3Y2KHaFkAI6_RNKYLJQ/117/the-riverloft-apartment-homes-philadelphia-pa-building-photo.jpg',1,1,1778,'USD',1,'https://www.apartments.com/the-riverloft-apartment-homes-philadelphia-pa/jjsmwp7/',39.9508979,-75.1790625,'APT');
INSERT INTO `Listings` (`listing_id`,`address`,`image`,`beds`,`baths`,`price`,`currency`,`safety_rating`,`link`,`latitude`,`longitude`,`Agent_id`) VALUES (377,'2300 Walnut St, Philadelphia, PA 19103, USA','https://images1.apartments.com/i2/KlKpGtlcyqBuVQ9bBXif1XYV3Y2KHaFkAI6_RNKYLJQ/117/the-riverloft-apartment-homes-philadelphia-pa-building-photo.jpg',3,3,7751,'USD',1,'https://www.apartments.com/the-riverloft-apartment-homes-philadelphia-pa/jjsmwp7/',39.9508979,-75.1790625,'APT');
INSERT INTO `Listings` (`listing_id`,`address`,`image`,`beds`,`baths`,`price`,`currency`,`safety_rating`,`link`,`latitude`,`longitude`,`Agent_id`) VALUES (378,'9601 Ashton Rd, Philadelphia, PA 19114, USA','https://images1.apartments.com/i2/knek3FwQ2jkLtTkwksnYEb-7fn7j-JRMav4NPciweTg/117/victoria-woods-apartments-and-townhomes-philadelphia-pa-building-photo.jpg',1,1,750,'USD',1,'https://www.apartments.com/victoria-woods-apartments-and-townhomes-philadelphia-pa/lwf6l2f/',40.070193,-75.01470189999999,'APT');
INSERT INTO `Listings` (`listing_id`,`address`,`image`,`beds`,`baths`,`price`,`currency`,`safety_rating`,`link`,`latitude`,`longitude`,`Agent_id`) VALUES (379,'9601 Ashton Rd, Philadelphia, PA 19114, USA','https://images1.apartments.com/i2/knek3FwQ2jkLtTkwksnYEb-7fn7j-JRMav4NPciweTg/117/victoria-woods-apartments-and-townhomes-philadelphia-pa-building-photo.jpg',2,2,1060,'USD',1,'https://www.apartments.com/victoria-woods-apartments-and-townhomes-philadelphia-pa/lwf6l2f/',40.070193,-75.01470189999999,'APT');
INSERT INTO `Listings` (`listing_id`,`address`,`image`,`beds`,`baths`,`price`,`currency`,`safety_rating`,`link`,`latitude`,`longitude`,`Agent_id`) VALUES (380,'10960 Bustleton Ave, Philadelphia, PA 19116, USA','https://images1.apartments.com/i2/harKUxCT0po_HqNX8e_DN0bR9lj1hqkGMfNwS7WObpY/117/ashley-court-apartments-philadelphia-pa-building-photo.jpg',1,1,675,'USD',1,'https://www.apartments.com/ashley-court-apartments-philadelphia-pa/ldfx4kg/',40.1129332,-75.0234822,'APT');
INSERT INTO `Listings` (`listing_id`,`address`,`image`,`beds`,`baths`,`price`,`currency`,`safety_rating`,`link`,`latitude`,`longitude`,`Agent_id`) VALUES (381,'10960 Bustleton Ave, Philadelphia, PA 19116, USA','https://images1.apartments.com/i2/harKUxCT0po_HqNX8e_DN0bR9lj1hqkGMfNwS7WObpY/117/ashley-court-apartments-philadelphia-pa-building-photo.jpg',2,2,1200,'USD',1,'https://www.apartments.com/ashley-court-apartments-philadelphia-pa/ldfx4kg/',40.1129332,-75.0234822,'APT');
INSERT INTO `Listings` (`listing_id`,`address`,`image`,`beds`,`baths`,`price`,`currency`,`safety_rating`,`link`,`latitude`,`longitude`,`Agent_id`) VALUES (382,'5000 Woodbine Ave, Philadelphia, PA 19131, USA','https://images1.apartments.com/i2/tAFtfyyO4Att5JNCU6mrZZbcZ682uUVqUoKfREXtqfo/117/the-metropolitan-wynnefield-philadelphia-pa-building-photo.jpg',1,1,1165,'USD',1,'https://www.apartments.com/the-metropolitan-wynnefield-philadelphia-pa/s3qjyr4/',39.9951076,-75.2262829,'APT');
INSERT INTO `Listings` (`listing_id`,`address`,`image`,`beds`,`baths`,`price`,`currency`,`safety_rating`,`link`,`latitude`,`longitude`,`Agent_id`) VALUES (383,'5000 Woodbine Ave, Philadelphia, PA 19131, USA','https://images1.apartments.com/i2/tAFtfyyO4Att5JNCU6mrZZbcZ682uUVqUoKfREXtqfo/117/the-metropolitan-wynnefield-philadelphia-pa-building-photo.jpg',2,2,1325,'USD',1,'https://www.apartments.com/the-metropolitan-wynnefield-philadelphia-pa/s3qjyr4/',39.9951076,-75.2262829,'APT');
INSERT INTO `Listings` (`listing_id`,`address`,`image`,`beds`,`baths`,`price`,`currency`,`safety_rating`,`link`,`latitude`,`longitude`,`Agent_id`) VALUES (384,'1117 E Mt Airy Ave, Philadelphia, PA 19150, USA','https://images1.apartments.com/i2/uNEkBzX0UPsDbkZIm9SnJig77NX4CNdibLVrR-AFEqA/117/wadsworth-manor-philadelphia-pa-building-photo.jpg',1,1,475,'USD',1,'https://www.apartments.com/wadsworth-manor-philadelphia-pa/7nqmfbz/',40.0726839,-75.178304,'APT');
INSERT INTO `Listings` (`listing_id`,`address`,`image`,`beds`,`baths`,`price`,`currency`,`safety_rating`,`link`,`latitude`,`longitude`,`Agent_id`) VALUES (385,'1117 E Mt Airy Ave, Philadelphia, PA 19150, USA','https://images1.apartments.com/i2/uNEkBzX0UPsDbkZIm9SnJig77NX4CNdibLVrR-AFEqA/117/wadsworth-manor-philadelphia-pa-building-photo.jpg',2,2,825,'USD',1,'https://www.apartments.com/wadsworth-manor-philadelphia-pa/7nqmfbz/',40.0726839,-75.178304,'APT');
INSERT INTO `Listings` (`listing_id`,`address`,`image`,`beds`,`baths`,`price`,`currency`,`safety_rating`,`link`,`latitude`,`longitude`,`Agent_id`) VALUES (386,'2400 Chestnut St, Philadelphia, PA 19103, USA','https://images1.apartments.com/i2/fhHyMdPi7V39T_N_qd9vdWF6CXafwveFci2PuOKbJ1I/117/2400-chestnut-st-philadelphia-pa-building-photo.jpg',1,1,1510,'USD',1,'https://www.apartments.com/2400-chestnut-st-philadelphia-pa/zqgzz2x/',39.9524846,-75.179735,'APT');
INSERT INTO `Listings` (`listing_id`,`address`,`image`,`beds`,`baths`,`price`,`currency`,`safety_rating`,`link`,`latitude`,`longitude`,`Agent_id`) VALUES (387,'2400 Chestnut St, Philadelphia, PA 19103, USA','https://images1.apartments.com/i2/fhHyMdPi7V39T_N_qd9vdWF6CXafwveFci2PuOKbJ1I/117/2400-chestnut-st-philadelphia-pa-building-photo.jpg',2,2,2295,'USD',1,'https://www.apartments.com/2400-chestnut-st-philadelphia-pa/zqgzz2x/',39.9524846,-75.179735,'APT');
INSERT INTO `Listings` (`listing_id`,`address`,`image`,`beds`,`baths`,`price`,`currency`,`safety_rating`,`link`,`latitude`,`longitude`,`Agent_id`) VALUES (388,'424 S 48th St, Philadelphia, PA 19143, USA','https://images1.apartments.com/i2/yTNGAGsMIV_kwvBE6-TQ2O1w_L0WWqQpPa7898wxs1A/117/sylvania-gardens-apartments-philadelphia-pa-building-photo.jpg',1,1,750,'USD',1,'https://www.apartments.com/sylvania-gardens-apartments-philadelphia-pa/t5x38nb/',39.9520045,-75.2186292,'APT');
INSERT INTO `Listings` (`listing_id`,`address`,`image`,`beds`,`baths`,`price`,`currency`,`safety_rating`,`link`,`latitude`,`longitude`,`Agent_id`) VALUES (389,'424 S 48th St, Philadelphia, PA 19143, USA','https://images1.apartments.com/i2/yTNGAGsMIV_kwvBE6-TQ2O1w_L0WWqQpPa7898wxs1A/117/sylvania-gardens-apartments-philadelphia-pa-building-photo.jpg',1,1,950,'USD',1,'https://www.apartments.com/sylvania-gardens-apartments-philadelphia-pa/t5x38nb/',39.9520045,-75.2186292,'APT');
INSERT INTO `Listings` (`listing_id`,`address`,`image`,`beds`,`baths`,`price`,`currency`,`safety_rating`,`link`,`latitude`,`longitude`,`Agent_id`) VALUES (390,'717 S Christopher Columbus Blvd, Philadelphia, PA 19147, USA','https://images1.apartments.com/i2/LwDTCzhRhlyERbPNUrYvbKtnpl1cIMWCMZiZDM1stZc/117/dockside-luxury-apartments-philadelphia-pa-building-photo.jpg',2,2,2275,'USD',1,'https://www.apartments.com/dockside-luxury-apartments-philadelphia-pa/s4ghtr4/',39.9390479,-75.14084729999999,'APT');
INSERT INTO `Listings` (`listing_id`,`address`,`image`,`beds`,`baths`,`price`,`currency`,`safety_rating`,`link`,`latitude`,`longitude`,`Agent_id`) VALUES (391,'717 S Christopher Columbus Blvd, Philadelphia, PA 19147, USA','https://images1.apartments.com/i2/LwDTCzhRhlyERbPNUrYvbKtnpl1cIMWCMZiZDM1stZc/117/dockside-luxury-apartments-philadelphia-pa-building-photo.jpg',3,3,3800,'USD',1,'https://www.apartments.com/dockside-luxury-apartments-philadelphia-pa/s4ghtr4/',39.9390479,-75.14084729999999,'APT');
INSERT INTO `Listings` (`listing_id`,`address`,`image`,`beds`,`baths`,`price`,`currency`,`safety_rating`,`link`,`latitude`,`longitude`,`Agent_id`) VALUES (392,'5001 Erringer Pl, Philadelphia, PA 19144, USA','https://images1.apartments.com/i2/XgfHwCSmBpDzD2uYxIwsRh3jbb__NvtCz_UL_ORyqfg/117/congress-hall-philadelphia-pa-building-photo.jpg',1,1,750,'USD',1,'https://www.apartments.com/congress-hall-philadelphia-pa/mn265xk/',40.021338,-75.1713709,'APT');
INSERT INTO `Listings` (`listing_id`,`address`,`image`,`beds`,`baths`,`price`,`currency`,`safety_rating`,`link`,`latitude`,`longitude`,`Agent_id`) VALUES (393,'5001 Erringer Pl, Philadelphia, PA 19144, USA','https://images1.apartments.com/i2/XgfHwCSmBpDzD2uYxIwsRh3jbb__NvtCz_UL_ORyqfg/117/congress-hall-philadelphia-pa-building-photo.jpg',2,2,850,'USD',1,'https://www.apartments.com/congress-hall-philadelphia-pa/mn265xk/',40.021338,-75.1713709,'APT');
INSERT INTO `Listings` (`listing_id`,`address`,`image`,`beds`,`baths`,`price`,`currency`,`safety_rating`,`link`,`latitude`,`longitude`,`Agent_id`) VALUES (394,'5219 Wynnefield Ave, Philadelphia, PA 19131, USA','https://images1.apartments.com/i2/DxrB-AeUjnjoDjk52dlLpzI6PLX6CMQAgDvh6qn4nqw/117/fairview-arms-apartments-philadelphia-pa-building-photo.jpg',1,1,750,'USD',1,'https://www.apartments.com/fairview-arms-apartments-philadelphia-pa/9m9lkx6/',39.9917473,-75.2306655,'APT');
INSERT INTO `Listings` (`listing_id`,`address`,`image`,`beds`,`baths`,`price`,`currency`,`safety_rating`,`link`,`latitude`,`longitude`,`Agent_id`) VALUES (395,'5219 Wynnefield Ave, Philadelphia, PA 19131, USA','https://images1.apartments.com/i2/DxrB-AeUjnjoDjk52dlLpzI6PLX6CMQAgDvh6qn4nqw/117/fairview-arms-apartments-philadelphia-pa-building-photo.jpg',3,3,1150,'USD',1,'https://www.apartments.com/fairview-arms-apartments-philadelphia-pa/9m9lkx6/',39.9917473,-75.2306655,'APT');
INSERT INTO `Listings` (`listing_id`,`address`,`image`,`beds`,`baths`,`price`,`currency`,`safety_rating`,`link`,`latitude`,`longitude`,`Agent_id`) VALUES (396,'8118 Verree Rd, Philadelphia, PA 19111, USA','https://images1.apartments.com/i2/rbj2dtL2ZaxgF0SxTLG3dOHQRioy6a5Agi-c60JYHM4/117/park-chase-apartments-philadelphia-pa-building-photo.jpg',1,1,715,'USD',1,'https://www.apartments.com/park-chase-apartments-philadelphia-pa/19nl1h5/',40.0750572,-75.0747815,'APT');
INSERT INTO `Listings` (`listing_id`,`address`,`image`,`beds`,`baths`,`price`,`currency`,`safety_rating`,`link`,`latitude`,`longitude`,`Agent_id`) VALUES (397,'8118 Verree Rd, Philadelphia, PA 19111, USA','https://images1.apartments.com/i2/rbj2dtL2ZaxgF0SxTLG3dOHQRioy6a5Agi-c60JYHM4/117/park-chase-apartments-philadelphia-pa-building-photo.jpg',2,2,950,'USD',1,'https://www.apartments.com/park-chase-apartments-philadelphia-pa/19nl1h5/',40.0750572,-75.0747815,'APT');
INSERT INTO `Listings` (`listing_id`,`address`,`image`,`beds`,`baths`,`price`,`currency`,`safety_rating`,`link`,`latitude`,`longitude`,`Agent_id`) VALUES (398,'400 S 48th St, Philadelphia, PA 19143, USA','https://images1.apartments.com/i2/H4M3iNuUPM2Z8v6mdjCZQDSuyUganvf9DSawAknnei0/117/the-cornerstone-philadelphia-pa-building-photo.jpg',1,1,825,'USD',2,'https://www.apartments.com/the-cornerstone-philadelphia-pa/2lhplp8/',39.9523665,-75.2188493,'APT');
INSERT INTO `Listings` (`listing_id`,`address`,`image`,`beds`,`baths`,`price`,`currency`,`safety_rating`,`link`,`latitude`,`longitude`,`Agent_id`) VALUES (399,'400 S 48th St, Philadelphia, PA 19143, USA','https://images1.apartments.com/i2/H4M3iNuUPM2Z8v6mdjCZQDSuyUganvf9DSawAknnei0/117/the-cornerstone-philadelphia-pa-building-photo.jpg',2,2,1250,'USD',2,'https://www.apartments.com/the-cornerstone-philadelphia-pa/2lhplp8/',39.9523665,-75.2188493,'APT');
INSERT INTO `Listings` (`listing_id`,`address`,`image`,`beds`,`baths`,`price`,`currency`,`safety_rating`,`link`,`latitude`,`longitude`,`Agent_id`) VALUES (400,'271 S 15th St, Philadelphia, PA 19102, USA','https://images1.apartments.com/i2/e7KQQBDsmRa_igp1hFHx-jqjwBtPLTspVRN4Ii7UDIs/117/westbury-philadelphia-pa-building-photo.jpg',1,1,1350,'USD',4,'https://www.apartments.com/westbury-philadelphia-pa/wm05w9h/',39.9473278,-75.1662819,'APT');
INSERT INTO `Listings` (`listing_id`,`address`,`image`,`beds`,`baths`,`price`,`currency`,`safety_rating`,`link`,`latitude`,`longitude`,`Agent_id`) VALUES (401,'271 S 15th St, Philadelphia, PA 19102, USA','https://images1.apartments.com/i2/e7KQQBDsmRa_igp1hFHx-jqjwBtPLTspVRN4Ii7UDIs/117/westbury-philadelphia-pa-building-photo.jpg',3,3,4420,'USD',4,'https://www.apartments.com/westbury-philadelphia-pa/wm05w9h/',39.9473278,-75.1662819,'APT');
INSERT INTO `Listings` (`listing_id`,`address`,`image`,`beds`,`baths`,`price`,`currency`,`safety_rating`,`link`,`latitude`,`longitude`,`Agent_id`) VALUES (402,'5115 Wissahickon Ave, Philadelphia, PA 19144, USA','https://images1.apartments.com/i2/WRGJVDrWx0BhY9wuC6EQDlR0tF9uG_w8sDBcsv65qFw/117/birchwood-hill-apartments-philadelphia-pa-building-photo.jpg',1,1,695,'USD',1,'https://www.apartments.com/birchwood-hill-apartments-philadelphia-pa/qz5nzpx/',40.0213463,-75.17588169999999,'APT');
INSERT INTO `Listings` (`listing_id`,`address`,`image`,`beds`,`baths`,`price`,`currency`,`safety_rating`,`link`,`latitude`,`longitude`,`Agent_id`) VALUES (403,'5115 Wissahickon Ave, Philadelphia, PA 19144, USA','https://images1.apartments.com/i2/WRGJVDrWx0BhY9wuC6EQDlR0tF9uG_w8sDBcsv65qFw/117/birchwood-hill-apartments-philadelphia-pa-building-photo.jpg',2,2,895,'USD',1,'https://www.apartments.com/birchwood-hill-apartments-philadelphia-pa/qz5nzpx/',40.0213463,-75.17588169999999,'APT');
INSERT INTO `Listings` (`listing_id`,`address`,`image`,`beds`,`baths`,`price`,`currency`,`safety_rating`,`link`,`latitude`,`longitude`,`Agent_id`) VALUES (404,'6101 Morris St, Philadelphia, PA 19144, USA','https://images1.apartments.com/i2/yvjSxIvy-KmuAU8e4OAtQkFIK-UCT1F7ssVc0c-hM6U/117/four-freedoms-house--seniors-62-yrs-and-older-philadelphia-pa-building-photo.jpg',1,1,440,'USD',1,'https://www.apartments.com/four-freedoms-house-seniors-62-yrs-and-older-philadelphia-pa/9x9g5e6/',40.03389629999999,-75.18644929999999,'APT');

INSERT INTO `RealEstateAgents` (`agent_id`,`description`,`email_id`,`phone_no`) VALUES ('APT','Apartments.com is the leading rental listing website, offering renters online house rental and apartment information for more than 500,000 available units.','support@apartments.com','(888) 658-7368');
INSERT INTO `RealEstateAgents` (`agent_id`,`description`,`email_id`,`phone_no`) VALUES ('CAPT','Campus Apartments','contact@livecampusapts.com','(215)382-1300');