-- MySQL dump 10.13  Distrib 5.7.17, for Linux (x86_64)
--
-- Host: redroofs.clmzagnk9vbp.us-east-1.rds.amazonaws.com    Database: redroofs
-- ------------------------------------------------------
-- Server version	5.6.27-log

/*!40101 SET @OLD_CHARACTER_SET_CLIENT=@@CHARACTER_SET_CLIENT */;
/*!40101 SET @OLD_CHARACTER_SET_RESULTS=@@CHARACTER_SET_RESULTS */;
/*!40101 SET @OLD_COLLATION_CONNECTION=@@COLLATION_CONNECTION */;
/*!40101 SET NAMES utf8 */;
/*!40103 SET @OLD_TIME_ZONE=@@TIME_ZONE */;
/*!40103 SET TIME_ZONE='+00:00' */;
/*!40014 SET @OLD_UNIQUE_CHECKS=@@UNIQUE_CHECKS, UNIQUE_CHECKS=0 */;
/*!40014 SET @OLD_FOREIGN_KEY_CHECKS=@@FOREIGN_KEY_CHECKS, FOREIGN_KEY_CHECKS=0 */;
/*!40101 SET @OLD_SQL_MODE=@@SQL_MODE, SQL_MODE='NO_AUTO_VALUE_ON_ZERO' */;
/*!40111 SET @OLD_SQL_NOTES=@@SQL_NOTES, SQL_NOTES=0 */;

--
-- Table structure for table `Amenities`
--

DROP TABLE IF EXISTS `Amenities`;
/*!40101 SET @saved_cs_client     = @@character_set_client */;
/*!40101 SET character_set_client = utf8 */;
CREATE TABLE `Amenities` (
  `amenity_id` varchar(4) NOT NULL DEFAULT '',
  `description` varchar(320) NOT NULL,
  PRIMARY KEY (`amenity_id`)
) ENGINE=InnoDB DEFAULT CHARSET=latin1;
/*!40101 SET character_set_client = @saved_cs_client */;

--
-- Dumping data for table `Amenities`
--

LOCK TABLES `Amenities` WRITE;
/*!40000 ALTER TABLE `Amenities` DISABLE KEYS */;
INSERT INTO `Amenities` VALUES ('24EM','24 Hour Emergency Maintenance'),('AIRC','Air Conditioning'),('BKRM','Bike Room'),('C2C','Close to Campus'),('CARD','Cable ready'),('CSS','Complimentary Shuttle Service'),('CTYD','Courtyard'),('DIS','Dishwasher'),('DOGS','Dog Friendly'),('EVTR','Elevator'),('FGS','Fenced in Green Space'),('FITC','Fitness Center'),('HFC','Hardwood Flooring and Carpeting'),('HWFL','Hardwood Flooring'),('OFSP','Off-street parking'),('OL','Onsite laundry'),('OPA','Online Payments Available'),('PETF','Pet Friendly'),('PL','Prime Locations'),('UKB','Updated Kitchens and Bathrooms'),('WAD','Washer Dryer');
/*!40000 ALTER TABLE `Amenities` ENABLE KEYS */;
UNLOCK TABLES;

--
-- Table structure for table `Currencies`
--

DROP TABLE IF EXISTS `Currencies`;
/*!40101 SET @saved_cs_client     = @@character_set_client */;
/*!40101 SET character_set_client = utf8 */;
CREATE TABLE `Currencies` (
  `currency` char(3) NOT NULL DEFAULT '',
  `symbol` char(1) DEFAULT NULL,
  `text` varchar(50) DEFAULT NULL,
  PRIMARY KEY (`currency`)
) ENGINE=InnoDB DEFAULT CHARSET=latin1;
/*!40101 SET character_set_client = @saved_cs_client */;

--
-- Dumping data for table `Currencies`
--

LOCK TABLES `Currencies` WRITE;
/*!40000 ALTER TABLE `Currencies` DISABLE KEYS */;
INSERT INTO `Currencies` VALUES ('USD','$','dollar');
/*!40000 ALTER TABLE `Currencies` ENABLE KEYS */;
UNLOCK TABLES;

--
-- Table structure for table `Favourites`
--

DROP TABLE IF EXISTS `Favourites`;
/*!40101 SET @saved_cs_client     = @@character_set_client */;
/*!40101 SET character_set_client = utf8 */;
CREATE TABLE `Favourites` (
  `user_id` varchar(100) NOT NULL DEFAULT '',
  `listing_id` int(11) NOT NULL DEFAULT '0',
  PRIMARY KEY (`user_id`,`listing_id`),
  KEY `listing_id` (`listing_id`),
  CONSTRAINT `Favourites_ibfk_1` FOREIGN KEY (`user_id`) REFERENCES `Users` (`user_id`),
  CONSTRAINT `Favourites_ibfk_2` FOREIGN KEY (`listing_id`) REFERENCES `Listings` (`listing_id`)
) ENGINE=InnoDB DEFAULT CHARSET=latin1;
/*!40101 SET character_set_client = @saved_cs_client */;

--
-- Dumping data for table `Favourites`
--

LOCK TABLES `Favourites` WRITE;
/*!40000 ALTER TABLE `Favourites` DISABLE KEYS */;
INSERT INTO `Favourites` VALUES ('auth0|58e9258caa90fb0220c72f27',1),('auth0|58e9258caa90fb0220c72f27',4),('auth0|58e9258caa90fb0220c72f27',5),('auth0|58e02f7fc1002318c6262312',6),('auth0|58e02f7fc1002318c6262312',7),('google-oauth2|108898448252671483233',7),('google-oauth2|1088984482526714',9),('auth0|58e02f7fc1002318c6262312',11),('auth0|58e02f7fc1002318c6262312',12),('google-oauth2|1088984482526714',15),('google-oauth2|108898448252671483233',15),('auth0|58e02f7fc1002318c6262312',45),('auth0|58e02f7fc1002318c6262312',46),('auth0|58e02f7fc1002318c6262312',47),('auth0|58e02f7fc1002318c6262312',55),('google-oauth2|1088984482526714',398),('google-oauth2|108898448252671483233',398),('auth0|58e02f7fc1002318c6262312',401),('auth0|58e02f7fc1002318c6262312',402),('auth0|58e02f7fc1002318c6262312',403),('auth0|58e02f7fc1002318c6262312',404);
/*!40000 ALTER TABLE `Favourites` ENABLE KEYS */;
UNLOCK TABLES;

--
-- Table structure for table `IncludedAmenities`
--

DROP TABLE IF EXISTS `IncludedAmenities`;
/*!40101 SET @saved_cs_client     = @@character_set_client */;
/*!40101 SET character_set_client = utf8 */;
CREATE TABLE `IncludedAmenities` (
  `listing_id` int(11) NOT NULL DEFAULT '0',
  `amenity_id` varchar(4) NOT NULL DEFAULT '',
  PRIMARY KEY (`listing_id`,`amenity_id`),
  KEY `amenity_id` (`amenity_id`),
  CONSTRAINT `IncludedAmenities_ibfk_1` FOREIGN KEY (`amenity_id`) REFERENCES `Amenities` (`amenity_id`),
  CONSTRAINT `IncludedAmenities_ibfk_2` FOREIGN KEY (`listing_id`) REFERENCES `Listings` (`listing_id`)
) ENGINE=InnoDB DEFAULT CHARSET=latin1;
/*!40101 SET character_set_client = @saved_cs_client */;

--
-- Dumping data for table `IncludedAmenities`
--

LOCK TABLES `IncludedAmenities` WRITE;
/*!40000 ALTER TABLE `IncludedAmenities` DISABLE KEYS */;
INSERT INTO `IncludedAmenities` VALUES (0,'24EM'),(1,'24EM'),(2,'24EM'),(3,'24EM'),(4,'24EM'),(5,'24EM'),(6,'24EM'),(7,'24EM'),(8,'24EM'),(9,'24EM'),(10,'24EM'),(11,'24EM'),(12,'24EM'),(13,'24EM'),(14,'24EM'),(15,'24EM'),(16,'24EM'),(17,'24EM'),(18,'24EM'),(19,'24EM'),(20,'24EM'),(21,'24EM'),(22,'24EM'),(23,'24EM'),(24,'24EM'),(25,'24EM'),(26,'24EM'),(27,'24EM'),(28,'24EM'),(29,'24EM'),(30,'24EM'),(31,'24EM'),(32,'24EM'),(33,'24EM'),(34,'24EM'),(35,'24EM'),(36,'24EM'),(37,'24EM'),(38,'24EM'),(39,'24EM'),(40,'24EM'),(41,'24EM'),(42,'24EM'),(43,'24EM'),(44,'24EM'),(45,'24EM'),(46,'24EM'),(47,'24EM'),(48,'24EM'),(49,'24EM'),(50,'24EM'),(51,'24EM'),(52,'24EM'),(53,'24EM'),(54,'24EM'),(55,'24EM'),(56,'24EM'),(57,'24EM'),(58,'24EM'),(59,'24EM'),(60,'24EM'),(61,'24EM'),(62,'24EM'),(63,'24EM'),(64,'24EM'),(65,'24EM'),(66,'24EM'),(67,'24EM'),(68,'24EM'),(69,'24EM'),(70,'24EM'),(71,'24EM'),(72,'24EM'),(73,'24EM'),(74,'24EM'),(75,'24EM'),(76,'24EM'),(77,'24EM'),(78,'24EM'),(79,'24EM'),(80,'24EM'),(81,'24EM'),(82,'24EM'),(83,'24EM'),(84,'24EM'),(85,'24EM'),(86,'24EM'),(87,'24EM'),(88,'24EM'),(89,'24EM'),(90,'24EM'),(91,'24EM'),(92,'24EM'),(93,'24EM'),(94,'24EM'),(95,'24EM'),(96,'24EM'),(97,'24EM'),(98,'24EM'),(99,'24EM'),(100,'24EM'),(101,'24EM'),(102,'24EM'),(103,'24EM'),(104,'24EM'),(105,'24EM'),(106,'24EM'),(107,'24EM'),(108,'24EM'),(109,'24EM'),(110,'24EM'),(111,'24EM'),(112,'24EM'),(113,'24EM'),(114,'24EM'),(115,'24EM'),(116,'AIRC'),(117,'AIRC'),(118,'AIRC'),(119,'AIRC'),(122,'AIRC'),(123,'AIRC'),(124,'AIRC'),(125,'AIRC'),(126,'AIRC'),(127,'AIRC'),(128,'AIRC'),(129,'AIRC'),(130,'AIRC'),(131,'AIRC'),(132,'AIRC'),(133,'AIRC'),(134,'AIRC'),(135,'AIRC'),(136,'AIRC'),(137,'AIRC'),(138,'AIRC'),(139,'AIRC'),(140,'AIRC'),(141,'AIRC'),(142,'AIRC'),(143,'AIRC'),(144,'AIRC'),(145,'AIRC'),(146,'AIRC'),(147,'AIRC'),(148,'AIRC'),(149,'AIRC'),(150,'AIRC'),(151,'AIRC'),(152,'AIRC'),(153,'AIRC'),(154,'AIRC'),(155,'AIRC'),(156,'AIRC'),(157,'AIRC'),(158,'AIRC'),(159,'AIRC'),(160,'AIRC'),(161,'AIRC'),(162,'AIRC'),(163,'AIRC'),(164,'AIRC'),(165,'AIRC'),(166,'AIRC'),(167,'AIRC'),(168,'AIRC'),(169,'AIRC'),(172,'AIRC'),(173,'AIRC'),(176,'AIRC'),(177,'AIRC'),(23,'BKRM'),(24,'BKRM'),(25,'BKRM'),(26,'BKRM'),(94,'BKRM'),(95,'BKRM'),(96,'BKRM'),(97,'BKRM'),(98,'BKRM'),(99,'BKRM'),(102,'BKRM'),(103,'BKRM'),(104,'BKRM'),(105,'BKRM'),(106,'BKRM'),(107,'BKRM'),(108,'BKRM'),(109,'BKRM'),(110,'BKRM'),(111,'BKRM'),(112,'BKRM'),(0,'C2C'),(1,'C2C'),(2,'C2C'),(3,'C2C'),(4,'C2C'),(5,'C2C'),(6,'C2C'),(7,'C2C'),(8,'C2C'),(9,'C2C'),(10,'C2C'),(11,'C2C'),(12,'C2C'),(13,'C2C'),(14,'C2C'),(15,'C2C'),(16,'C2C'),(17,'C2C'),(18,'C2C'),(19,'C2C'),(20,'C2C'),(21,'C2C'),(22,'C2C'),(23,'C2C'),(24,'C2C'),(25,'C2C'),(26,'C2C'),(27,'C2C'),(28,'C2C'),(29,'C2C'),(30,'C2C'),(31,'C2C'),(32,'C2C'),(33,'C2C'),(34,'C2C'),(35,'C2C'),(36,'C2C'),(37,'C2C'),(38,'C2C'),(39,'C2C'),(40,'C2C'),(41,'C2C'),(42,'C2C'),(43,'C2C'),(44,'C2C'),(45,'C2C'),(46,'C2C'),(47,'C2C'),(48,'C2C'),(49,'C2C'),(50,'C2C'),(51,'C2C'),(52,'C2C'),(53,'C2C'),(54,'C2C'),(55,'C2C'),(56,'C2C'),(57,'C2C'),(58,'C2C'),(59,'C2C'),(60,'C2C'),(61,'C2C'),(62,'C2C'),(63,'C2C'),(64,'C2C'),(65,'C2C'),(66,'C2C'),(67,'C2C'),(68,'C2C'),(69,'C2C'),(70,'C2C'),(71,'C2C'),(72,'C2C'),(83,'C2C'),(84,'C2C'),(85,'C2C'),(86,'C2C'),(87,'C2C'),(88,'C2C'),(89,'C2C'),(90,'C2C'),(91,'C2C'),(92,'C2C'),(93,'C2C'),(94,'C2C'),(95,'C2C'),(96,'C2C'),(97,'C2C'),(98,'C2C'),(99,'C2C'),(100,'C2C'),(101,'C2C'),(102,'C2C'),(103,'C2C'),(104,'C2C'),(105,'C2C'),(106,'C2C'),(107,'C2C'),(108,'C2C'),(109,'C2C'),(110,'C2C'),(111,'C2C'),(112,'C2C'),(113,'C2C'),(114,'C2C'),(115,'C2C'),(9,'CARD'),(10,'CARD'),(29,'CARD'),(30,'CARD'),(59,'CARD'),(60,'CARD'),(61,'CARD'),(62,'CARD'),(63,'CARD'),(67,'CARD'),(68,'CARD'),(69,'CARD'),(70,'CARD'),(71,'CARD'),(72,'CARD'),(113,'CARD'),(114,'CARD'),(115,'CARD'),(0,'CSS'),(1,'CSS'),(2,'CSS'),(3,'CSS'),(4,'CSS'),(5,'CSS'),(6,'CSS'),(7,'CSS'),(8,'CSS'),(9,'CSS'),(10,'CSS'),(11,'CSS'),(12,'CSS'),(13,'CSS'),(14,'CSS'),(15,'CSS'),(16,'CSS'),(17,'CSS'),(18,'CSS'),(19,'CSS'),(20,'CSS'),(21,'CSS'),(22,'CSS'),(23,'CSS'),(24,'CSS'),(25,'CSS'),(26,'CSS'),(27,'CSS'),(28,'CSS'),(29,'CSS'),(30,'CSS'),(31,'CSS'),(32,'CSS'),(33,'CSS'),(34,'CSS'),(35,'CSS'),(36,'CSS'),(37,'CSS'),(38,'CSS'),(39,'CSS'),(40,'CSS'),(41,'CSS'),(42,'CSS'),(43,'CSS'),(44,'CSS'),(45,'CSS'),(46,'CSS'),(47,'CSS'),(48,'CSS'),(49,'CSS'),(50,'CSS'),(51,'CSS'),(52,'CSS'),(53,'CSS'),(54,'CSS'),(55,'CSS'),(56,'CSS'),(57,'CSS'),(58,'CSS'),(59,'CSS'),(60,'CSS'),(61,'CSS'),(62,'CSS'),(63,'CSS'),(64,'CSS'),(65,'CSS'),(66,'CSS'),(67,'CSS'),(68,'CSS'),(69,'CSS'),(70,'CSS'),(71,'CSS'),(72,'CSS'),(83,'CSS'),(84,'CSS'),(85,'CSS'),(86,'CSS'),(87,'CSS'),(88,'CSS'),(89,'CSS'),(90,'CSS'),(91,'CSS'),(92,'CSS'),(93,'CSS'),(94,'CSS'),(95,'CSS'),(96,'CSS'),(97,'CSS'),(98,'CSS'),(99,'CSS'),(100,'CSS'),(101,'CSS'),(102,'CSS'),(103,'CSS'),(104,'CSS'),(105,'CSS'),(106,'CSS'),(107,'CSS'),(108,'CSS'),(109,'CSS'),(110,'CSS'),(111,'CSS'),(112,'CSS'),(113,'CSS'),(114,'CSS'),(115,'CSS'),(23,'CTYD'),(24,'CTYD'),(25,'CTYD'),(26,'CTYD'),(94,'CTYD'),(95,'CTYD'),(96,'CTYD'),(97,'CTYD'),(102,'CTYD'),(103,'CTYD'),(104,'CTYD'),(105,'CTYD'),(106,'CTYD'),(107,'CTYD'),(108,'CTYD'),(109,'CTYD'),(112,'CTYD'),(116,'DIS'),(117,'DIS'),(118,'DIS'),(119,'DIS'),(124,'DIS'),(125,'DIS'),(126,'DIS'),(127,'DIS'),(128,'DIS'),(129,'DIS'),(130,'DIS'),(131,'DIS'),(132,'DIS'),(133,'DIS'),(134,'DIS'),(135,'DIS'),(136,'DIS'),(137,'DIS'),(138,'DIS'),(139,'DIS'),(140,'DIS'),(141,'DIS'),(142,'DIS'),(143,'DIS'),(144,'DIS'),(145,'DIS'),(146,'DIS'),(147,'DIS'),(148,'DIS'),(149,'DIS'),(150,'DIS'),(151,'DIS'),(152,'DIS'),(153,'DIS'),(154,'DIS'),(155,'DIS'),(156,'DIS'),(157,'DIS'),(158,'DIS'),(159,'DIS'),(160,'DIS'),(161,'DIS'),(162,'DIS'),(163,'DIS'),(164,'DIS'),(165,'DIS'),(166,'DIS'),(167,'DIS'),(168,'DIS'),(169,'DIS'),(170,'DIS'),(171,'DIS'),(172,'DIS'),(173,'DIS'),(174,'DIS'),(175,'DIS'),(176,'DIS'),(177,'DIS'),(116,'DOGS'),(117,'DOGS'),(118,'DOGS'),(119,'DOGS'),(120,'DOGS'),(121,'DOGS'),(122,'DOGS'),(123,'DOGS'),(124,'DOGS'),(125,'DOGS'),(126,'DOGS'),(127,'DOGS'),(128,'DOGS'),(129,'DOGS'),(130,'DOGS'),(131,'DOGS'),(134,'DOGS'),(135,'DOGS'),(136,'DOGS'),(137,'DOGS'),(138,'DOGS'),(139,'DOGS'),(140,'DOGS'),(141,'DOGS'),(142,'DOGS'),(143,'DOGS'),(144,'DOGS'),(145,'DOGS'),(146,'DOGS'),(147,'DOGS'),(148,'DOGS'),(149,'DOGS'),(150,'DOGS'),(151,'DOGS'),(154,'DOGS'),(155,'DOGS'),(156,'DOGS'),(157,'DOGS'),(158,'DOGS'),(159,'DOGS'),(160,'DOGS'),(161,'DOGS'),(162,'DOGS'),(163,'DOGS'),(164,'DOGS'),(165,'DOGS'),(168,'DOGS'),(169,'DOGS'),(170,'DOGS'),(171,'DOGS'),(172,'DOGS'),(173,'DOGS'),(174,'DOGS'),(175,'DOGS'),(176,'DOGS'),(177,'DOGS'),(23,'EVTR'),(24,'EVTR'),(25,'EVTR'),(26,'EVTR'),(98,'EVTR'),(99,'EVTR'),(105,'EVTR'),(106,'EVTR'),(107,'EVTR'),(108,'EVTR'),(109,'EVTR'),(110,'EVTR'),(111,'EVTR'),(112,'EVTR'),(98,'FGS'),(99,'FGS'),(120,'FITC'),(121,'FITC'),(122,'FITC'),(123,'FITC'),(130,'FITC'),(131,'FITC'),(132,'FITC'),(133,'FITC'),(152,'FITC'),(153,'FITC'),(23,'HFC'),(24,'HFC'),(25,'HFC'),(26,'HFC'),(94,'HWFL'),(95,'HWFL'),(96,'HWFL'),(97,'HWFL'),(98,'HWFL'),(99,'HWFL'),(102,'HWFL'),(103,'HWFL'),(104,'HWFL'),(105,'HWFL'),(106,'HWFL'),(107,'HWFL'),(108,'HWFL'),(109,'HWFL'),(110,'HWFL'),(111,'HWFL'),(112,'HWFL'),(73,'OFSP'),(74,'OFSP'),(75,'OFSP'),(76,'OFSP'),(77,'OFSP'),(78,'OFSP'),(79,'OFSP'),(80,'OFSP'),(81,'OFSP'),(82,'OFSP'),(120,'OFSP'),(121,'OFSP'),(122,'OFSP'),(123,'OFSP'),(132,'OFSP'),(133,'OFSP'),(152,'OFSP'),(153,'OFSP'),(156,'OFSP'),(157,'OFSP'),(166,'OFSP'),(167,'OFSP'),(170,'OFSP'),(171,'OFSP'),(0,'OL'),(1,'OL'),(2,'OL'),(3,'OL'),(4,'OL'),(5,'OL'),(6,'OL'),(7,'OL'),(8,'OL'),(9,'OL'),(10,'OL'),(11,'OL'),(12,'OL'),(13,'OL'),(14,'OL'),(15,'OL'),(16,'OL'),(17,'OL'),(18,'OL'),(19,'OL'),(20,'OL'),(21,'OL'),(22,'OL'),(23,'OL'),(24,'OL'),(25,'OL'),(26,'OL'),(27,'OL'),(28,'OL'),(29,'OL'),(30,'OL'),(31,'OL'),(32,'OL'),(33,'OL'),(34,'OL'),(35,'OL'),(36,'OL'),(37,'OL'),(38,'OL'),(39,'OL'),(40,'OL'),(41,'OL'),(42,'OL'),(43,'OL'),(44,'OL'),(45,'OL'),(46,'OL'),(47,'OL'),(48,'OL'),(49,'OL'),(50,'OL'),(51,'OL'),(52,'OL'),(53,'OL'),(54,'OL'),(55,'OL'),(56,'OL'),(57,'OL'),(58,'OL'),(59,'OL'),(60,'OL'),(61,'OL'),(62,'OL'),(63,'OL'),(64,'OL'),(65,'OL'),(66,'OL'),(67,'OL'),(68,'OL'),(69,'OL'),(70,'OL'),(71,'OL'),(72,'OL'),(73,'OL'),(74,'OL'),(75,'OL'),(76,'OL'),(77,'OL'),(78,'OL'),(79,'OL'),(80,'OL'),(81,'OL'),(82,'OL'),(83,'OL'),(84,'OL'),(85,'OL'),(86,'OL'),(87,'OL'),(88,'OL'),(89,'OL'),(90,'OL'),(91,'OL'),(92,'OL'),(93,'OL'),(94,'OL'),(95,'OL'),(96,'OL'),(97,'OL'),(98,'OL'),(99,'OL'),(100,'OL'),(101,'OL'),(102,'OL'),(103,'OL'),(113,'OL'),(114,'OL'),(115,'OL'),(0,'OPA'),(1,'OPA'),(2,'OPA'),(3,'OPA'),(4,'OPA'),(5,'OPA'),(6,'OPA'),(7,'OPA'),(8,'OPA'),(9,'OPA'),(10,'OPA'),(11,'OPA'),(12,'OPA'),(13,'OPA'),(14,'OPA'),(15,'OPA'),(16,'OPA'),(17,'OPA'),(18,'OPA'),(19,'OPA'),(20,'OPA'),(21,'OPA'),(22,'OPA'),(23,'OPA'),(24,'OPA'),(25,'OPA'),(26,'OPA'),(27,'OPA'),(28,'OPA'),(29,'OPA'),(30,'OPA'),(31,'OPA'),(32,'OPA'),(33,'OPA'),(34,'OPA'),(35,'OPA'),(36,'OPA'),(37,'OPA'),(38,'OPA'),(39,'OPA'),(40,'OPA'),(41,'OPA'),(42,'OPA'),(43,'OPA'),(44,'OPA'),(45,'OPA'),(46,'OPA'),(47,'OPA'),(48,'OPA'),(49,'OPA'),(50,'OPA'),(51,'OPA'),(52,'OPA'),(53,'OPA'),(54,'OPA'),(55,'OPA'),(56,'OPA'),(57,'OPA'),(58,'OPA'),(59,'OPA'),(60,'OPA'),(61,'OPA'),(62,'OPA'),(63,'OPA'),(64,'OPA'),(65,'OPA'),(66,'OPA'),(67,'OPA'),(68,'OPA'),(69,'OPA'),(70,'OPA'),(71,'OPA'),(72,'OPA'),(73,'OPA'),(74,'OPA'),(75,'OPA'),(76,'OPA'),(77,'OPA'),(78,'OPA'),(79,'OPA'),(80,'OPA'),(81,'OPA'),(82,'OPA'),(83,'OPA'),(84,'OPA'),(85,'OPA'),(86,'OPA'),(87,'OPA'),(88,'OPA'),(89,'OPA'),(90,'OPA'),(91,'OPA'),(92,'OPA'),(93,'OPA'),(94,'OPA'),(95,'OPA'),(96,'OPA'),(97,'OPA'),(98,'OPA'),(99,'OPA'),(100,'OPA'),(101,'OPA'),(102,'OPA'),(103,'OPA'),(104,'OPA'),(105,'OPA'),(106,'OPA'),(107,'OPA'),(108,'OPA'),(109,'OPA'),(110,'OPA'),(111,'OPA'),(112,'OPA'),(113,'OPA'),(114,'OPA'),(115,'OPA'),(178,'OPA'),(179,'OPA'),(180,'OPA'),(181,'OPA'),(182,'OPA'),(183,'OPA'),(184,'OPA'),(185,'OPA'),(186,'OPA'),(187,'OPA'),(188,'OPA'),(189,'OPA'),(190,'OPA'),(191,'OPA'),(192,'OPA'),(193,'OPA'),(194,'OPA'),(195,'OPA'),(196,'OPA'),(197,'OPA'),(198,'OPA'),(199,'OPA'),(200,'OPA'),(201,'OPA'),(202,'OPA'),(203,'OPA'),(204,'OPA'),(205,'OPA'),(206,'OPA'),(207,'OPA'),(208,'OPA'),(209,'OPA'),(210,'OPA'),(211,'OPA'),(212,'OPA'),(213,'OPA'),(214,'OPA'),(215,'OPA'),(216,'OPA'),(217,'OPA'),(218,'OPA'),(219,'OPA'),(220,'OPA'),(221,'OPA'),(222,'OPA'),(223,'OPA'),(224,'OPA'),(225,'OPA'),(226,'OPA'),(227,'OPA'),(228,'OPA'),(229,'OPA'),(230,'OPA'),(231,'OPA'),(232,'OPA'),(233,'OPA'),(234,'OPA'),(235,'OPA'),(236,'OPA'),(237,'OPA'),(238,'OPA'),(239,'OPA'),(240,'OPA'),(241,'OPA'),(242,'OPA'),(243,'OPA'),(244,'OPA'),(245,'OPA'),(246,'OPA'),(247,'OPA'),(248,'OPA'),(249,'OPA'),(250,'OPA'),(251,'OPA'),(252,'OPA'),(253,'OPA'),(254,'OPA'),(255,'OPA'),(256,'OPA'),(257,'OPA'),(258,'OPA'),(259,'OPA'),(260,'OPA'),(261,'OPA'),(262,'OPA'),(263,'OPA'),(264,'OPA'),(265,'OPA'),(266,'OPA'),(267,'OPA'),(268,'OPA'),(269,'OPA'),(270,'OPA'),(271,'OPA'),(272,'OPA'),(273,'OPA'),(274,'OPA'),(275,'OPA'),(276,'OPA'),(277,'OPA'),(278,'OPA'),(279,'OPA'),(280,'OPA'),(281,'OPA'),(282,'OPA'),(283,'OPA'),(284,'OPA'),(285,'OPA'),(286,'OPA'),(287,'OPA'),(288,'OPA'),(289,'OPA'),(290,'OPA'),(291,'OPA'),(292,'OPA'),(293,'OPA'),(294,'OPA'),(295,'OPA'),(296,'OPA'),(297,'OPA'),(298,'OPA'),(299,'OPA'),(300,'OPA'),(301,'OPA'),(302,'OPA'),(303,'OPA'),(304,'OPA'),(305,'OPA'),(306,'OPA'),(307,'OPA'),(308,'OPA'),(309,'OPA'),(310,'OPA'),(311,'OPA'),(312,'OPA'),(313,'OPA'),(314,'OPA'),(315,'OPA'),(316,'OPA'),(317,'OPA'),(318,'OPA'),(319,'OPA'),(320,'OPA'),(321,'OPA'),(322,'OPA'),(323,'OPA'),(324,'OPA'),(325,'OPA'),(326,'OPA'),(327,'OPA'),(328,'OPA'),(329,'OPA'),(330,'OPA'),(331,'OPA'),(332,'OPA'),(333,'OPA'),(334,'OPA'),(335,'OPA'),(336,'OPA'),(337,'OPA'),(338,'OPA'),(339,'OPA'),(340,'OPA'),(341,'OPA'),(342,'OPA'),(343,'OPA'),(344,'OPA'),(345,'OPA'),(346,'OPA'),(347,'OPA'),(348,'OPA'),(349,'OPA'),(350,'OPA'),(351,'OPA'),(352,'OPA'),(353,'OPA'),(354,'OPA'),(355,'OPA'),(356,'OPA'),(357,'OPA'),(358,'OPA'),(359,'OPA'),(360,'OPA'),(361,'OPA'),(362,'OPA'),(363,'OPA'),(364,'OPA'),(365,'OPA'),(366,'OPA'),(367,'OPA'),(368,'OPA'),(369,'OPA'),(370,'OPA'),(371,'OPA'),(372,'OPA'),(373,'OPA'),(374,'OPA'),(375,'OPA'),(376,'OPA'),(377,'OPA'),(378,'OPA'),(379,'OPA'),(380,'OPA'),(381,'OPA'),(382,'OPA'),(383,'OPA'),(384,'OPA'),(385,'OPA'),(386,'OPA'),(387,'OPA'),(388,'OPA'),(389,'OPA'),(390,'OPA'),(391,'OPA'),(392,'OPA'),(393,'OPA'),(394,'OPA'),(395,'OPA'),(396,'OPA'),(397,'OPA'),(398,'OPA'),(399,'OPA'),(400,'OPA'),(401,'OPA'),(402,'OPA'),(403,'OPA'),(404,'OPA'),(94,'PETF'),(95,'PETF'),(96,'PETF'),(97,'PETF'),(105,'PETF'),(106,'PETF'),(107,'PETF'),(108,'PETF'),(109,'PETF'),(112,'PETF'),(116,'PETF'),(117,'PETF'),(118,'PETF'),(119,'PETF'),(120,'PETF'),(121,'PETF'),(122,'PETF'),(123,'PETF'),(124,'PETF'),(125,'PETF'),(126,'PETF'),(127,'PETF'),(128,'PETF'),(129,'PETF'),(130,'PETF'),(131,'PETF'),(134,'PETF'),(135,'PETF'),(136,'PETF'),(137,'PETF'),(138,'PETF'),(139,'PETF'),(140,'PETF'),(141,'PETF'),(142,'PETF'),(143,'PETF'),(144,'PETF'),(145,'PETF'),(146,'PETF'),(147,'PETF'),(148,'PETF'),(149,'PETF'),(150,'PETF'),(151,'PETF'),(154,'PETF'),(155,'PETF'),(156,'PETF'),(157,'PETF'),(158,'PETF'),(159,'PETF'),(160,'PETF'),(161,'PETF'),(162,'PETF'),(163,'PETF'),(164,'PETF'),(165,'PETF'),(168,'PETF'),(169,'PETF'),(170,'PETF'),(171,'PETF'),(172,'PETF'),(173,'PETF'),(174,'PETF'),(175,'PETF'),(176,'PETF'),(177,'PETF'),(0,'PL'),(1,'PL'),(2,'PL'),(3,'PL'),(4,'PL'),(5,'PL'),(6,'PL'),(7,'PL'),(8,'PL'),(9,'PL'),(10,'PL'),(11,'PL'),(12,'PL'),(13,'PL'),(14,'PL'),(15,'PL'),(16,'PL'),(17,'PL'),(18,'PL'),(19,'PL'),(20,'PL'),(21,'PL'),(22,'PL'),(23,'PL'),(24,'PL'),(25,'PL'),(26,'PL'),(27,'PL'),(28,'PL'),(29,'PL'),(30,'PL'),(31,'PL'),(32,'PL'),(33,'PL'),(34,'PL'),(35,'PL'),(36,'PL'),(37,'PL'),(38,'PL'),(39,'PL'),(40,'PL'),(41,'PL'),(42,'PL'),(43,'PL'),(44,'PL'),(45,'PL'),(46,'PL'),(47,'PL'),(48,'PL'),(49,'PL'),(50,'PL'),(51,'PL'),(52,'PL'),(53,'PL'),(54,'PL'),(55,'PL'),(56,'PL'),(57,'PL'),(58,'PL'),(59,'PL'),(60,'PL'),(61,'PL'),(62,'PL'),(63,'PL'),(64,'PL'),(65,'PL'),(66,'PL'),(67,'PL'),(68,'PL'),(69,'PL'),(70,'PL'),(71,'PL'),(72,'PL'),(83,'PL'),(84,'PL'),(85,'PL'),(86,'PL'),(87,'PL'),(88,'PL'),(89,'PL'),(90,'PL'),(91,'PL'),(92,'PL'),(93,'PL'),(94,'PL'),(95,'PL'),(96,'PL'),(97,'PL'),(98,'PL'),(99,'PL'),(100,'PL'),(101,'PL'),(102,'PL'),(103,'PL'),(104,'PL'),(105,'PL'),(106,'PL'),(107,'PL'),(108,'PL'),(109,'PL'),(110,'PL'),(111,'PL'),(112,'PL'),(113,'PL'),(114,'PL'),(115,'PL'),(0,'UKB'),(1,'UKB'),(2,'UKB'),(3,'UKB'),(4,'UKB'),(5,'UKB'),(6,'UKB'),(7,'UKB'),(8,'UKB'),(11,'UKB'),(12,'UKB'),(13,'UKB'),(14,'UKB'),(15,'UKB'),(16,'UKB'),(17,'UKB'),(18,'UKB'),(19,'UKB'),(20,'UKB'),(21,'UKB'),(22,'UKB'),(27,'UKB'),(28,'UKB'),(31,'UKB'),(32,'UKB'),(33,'UKB'),(34,'UKB'),(35,'UKB'),(36,'UKB'),(37,'UKB'),(38,'UKB'),(39,'UKB'),(40,'UKB'),(41,'UKB'),(42,'UKB'),(43,'UKB'),(44,'UKB'),(45,'UKB'),(46,'UKB'),(47,'UKB'),(48,'UKB'),(49,'UKB'),(50,'UKB'),(51,'UKB'),(52,'UKB'),(53,'UKB'),(54,'UKB'),(55,'UKB'),(56,'UKB'),(57,'UKB'),(58,'UKB'),(64,'UKB'),(65,'UKB'),(66,'UKB'),(83,'UKB'),(84,'UKB'),(85,'UKB'),(86,'UKB'),(87,'UKB'),(88,'UKB'),(89,'UKB'),(90,'UKB'),(91,'UKB'),(92,'UKB'),(93,'UKB'),(100,'UKB'),(101,'UKB'),(116,'WAD'),(117,'WAD'),(118,'WAD'),(119,'WAD'),(124,'WAD'),(125,'WAD'),(126,'WAD'),(127,'WAD'),(128,'WAD'),(129,'WAD'),(134,'WAD'),(135,'WAD'),(136,'WAD'),(137,'WAD'),(138,'WAD'),(139,'WAD'),(140,'WAD'),(141,'WAD'),(142,'WAD'),(143,'WAD'),(144,'WAD'),(145,'WAD'),(146,'WAD'),(147,'WAD'),(148,'WAD'),(149,'WAD'),(150,'WAD'),(151,'WAD'),(152,'WAD'),(153,'WAD'),(154,'WAD'),(155,'WAD'),(158,'WAD'),(159,'WAD'),(160,'WAD'),(161,'WAD'),(162,'WAD'),(163,'WAD'),(164,'WAD'),(165,'WAD'),(168,'WAD'),(169,'WAD'),(170,'WAD'),(171,'WAD'),(172,'WAD'),(173,'WAD'),(174,'WAD'),(175,'WAD'),(176,'WAD'),(177,'WAD');
/*!40000 ALTER TABLE `IncludedAmenities` ENABLE KEYS */;
UNLOCK TABLES;

--
-- Table structure for table `Listings`
--

DROP TABLE IF EXISTS `Listings`;
/*!40101 SET @saved_cs_client     = @@character_set_client */;
/*!40101 SET character_set_client = utf8 */;
CREATE TABLE `Listings` (
  `listing_id` int(11) NOT NULL DEFAULT '0',
  `address` varchar(320) DEFAULT NULL,
  `image` varchar(320) DEFAULT NULL,
  `beds` int(11) DEFAULT NULL,
  `baths` int(11) DEFAULT NULL,
  `price` decimal(11,2) DEFAULT NULL,
  `currency` char(3) DEFAULT NULL,
  `safety_rating` int(11) DEFAULT NULL,
  `link` varchar(320) DEFAULT NULL,
  `latitude` double DEFAULT NULL,
  `longitude` double DEFAULT NULL,
  `Agent_id` char(4) NOT NULL,
  `state` char(2) DEFAULT 'PA',
  `city` varchar(4) DEFAULT 'PHIL',
  PRIMARY KEY (`listing_id`),
  KEY `Agent_id` (`Agent_id`),
  KEY `currency` (`currency`),
  KEY `listings_by_state_city` (`state`,`city`),
  CONSTRAINT `Listings_ibfk_1` FOREIGN KEY (`Agent_id`) REFERENCES `RealEstateAgents` (`agent_id`),
  CONSTRAINT `Listings_ibfk_2` FOREIGN KEY (`currency`) REFERENCES `Currencies` (`currency`),
  CONSTRAINT `fk_state_city_id` FOREIGN KEY (`state`, `city`) REFERENCES `StateCity` (`state`, `city`)
) ENGINE=InnoDB DEFAULT CHARSET=latin1;
/*!40101 SET character_set_client = @saved_cs_client */;

--
-- Dumping data for table `Listings`
--

LOCK TABLES `Listings` WRITE;
/*!40000 ALTER TABLE `Listings` DISABLE KEYS */;
INSERT INTO `Listings` VALUES (0,'200 S 42nd St, Philadelphia, PA 19104, USA','http://www.livecampusapts.com/Common/website_templates/_common/display_type/responsive/img/transparent.png',1,1,1085.00,'USD',1,'http://www.livecampusapts.com/philadelphia/ca-200-south-42nd-street',39.9541489,-75.20680469999999,'CAPT','PA','PHIL'),(1,'200 S 42nd St, Philadelphia, PA 19104, USA','http://www.livecampusapts.com/Common/website_templates/_common/display_type/responsive/img/transparent.png',2,2,1085.00,'USD',1,'http://www.livecampusapts.com/philadelphia/ca-200-south-42nd-street',39.9541489,-75.20680469999999,'CAPT','PA','PHIL'),(2,'202 S 42nd St, Philadelphia, PA 19104, USA','http://www.livecampusapts.com/Common/website_templates/_common/display_type/responsive/img/transparent.png',1,1,985.00,'USD',1,'http://www.livecampusapts.com/philadelphia/ca-202-south-42nd-street',39.9541234,-75.2068153,'CAPT','PA','PHIL'),(3,'202 S 42nd St, Philadelphia, PA 19104, USA','http://www.livecampusapts.com/Common/website_templates/_common/display_type/responsive/img/transparent.png',2,2,985.00,'USD',1,'http://www.livecampusapts.com/philadelphia/ca-202-south-42nd-street',39.9541234,-75.2068153,'CAPT','PA','PHIL'),(4,'213 S 41st St, Philadelphia, PA 19104, USA','http://www.livecampusapts.com/Common/website_templates/_common/display_type/responsive/img/transparent.png',4,1,3380.00,'USD',1,'http://www.livecampusapts.com/philadelphia/ca-213-215-south-41st-street',39.953896,-75.204869,'CAPT','PA','PHIL'),(5,'213 S 41st St, Philadelphia, PA 19104, USA','http://www.livecampusapts.com/Common/website_templates/_common/display_type/responsive/img/transparent.png',6,3,3380.00,'USD',1,'http://www.livecampusapts.com/philadelphia/ca-213-215-south-41st-street',39.953896,-75.204869,'CAPT','PA','PHIL'),(6,'214 S 41st St, Philadelphia, PA 19104, USA','http://www.livecampusapts.com/Common/website_templates/_common/display_type/responsive/img/transparent.png',1,1,915.00,'USD',1,'http://www.livecampusapts.com/philadelphia/ca-214-south-41st-street',39.9534655,-75.2055188,'CAPT','PA','PHIL'),(7,'214 S 41st St, Philadelphia, PA 19104, USA','http://www.livecampusapts.com/Common/website_templates/_common/display_type/responsive/img/transparent.png',2,1,915.00,'USD',1,'http://www.livecampusapts.com/philadelphia/ca-214-south-41st-street',39.9534655,-75.2055188,'CAPT','PA','PHIL'),(8,'227 S 42nd St, Philadelphia, PA 19104, USA','http://www.livecampusapts.com/Common/website_templates/_common/display_type/responsive/img/transparent.png',1,1,835.00,'USD',1,'http://www.livecampusapts.com/philadelphia/ca-227-south-42nd-street',39.952995,-75.20632599999999,'CAPT','PA','PHIL'),(9,'233 S 42nd St, Philadelphia, PA 19104, USA','http://www.livecampusapts.com/Common/website_templates/_common/display_type/responsive/img/transparent.png',1,1,835.00,'USD',1,'http://www.livecampusapts.com/philadelphia/ca-233-south-42nd-street',39.952609,-75.206406,'CAPT','PA','PHIL'),(10,'233 S 42nd St, Philadelphia, PA 19104, USA','http://www.livecampusapts.com/Common/website_templates/_common/display_type/responsive/img/transparent.png',4,2,835.00,'USD',1,'http://www.livecampusapts.com/philadelphia/ca-233-south-42nd-street',39.952609,-75.206406,'CAPT','PA','PHIL'),(11,'235 S 42nd St, Philadelphia, PA 19104, USA','http://www.livecampusapts.com/Common/website_templates/_common/display_type/responsive/img/transparent.png',1,1,875.00,'USD',1,'http://www.livecampusapts.com/philadelphia/ca-235-south-42nd-street',39.95248,-75.20643199999999,'CAPT','PA','PHIL'),(12,'235 S 42nd St, Philadelphia, PA 19104, USA','http://www.livecampusapts.com/Common/website_templates/_common/display_type/responsive/img/transparent.png',2,1,875.00,'USD',1,'http://www.livecampusapts.com/philadelphia/ca-235-south-42nd-street',39.95248,-75.20643199999999,'CAPT','PA','PHIL'),(13,'305 S 41st St, Philadelphia, PA 19104, USA','http://www.livecampusapts.com/Common/website_templates/_common/display_type/responsive/img/transparent.png',1,1,885.00,'USD',1,'http://www.livecampusapts.com/philadelphia/ca-305-south-41st-street',39.951609,-75.205389,'CAPT','PA','PHIL'),(14,'305 S 41st St, Philadelphia, PA 19104, USA','http://www.livecampusapts.com/Common/website_templates/_common/display_type/responsive/img/transparent.png',4,2,885.00,'USD',1,'http://www.livecampusapts.com/philadelphia/ca-305-south-41st-street',39.951609,-75.205389,'CAPT','PA','PHIL'),(15,'307 S 41st St, Philadelphia, PA 19104, USA','http://www.livecampusapts.com/Common/website_templates/_common/display_type/responsive/img/transparent.png',1,1,1075.00,'USD',1,'http://www.livecampusapts.com/philadelphia/ca-307-south-41st-street',39.951546,-75.20540199999999,'CAPT','PA','PHIL'),(16,'307 S 41st St, Philadelphia, PA 19104, USA','http://www.livecampusapts.com/Common/website_templates/_common/display_type/responsive/img/transparent.png',2,1,1075.00,'USD',1,'http://www.livecampusapts.com/philadelphia/ca-307-south-41st-street',39.951546,-75.20540199999999,'CAPT','PA','PHIL'),(17,'307 S 41st St, Philadelphia, PA 19104, USA','http://www.livecampusapts.com/Common/website_templates/_common/display_type/responsive/img/transparent.png',4,2,1075.00,'USD',1,'http://www.livecampusapts.com/philadelphia/ca-307-south-41st-street',39.951546,-75.20540199999999,'CAPT','PA','PHIL'),(18,'309 S 41st St, Philadelphia, PA 19104, USA','http://www.livecampusapts.com/Common/website_templates/_common/display_type/responsive/img/transparent.png',2,2,1005.00,'USD',1,'http://www.livecampusapts.com/philadelphia/ca-309-south-41st-street',39.951431,-75.205426,'CAPT','PA','PHIL'),(19,'309 S 41st St, Philadelphia, PA 19104, USA','http://www.livecampusapts.com/Common/website_templates/_common/display_type/responsive/img/transparent.png',3,2,1005.00,'USD',1,'http://www.livecampusapts.com/philadelphia/ca-309-south-41st-street',39.951431,-75.205426,'CAPT','PA','PHIL'),(20,'309 S 41st St, Philadelphia, PA 19104, USA','http://www.livecampusapts.com/Common/website_templates/_common/display_type/responsive/img/transparent.png',4,2,1005.00,'USD',1,'http://www.livecampusapts.com/philadelphia/ca-309-south-41st-street',39.951431,-75.205426,'CAPT','PA','PHIL'),(21,'313 S 41st St, Philadelphia, PA 19104, USA','http://www.livecampusapts.com/Common/website_templates/_common/display_type/responsive/img/transparent.png',1,1,865.00,'USD',1,'http://www.livecampusapts.com/philadelphia/ca-313-south-41st-street',39.951294,-75.205456,'CAPT','PA','PHIL'),(22,'313 S 41st St, Philadelphia, PA 19104, USA','http://www.livecampusapts.com/Common/website_templates/_common/display_type/responsive/img/transparent.png',5,2,865.00,'USD',1,'http://www.livecampusapts.com/philadelphia/ca-313-south-41st-street',39.951294,-75.205456,'CAPT','PA','PHIL'),(23,'315 S 45th St, Philadelphia, PA 19104, USA','http://www.livecampusapts.com/Common/website_templates/_common/display_type/responsive/img/transparent.png',1,1,825.00,'USD',1,'http://www.livecampusapts.com/philadelphia/ca-315-south-45th-street',39.9520595,-75.2119857,'CAPT','PA','PHIL'),(24,'315 S 45th St, Philadelphia, PA 19104, USA','http://www.livecampusapts.com/Common/website_templates/_common/display_type/responsive/img/transparent.png',2,1,825.00,'USD',1,'http://www.livecampusapts.com/philadelphia/ca-315-south-45th-street',39.9520595,-75.2119857,'CAPT','PA','PHIL'),(25,'315 S 45th St, Philadelphia, PA 19104, USA','http://www.livecampusapts.com/Common/website_templates/_common/display_type/responsive/img/transparent.png',2,2,825.00,'USD',1,'http://www.livecampusapts.com/philadelphia/ca-315-south-45th-street',39.9520595,-75.2119857,'CAPT','PA','PHIL'),(26,'315 S 45th St, Philadelphia, PA 19104, USA','http://www.livecampusapts.com/Common/website_templates/_common/display_type/responsive/img/transparent.png',3,2,825.00,'USD',1,'http://www.livecampusapts.com/philadelphia/ca-315-south-45th-street',39.9520595,-75.2119857,'CAPT','PA','PHIL'),(27,'334 S 42nd St, Philadelphia, PA 19104, USA','http://www.livecampusapts.com/Common/website_templates/_common/display_type/responsive/img/transparent.png',1,1,815.00,'USD',1,'http://www.livecampusapts.com/philadelphia/ca-334-south-42nd-street',39.9513563,-75.20741199999999,'CAPT','PA','PHIL'),(28,'334 S 42nd St, Philadelphia, PA 19104, USA','http://www.livecampusapts.com/Common/website_templates/_common/display_type/responsive/img/transparent.png',2,1,815.00,'USD',1,'http://www.livecampusapts.com/philadelphia/ca-334-south-42nd-street',39.9513563,-75.20741199999999,'CAPT','PA','PHIL'),(29,'4000 Pine St, Philadelphia, PA 19104, USA','http://www.livecampusapts.com/Common/website_templates/_common/display_type/responsive/img/transparent.png',4,2,4600.00,'USD',1,'http://www.livecampusapts.com/philadelphia/ca-4000-pine-street',39.9507825,-75.20401439999999,'CAPT','PA','PHIL'),(30,'4000 Pine St, Philadelphia, PA 19104, USA','http://www.livecampusapts.com/Common/website_templates/_common/display_type/responsive/img/transparent.png',11,6,4600.00,'USD',1,'http://www.livecampusapts.com/philadelphia/ca-4000-pine-street',39.9507825,-75.20401439999999,'CAPT','PA','PHIL'),(31,'4016 Pine St, Philadelphia, PA 19104, USA','http://www.livecampusapts.com/Common/website_templates/_common/display_type/responsive/img/transparent.png',1,1,1055.00,'USD',1,'http://www.livecampusapts.com/philadelphia/ca-4016-pine-street',39.950672,-75.205479,'CAPT','PA','PHIL'),(32,'4016 Pine St, Philadelphia, PA 19104, USA','http://www.livecampusapts.com/Common/website_templates/_common/display_type/responsive/img/transparent.png',2,1,1055.00,'USD',1,'http://www.livecampusapts.com/philadelphia/ca-4016-pine-street',39.950672,-75.205479,'CAPT','PA','PHIL'),(33,'401 S 41st St, Philadelphia, PA 19104, USA','http://www.livecampusapts.com/Common/website_templates/_common/display_type/responsive/img/transparent.png',1,1,865.00,'USD',1,'http://www.livecampusapts.com/philadelphia/ca-401-south-41st-street',39.9507292,-75.2055614,'CAPT','PA','PHIL'),(34,'401 S 41st St, Philadelphia, PA 19104, USA','http://www.livecampusapts.com/Common/website_templates/_common/display_type/responsive/img/transparent.png',2,1,865.00,'USD',1,'http://www.livecampusapts.com/philadelphia/ca-401-south-41st-street',39.9507292,-75.2055614,'CAPT','PA','PHIL'),(35,'4029 Walnut St, Philadelphia, PA 19104, USA','http://www.livecampusapts.com/Common/website_templates/_common/display_type/responsive/img/transparent.png',1,1,915.00,'USD',1,'http://www.livecampusapts.com/philadelphia/ca-4029-walnut-street',39.9546,-75.2040619,'CAPT','PA','PHIL'),(36,'4029 Walnut St, Philadelphia, PA 19104, USA','http://www.livecampusapts.com/Common/website_templates/_common/display_type/responsive/img/transparent.png',2,1,915.00,'USD',1,'http://www.livecampusapts.com/philadelphia/ca-4029-walnut-street',39.9546,-75.2040619,'CAPT','PA','PHIL'),(37,'4029 Walnut St, Philadelphia, PA 19104, USA','http://www.livecampusapts.com/Common/website_templates/_common/display_type/responsive/img/transparent.png',5,2,915.00,'USD',1,'http://www.livecampusapts.com/philadelphia/ca-4029-walnut-street',39.9546,-75.2040619,'CAPT','PA','PHIL'),(38,'4036 Walnut St, Philadelphia, PA 19104, USA','http://www.livecampusapts.com/Common/website_templates/_common/display_type/responsive/img/transparent.png',1,1,975.00,'USD',1,'http://www.livecampusapts.com/philadelphia/ca-4036-walnut-street',39.95393199999999,-75.2044559,'CAPT','PA','PHIL'),(39,'4036 Walnut St, Philadelphia, PA 19104, USA','http://www.livecampusapts.com/Common/website_templates/_common/display_type/responsive/img/transparent.png',2,1,975.00,'USD',1,'http://www.livecampusapts.com/philadelphia/ca-4036-walnut-street',39.95393199999999,-75.2044559,'CAPT','PA','PHIL'),(40,'4036 Walnut St, Philadelphia, PA 19104, USA','http://www.livecampusapts.com/Common/website_templates/_common/display_type/responsive/img/transparent.png',3,1,975.00,'USD',1,'http://www.livecampusapts.com/philadelphia/ca-4036-walnut-street',39.95393199999999,-75.2044559,'CAPT','PA','PHIL'),(41,'4036 Walnut St, Philadelphia, PA 19104, USA','http://www.livecampusapts.com/Common/website_templates/_common/display_type/responsive/img/transparent.png',4,1,975.00,'USD',1,'http://www.livecampusapts.com/philadelphia/ca-4036-walnut-street',39.95393199999999,-75.2044559,'CAPT','PA','PHIL'),(42,'403 S 41st St, Philadelphia, PA 19104, USA','http://www.livecampusapts.com/Common/website_templates/_common/display_type/responsive/img/transparent.png',1,1,910.00,'USD',1,'http://www.livecampusapts.com/philadelphia/ca-403-south-41st-street',39.9504749,-75.2054945,'CAPT','PA','PHIL'),(43,'403 S 41st St, Philadelphia, PA 19104, USA','http://www.livecampusapts.com/Common/website_templates/_common/display_type/responsive/img/transparent.png',2,1,910.00,'USD',1,'http://www.livecampusapts.com/philadelphia/ca-403-south-41st-street',39.9504749,-75.2054945,'CAPT','PA','PHIL'),(44,'403 S 41st St, Philadelphia, PA 19104, USA','http://www.livecampusapts.com/Common/website_templates/_common/display_type/responsive/img/transparent.png',3,1,910.00,'USD',1,'http://www.livecampusapts.com/philadelphia/ca-403-south-41st-street',39.9504749,-75.2054945,'CAPT','PA','PHIL'),(45,'4045 Pine St, Philadelphia, PA 19104, USA','http://www.livecampusapts.com/Common/website_templates/_common/display_type/responsive/img/transparent.png',2,1,885.00,'USD',1,'http://www.livecampusapts.com/philadelphia/ca-4045-pine-street',39.951223,-75.205159,'CAPT','PA','PHIL'),(46,'4045 Pine St, Philadelphia, PA 19104, USA','http://www.livecampusapts.com/Common/website_templates/_common/display_type/responsive/img/transparent.png',4,2,885.00,'USD',1,'http://www.livecampusapts.com/philadelphia/ca-4045-pine-street',39.951223,-75.205159,'CAPT','PA','PHIL'),(47,'4048 Spruce St, Philadelphia, PA 19104, USA','http://www.livecampusapts.com/Common/website_templates/_common/display_type/responsive/img/transparent.png',1,1,1025.00,'USD',1,'http://www.livecampusapts.com/philadelphia/ca-4048-spruce-street',39.9517669,-75.20521699999999,'CAPT','PA','PHIL'),(48,'4048 Spruce St, Philadelphia, PA 19104, USA','http://www.livecampusapts.com/Common/website_templates/_common/display_type/responsive/img/transparent.png',2,1,1025.00,'USD',1,'http://www.livecampusapts.com/philadelphia/ca-4048-spruce-street',39.9517669,-75.20521699999999,'CAPT','PA','PHIL'),(49,'4048 Spruce St, Philadelphia, PA 19104, USA','http://www.livecampusapts.com/Common/website_templates/_common/display_type/responsive/img/transparent.png',5,2,1025.00,'USD',1,'http://www.livecampusapts.com/philadelphia/ca-4048-spruce-street',39.9517669,-75.20521699999999,'CAPT','PA','PHIL'),(50,'4056 Irving St, Philadelphia, PA 19104, USA','http://www.livecampusapts.com/Common/website_templates/_common/display_type/responsive/img/transparent.png',2,2,2125.00,'USD',1,'http://www.livecampusapts.com/philadelphia/ca-4056-irving-street',39.952492,-75.205073,'CAPT','PA','PHIL'),(51,'4056 Irving St, Philadelphia, PA 19104, USA','http://www.livecampusapts.com/Common/website_templates/_common/display_type/responsive/img/transparent.png',3,2,2125.00,'USD',1,'http://www.livecampusapts.com/philadelphia/ca-4056-irving-street',39.952492,-75.205073,'CAPT','PA','PHIL'),(52,'4060 Irving St, Philadelphia, PA 19104, USA','http://www.livecampusapts.com/Common/website_templates/_common/display_type/responsive/img/transparent.png',2,1,1975.00,'USD',1,'http://www.livecampusapts.com/philadelphia/ca-4060-irving-street',39.9525295,-75.2051896,'CAPT','PA','PHIL'),(53,'4060 Irving St, Philadelphia, PA 19104, USA','http://www.livecampusapts.com/Common/website_templates/_common/display_type/responsive/img/transparent.png',3,1,1975.00,'USD',1,'http://www.livecampusapts.com/philadelphia/ca-4060-irving-street',39.9525295,-75.2051896,'CAPT','PA','PHIL'),(54,'4100 Locust St, Philadelphia, PA 19104, USA','http://www.livecampusapts.com/Common/website_templates/_common/display_type/responsive/img/transparent.png',1,1,985.00,'USD',1,'http://www.livecampusapts.com/philadelphia/ca-4100-locust-street',39.953064,-75.205558,'CAPT','PA','PHIL'),(55,'4100 Locust St, Philadelphia, PA 19104, USA','http://www.livecampusapts.com/Common/website_templates/_common/display_type/responsive/img/transparent.png',3,1,985.00,'USD',1,'http://www.livecampusapts.com/philadelphia/ca-4100-locust-street',39.953064,-75.205558,'CAPT','PA','PHIL'),(56,'4100 Locust St, Philadelphia, PA 19104, USA','http://www.livecampusapts.com/Common/website_templates/_common/display_type/responsive/img/transparent.png',3,1,985.00,'USD',1,'http://www.livecampusapts.com/philadelphia/ca-4100-locust-street',39.953064,-75.205558,'CAPT','PA','PHIL'),(57,'4100 Locust St, Philadelphia, PA 19104, USA','http://www.livecampusapts.com/Common/website_templates/_common/display_type/responsive/img/transparent.png',3,2,985.00,'USD',1,'http://www.livecampusapts.com/philadelphia/ca-4100-locust-street',39.953064,-75.205558,'CAPT','PA','PHIL'),(58,'4100 Locust St, Philadelphia, PA 19104, USA','http://www.livecampusapts.com/Common/website_templates/_common/display_type/responsive/img/transparent.png',7,2,985.00,'USD',1,'http://www.livecampusapts.com/philadelphia/ca-4100-locust-street',39.953064,-75.205558,'CAPT','PA','PHIL'),(59,'4103 Walnut St, Philadelphia, PA 19104, USA','http://www.livecampusapts.com/Common/website_templates/_common/display_type/responsive/img/transparent.png',1,1,965.00,'USD',1,'http://www.livecampusapts.com/philadelphia/ca-4103-walnut-street',39.954721,-75.20527799999999,'CAPT','PA','PHIL'),(60,'4105 Pine St, Philadelphia, PA 19104, USA','http://www.livecampusapts.com/Common/website_templates/_common/display_type/responsive/img/transparent.png',1,1,960.00,'USD',1,'http://www.livecampusapts.com/philadelphia/ca-4105-pine-street',39.9513559,-75.206209,'CAPT','PA','PHIL'),(61,'4105 Pine St, Philadelphia, PA 19104, USA','http://www.livecampusapts.com/Common/website_templates/_common/display_type/responsive/img/transparent.png',2,1,960.00,'USD',1,'http://www.livecampusapts.com/philadelphia/ca-4105-pine-street',39.9513559,-75.206209,'CAPT','PA','PHIL'),(62,'4105 Pine St, Philadelphia, PA 19104, USA','http://www.livecampusapts.com/Common/website_templates/_common/display_type/responsive/img/transparent.png',3,1,960.00,'USD',1,'http://www.livecampusapts.com/philadelphia/ca-4105-pine-street',39.9513559,-75.206209,'CAPT','PA','PHIL'),(63,'4105 Walnut St, Philadelphia, PA 19104, USA','http://www.livecampusapts.com/Common/website_templates/_common/display_type/responsive/img/transparent.png',1,1,925.00,'USD',1,'http://www.livecampusapts.com/philadelphia/ca-4105-walnut-street',39.95473399999999,-75.20537399999999,'CAPT','PA','PHIL'),(64,'4108 Spruce St, Philadelphia, PA 19104, USA','http://www.livecampusapts.com/Common/website_templates/_common/display_type/responsive/img/transparent.png',1,1,975.00,'USD',1,'http://www.livecampusapts.com/philadelphia/ca-4108-spruce-street',39.951835,-75.206367,'CAPT','PA','PHIL'),(65,'4108 Spruce St, Philadelphia, PA 19104, USA','http://www.livecampusapts.com/Common/website_templates/_common/display_type/responsive/img/transparent.png',2,1,975.00,'USD',1,'http://www.livecampusapts.com/philadelphia/ca-4108-spruce-street',39.951835,-75.206367,'CAPT','PA','PHIL'),(66,'4108 Spruce St, Philadelphia, PA 19104, USA','http://www.livecampusapts.com/Common/website_templates/_common/display_type/responsive/img/transparent.png',5,2,975.00,'USD',1,'http://www.livecampusapts.com/philadelphia/ca-4108-spruce-street',39.951835,-75.206367,'CAPT','PA','PHIL'),(67,'4113 Walnut St, Philadelphia, PA 19104, USA','http://www.livecampusapts.com/Common/website_templates/_common/display_type/responsive/img/transparent.png',1,1,1005.00,'USD',1,'http://www.livecampusapts.com/philadelphia/ca-4113-walnut-street',39.954806,-75.205947,'CAPT','PA','PHIL'),(68,'4113 Walnut St, Philadelphia, PA 19104, USA','http://www.livecampusapts.com/Common/website_templates/_common/display_type/responsive/img/transparent.png',2,2,1005.00,'USD',1,'http://www.livecampusapts.com/philadelphia/ca-4113-walnut-street',39.954806,-75.205947,'CAPT','PA','PHIL'),(69,'4115 Walnut St, Philadelphia, PA 19104, USA','http://www.livecampusapts.com/Common/website_templates/_common/display_type/responsive/img/transparent.png',1,1,1005.00,'USD',1,'http://www.livecampusapts.com/philadelphia/ca-4115-walnut-street',39.954817,-75.20603299999999,'CAPT','PA','PHIL'),(70,'4115 Walnut St, Philadelphia, PA 19104, USA','http://www.livecampusapts.com/Common/website_templates/_common/display_type/responsive/img/transparent.png',2,2,1005.00,'USD',1,'http://www.livecampusapts.com/philadelphia/ca-4115-walnut-street',39.954817,-75.20603299999999,'CAPT','PA','PHIL'),(71,'4117 Walnut St, Philadelphia, PA 19104, USA','http://www.livecampusapts.com/Common/website_templates/_common/display_type/responsive/img/transparent.png',1,1,1005.00,'USD',1,'http://www.livecampusapts.com/philadelphia/ca-4117-walnut-street',39.954828,-75.206121,'CAPT','PA','PHIL'),(72,'4117 Walnut St, Philadelphia, PA 19104, USA','http://www.livecampusapts.com/Common/website_templates/_common/display_type/responsive/img/transparent.png',2,2,1005.00,'USD',1,'http://www.livecampusapts.com/philadelphia/ca-4117-walnut-street',39.954828,-75.206121,'CAPT','PA','PHIL'),(73,'4135 Ridge Ave, Philadelphia, PA 19129, USA','http://www.livecampusapts.com/Common/website_templates/_common/display_type/responsive/img/transparent.png',1,1,922.00,'USD',1,'http://www.livecampusapts.com/philadelphia/ca-4135-ridge-avenue',40.0081128,-75.1918886,'CAPT','PA','PHIL'),(74,'4135 Ridge Ave, Philadelphia, PA 19129, USA','http://www.livecampusapts.com/Common/website_templates/_common/display_type/responsive/img/transparent.png',2,1,922.00,'USD',1,'http://www.livecampusapts.com/philadelphia/ca-4135-ridge-avenue',40.0081128,-75.1918886,'CAPT','PA','PHIL'),(75,'4147 Ridge Ave, Philadelphia, PA 19129, USA','http://www.livecampusapts.com/Common/website_templates/_common/display_type/responsive/img/transparent.png',1,1,922.00,'USD',1,'http://www.livecampusapts.com/philadelphia/ca-4147-ridge-avenue',40.00824009999999,-75.19226479999999,'CAPT','PA','PHIL'),(76,'4147 Ridge Ave, Philadelphia, PA 19129, USA','http://www.livecampusapts.com/Common/website_templates/_common/display_type/responsive/img/transparent.png',2,1,922.00,'USD',1,'http://www.livecampusapts.com/philadelphia/ca-4147-ridge-avenue',40.00824009999999,-75.19226479999999,'CAPT','PA','PHIL'),(77,'4149 Ridge Ave, Philadelphia, PA 19129, USA','http://www.livecampusapts.com/Common/website_templates/_common/display_type/responsive/img/transparent.png',1,1,922.00,'USD',1,'http://www.livecampusapts.com/philadelphia/ca-4149-ridge-avenue',40.0081362,-75.1923908,'CAPT','PA','PHIL'),(78,'4149 Ridge Ave, Philadelphia, PA 19129, USA','http://www.livecampusapts.com/Common/website_templates/_common/display_type/responsive/img/transparent.png',2,1,922.00,'USD',1,'http://www.livecampusapts.com/philadelphia/ca-4149-ridge-avenue',40.0081362,-75.1923908,'CAPT','PA','PHIL'),(79,'4151 Ridge Ave, Philadelphia, PA 19129, USA','http://www.livecampusapts.com/Common/website_templates/_common/display_type/responsive/img/transparent.png',1,1,922.00,'USD',1,'http://www.livecampusapts.com/philadelphia/ca-4151-ridge-avenue',40.008155,-75.1924652,'CAPT','PA','PHIL'),(80,'4151 Ridge Ave, Philadelphia, PA 19129, USA','http://www.livecampusapts.com/Common/website_templates/_common/display_type/responsive/img/transparent.png',2,1,922.00,'USD',1,'http://www.livecampusapts.com/philadelphia/ca-4151-ridge-avenue',40.008155,-75.1924652,'CAPT','PA','PHIL'),(81,'4153 Ridge Ave, Philadelphia, PA 19129, USA','http://www.livecampusapts.com/Common/website_templates/_common/display_type/responsive/img/transparent.png',2,1,1004.00,'USD',1,'http://www.livecampusapts.com/philadelphia/ca-4153-ridge-avenue',40.0082657,-75.1925013,'CAPT','PA','PHIL'),(82,'4163 Ridge Ave, Philadelphia, PA 19129, USA','http://www.livecampusapts.com/Common/website_templates/_common/display_type/responsive/img/transparent.png',2,1,1004.00,'USD',1,'http://www.livecampusapts.com/philadelphia/ca-4163-ridge-avenue',40.0082731,-75.1929315,'CAPT','PA','PHIL'),(83,'4200 Spruce St, Philadelphia, PA 19104, USA','http://www.livecampusapts.com/Common/website_templates/_common/display_type/responsive/img/transparent.png',1,1,835.00,'USD',1,'http://www.livecampusapts.com/philadelphia/ca-4200-spruce-street',39.9519999,-75.2072179,'CAPT','PA','PHIL'),(84,'4200 Spruce St, Philadelphia, PA 19104, USA','http://www.livecampusapts.com/Common/website_templates/_common/display_type/responsive/img/transparent.png',2,1,835.00,'USD',1,'http://www.livecampusapts.com/philadelphia/ca-4200-spruce-street',39.9519999,-75.2072179,'CAPT','PA','PHIL'),(85,'4200 Walnut St, Philadelphia, PA 19104, USA','http://www.livecampusapts.com/Common/website_templates/_common/display_type/responsive/img/transparent.png',1,1,1005.00,'USD',1,'http://www.livecampusapts.com/philadelphia/ca-4200-walnut-street',39.954334,-75.206705,'CAPT','PA','PHIL'),(86,'4200 Walnut St, Philadelphia, PA 19104, USA','http://www.livecampusapts.com/Common/website_templates/_common/display_type/responsive/img/transparent.png',2,1,1005.00,'USD',1,'http://www.livecampusapts.com/philadelphia/ca-4200-walnut-street',39.954334,-75.206705,'CAPT','PA','PHIL'),(87,'4208 Walnut St, Philadelphia, PA 19104, USA','http://www.livecampusapts.com/Common/website_templates/_common/display_type/responsive/img/transparent.png',1,1,995.00,'USD',1,'http://www.livecampusapts.com/philadelphia/ca-4208-walnut-street',39.95438,-75.207061,'CAPT','PA','PHIL'),(88,'4212 Walnut St, Philadelphia, PA 19104, USA','http://www.livecampusapts.com/Common/website_templates/_common/display_type/responsive/img/transparent.png',1,1,945.00,'USD',1,'http://www.livecampusapts.com/philadelphia/ca-4212-walnut-street',39.954401,-75.20723199999999,'CAPT','PA','PHIL'),(89,'4212 Walnut St, Philadelphia, PA 19104, USA','http://www.livecampusapts.com/Common/website_templates/_common/display_type/responsive/img/transparent.png',3,3,945.00,'USD',1,'http://www.livecampusapts.com/philadelphia/ca-4212-walnut-street',39.954401,-75.20723199999999,'CAPT','PA','PHIL'),(90,'4214 Walnut St, Philadelphia, PA 19104, USA','http://www.livecampusapts.com/Common/website_templates/_common/display_type/responsive/img/transparent.png',1,1,925.00,'USD',1,'http://www.livecampusapts.com/philadelphia/ca-4214-walnut-street',39.954412,-75.207319,'CAPT','PA','PHIL'),(91,'4216 Walnut St, Philadelphia, PA 19104, USA','http://www.livecampusapts.com/Common/website_templates/_common/display_type/responsive/img/transparent.png',1,1,925.00,'USD',1,'http://www.livecampusapts.com/philadelphia/ca-4216-walnut-street',39.954422,-75.207402,'CAPT','PA','PHIL'),(92,'4218 Walnut St, Philadelphia, PA 19104, USA','http://www.livecampusapts.com/Common/website_templates/_common/display_type/responsive/img/transparent.png',1,1,995.00,'USD',1,'http://www.livecampusapts.com/philadelphia/ca-4218-walnut-street',39.954432,-75.207482,'CAPT','PA','PHIL'),(93,'4218 Walnut St, Philadelphia, PA 19104, USA','http://www.livecampusapts.com/Common/website_templates/_common/display_type/responsive/img/transparent.png',2,2,995.00,'USD',1,'http://www.livecampusapts.com/philadelphia/ca-4218-walnut-street',39.954432,-75.207482,'CAPT','PA','PHIL'),(94,'4400 Spruce St, Philadelphia, PA 19104, USA','http://www.livecampusapts.com/Common/website_templates/_common/display_type/responsive/img/transparent.png',1,1,845.00,'USD',1,'http://www.livecampusapts.com/philadelphia/ca-4400-spruce-street',39.9523257,-75.2110761,'CAPT','PA','PHIL'),(95,'4400 Spruce St, Philadelphia, PA 19104, USA','http://www.livecampusapts.com/Common/website_templates/_common/display_type/responsive/img/transparent.png',2,1,845.00,'USD',1,'http://www.livecampusapts.com/philadelphia/ca-4400-spruce-street',39.9523257,-75.2110761,'CAPT','PA','PHIL'),(96,'4400 Spruce St, Philadelphia, PA 19104, USA','http://www.livecampusapts.com/Common/website_templates/_common/display_type/responsive/img/transparent.png',3,1,845.00,'USD',1,'http://www.livecampusapts.com/philadelphia/ca-4400-spruce-street',39.9523257,-75.2110761,'CAPT','PA','PHIL'),(97,'4400 Spruce St, Philadelphia, PA 19104, USA','http://www.livecampusapts.com/Common/website_templates/_common/display_type/responsive/img/transparent.png',4,2,845.00,'USD',1,'http://www.livecampusapts.com/philadelphia/ca-4400-spruce-street',39.9523257,-75.2110761,'CAPT','PA','PHIL'),(98,'4401 Spruce St, Philadelphia, PA 19104, USA','http://www.livecampusapts.com/Common/website_templates/_common/display_type/responsive/img/transparent.png',1,1,915.00,'USD',1,'http://www.livecampusapts.com/philadelphia/ca-4401-spruce-street',39.9529655,-75.21074469999999,'CAPT','PA','PHIL'),(99,'4401 Spruce St, Philadelphia, PA 19104, USA','http://www.livecampusapts.com/Common/website_templates/_common/display_type/responsive/img/transparent.png',2,1,915.00,'USD',1,'http://www.livecampusapts.com/philadelphia/ca-4401-spruce-street',39.9529655,-75.21074469999999,'CAPT','PA','PHIL'),(100,'4410 Pine St, Philadelphia, PA 19104, USA','http://www.livecampusapts.com/Common/website_templates/_common/display_type/responsive/img/transparent.png',1,1,895.00,'USD',1,'http://www.livecampusapts.com/philadelphia/ca-4410-pine-street',39.951462,-75.211428,'CAPT','PA','PHIL'),(101,'4410 Pine St, Philadelphia, PA 19104, USA','http://www.livecampusapts.com/Common/website_templates/_common/display_type/responsive/img/transparent.png',2,1,895.00,'USD',1,'http://www.livecampusapts.com/philadelphia/ca-4410-pine-street',39.951462,-75.211428,'CAPT','PA','PHIL'),(102,'4415 Spruce St, Philadelphia, PA 19104, USA','http://www.livecampusapts.com/Common/website_templates/_common/display_type/responsive/img/transparent.png',1,1,1065.00,'USD',1,'http://www.livecampusapts.com/philadelphia/ca-4415-spruce-street',39.9528873,-75.2111352,'CAPT','PA','PHIL'),(103,'4415 Spruce St, Philadelphia, PA 19104, USA','http://www.livecampusapts.com/Common/website_templates/_common/display_type/responsive/img/transparent.png',2,1,1065.00,'USD',1,'http://www.livecampusapts.com/philadelphia/ca-4415-spruce-street',39.9528873,-75.2111352,'CAPT','PA','PHIL'),(104,'4417 Spruce St, Philadelphia, PA 19104, USA','http://www.livecampusapts.com/Common/website_templates/_common/display_type/responsive/img/transparent.png',1,1,1065.00,'USD',1,'http://www.livecampusapts.com/philadelphia/ca-4417-spruce-street',39.9530416,-75.2112683,'CAPT','PA','PHIL'),(105,'4418 Spruce St, Philadelphia, PA 19104, USA','http://www.livecampusapts.com/Common/website_templates/_common/display_type/responsive/img/transparent.png',1,1,1195.00,'USD',1,'http://www.livecampusapts.com/philadelphia/ca-4418-spruce-street',39.9523719,-75.2117899,'CAPT','PA','PHIL'),(106,'4418 Spruce St, Philadelphia, PA 19104, USA','http://www.livecampusapts.com/Common/website_templates/_common/display_type/responsive/img/transparent.png',2,1,1195.00,'USD',1,'http://www.livecampusapts.com/philadelphia/ca-4418-spruce-street',39.9523719,-75.2117899,'CAPT','PA','PHIL'),(107,'4418 Spruce St, Philadelphia, PA 19104, USA','http://www.livecampusapts.com/Common/website_templates/_common/display_type/responsive/img/transparent.png',3,1,1195.00,'USD',1,'http://www.livecampusapts.com/philadelphia/ca-4418-spruce-street',39.9523719,-75.2117899,'CAPT','PA','PHIL'),(108,'4418 Spruce St, Philadelphia, PA 19104, USA','http://www.livecampusapts.com/Common/website_templates/_common/display_type/responsive/img/transparent.png',3,2,1195.00,'USD',1,'http://www.livecampusapts.com/philadelphia/ca-4418-spruce-street',39.9523719,-75.2117899,'CAPT','PA','PHIL'),(109,'4720 Pine St, Philadelphia, PA 19143, USA','http://www.livecampusapts.com/Common/website_templates/_common/display_type/responsive/img/transparent.png',1,1,835.00,'USD',1,'http://www.livecampusapts.com/philadelphia/ca-4720-pine-street',39.95218200000001,-75.217196,'CAPT','PA','PHIL'),(110,'4730 Pine St, Philadelphia, PA 19143, USA','http://www.livecampusapts.com/Common/website_templates/_common/display_type/responsive/img/transparent.png',1,1,995.00,'USD',1,'http://www.livecampusapts.com/philadelphia/ca-4730-pine-street',39.952213,-75.217451,'CAPT','PA','PHIL'),(111,'4730 Pine St, Philadelphia, PA 19143, USA','http://www.livecampusapts.com/Common/website_templates/_common/display_type/responsive/img/transparent.png',2,1,995.00,'USD',1,'http://www.livecampusapts.com/philadelphia/ca-4730-pine-street',39.952213,-75.217451,'CAPT','PA','PHIL'),(112,'4740 Pine St, Philadelphia, PA 19143, USA','http://www.livecampusapts.com/Common/website_templates/_common/display_type/responsive/img/transparent.png',1,1,835.00,'USD',1,'http://www.livecampusapts.com/philadelphia/ca-4740-pine-street',39.952243,-75.217698,'CAPT','PA','PHIL'),(113,'305 S 40th St, Philadelphia, PA 19104, USA','http://www.livecampusapts.com/Common/website_templates/_common/display_type/responsive/img/transparent.png',1,1,765.00,'USD',1,'http://www.livecampusapts.com/philadelphia/ca-pine-arms-associates',39.9508646,-75.203037,'CAPT','PA','PHIL'),(114,'305 S 40th St, Philadelphia, PA 19104, USA','http://www.livecampusapts.com/Common/website_templates/_common/display_type/responsive/img/transparent.png',2,1,765.00,'USD',1,'http://www.livecampusapts.com/philadelphia/ca-pine-arms-associates',39.9508646,-75.203037,'CAPT','PA','PHIL'),(115,'305 S 40th St, Philadelphia, PA 19104, USA','http://www.livecampusapts.com/Common/website_templates/_common/display_type/responsive/img/transparent.png',2,2,765.00,'USD',1,'http://www.livecampusapts.com/philadelphia/ca-pine-arms-associates',39.9508646,-75.203037,'CAPT','PA','PHIL'),(116,'450 N 18th St, Philadelphia, PA 19130, USA','https://images1.apartments.com/si2/9EPtjjfbjVg48oc_TL58mMDPaY-Ph6HujW-fFDvTq90TxJVu9BPEQjRU1CT9W4lx/117/image.jpg',1,1,1210.00,'USD',1,'https://www.apartments.com/northxnorthwest-northwest-tower-philadelphia-pa/3q4dq5e/',39.9614187,-75.1682153,'APT','PA','PHIL'),(117,'450 N 18th St, Philadelphia, PA 19130, USA','https://images1.apartments.com/si2/9EPtjjfbjVg48oc_TL58mMDPaY-Ph6HujW-fFDvTq90TxJVu9BPEQjRU1CT9W4lx/117/image.jpg',2,2,4245.00,'USD',1,'https://www.apartments.com/northxnorthwest-northwest-tower-philadelphia-pa/3q4dq5e/',39.9614187,-75.1682153,'APT','PA','PHIL'),(118,'6100 City Ave, Philadelphia, PA 19131, USA','https://images1.apartments.com/i2/F6FXiU5PANna8fMsN6cgnrYrdUNjLksfYMMlgAI86xw/117/the-point-at-city-line-philadelphia-pa-building-photo.jpg',1,1,1397.00,'USD',1,'https://www.apartments.com/the-point-at-city-line-philadelphia-pa/nqv8lbn/',39.9904653,-75.24841219999999,'APT','PA','PHIL'),(119,'6100 City Ave, Philadelphia, PA 19131, USA','https://images1.apartments.com/i2/F6FXiU5PANna8fMsN6cgnrYrdUNjLksfYMMlgAI86xw/117/the-point-at-city-line-philadelphia-pa-building-photo.jpg',3,3,3098.00,'USD',1,'https://www.apartments.com/the-point-at-city-line-philadelphia-pa/nqv8lbn/',39.9904653,-75.24841219999999,'APT','PA','PHIL'),(120,'1200 Washington Ave, Philadelphia, PA 19147, USA','https://images1.apartments.com/i2/XkxtExwBpfPt64wOfp6ESH5jslIgg6N-GcYu_-QtVsA/117/1200-washington-philadelphia-pa-primary-photo.jpg',1,1,1365.00,'USD',1,'https://www.apartments.com/1200-washington-philadelphia-pa/3r6jt4d/',39.937108,-75.163352,'APT','PA','PHIL'),(121,'1200 Washington Ave, Philadelphia, PA 19147, USA','https://images1.apartments.com/i2/XkxtExwBpfPt64wOfp6ESH5jslIgg6N-GcYu_-QtVsA/117/1200-washington-philadelphia-pa-primary-photo.jpg',2,2,2163.00,'USD',1,'https://www.apartments.com/1200-washington-philadelphia-pa/3r6jt4d/',39.937108,-75.163352,'APT','PA','PHIL'),(122,'7900 Lindbergh Blvd, Philadelphia, PA 19153, USA','https://images1.apartments.com/i2/y0GGVx2KVFGkEwhjzOQlDMKR8Mxx7B1ArgTn5K_Gpqc/117/korman-residential-at-international-city-m-philadelphia-pa-building-photo.jpg',1,1,915.00,'USD',1,'https://www.apartments.com/korman-residential-at-international-city-m-philadelphia-pa/bwm4rj9/',39.901988,-75.24569559999999,'APT','PA','PHIL'),(123,'7900 Lindbergh Blvd, Philadelphia, PA 19153, USA','https://images1.apartments.com/i2/y0GGVx2KVFGkEwhjzOQlDMKR8Mxx7B1ArgTn5K_Gpqc/117/korman-residential-at-international-city-m-philadelphia-pa-building-photo.jpg',2,2,1290.00,'USD',1,'https://www.apartments.com/korman-residential-at-international-city-m-philadelphia-pa/bwm4rj9/',39.901988,-75.24569559999999,'APT','PA','PHIL'),(124,'205 Race St, Philadelphia, PA 19106, USA','https://images1.apartments.com/i2/48Y2bvYRBJCnllqERWDYCVIuOVmSW70HAiHh4vJazkM/117/bridge-on-race-philadelphia-pa-building-photo.jpg',1,1,1765.00,'USD',1,'https://www.apartments.com/bridge-on-race-philadelphia-pa/xxf2e4n/',39.9539294,-75.1432262,'APT','PA','PHIL'),(125,'205 Race St, Philadelphia, PA 19106, USA','https://images1.apartments.com/i2/48Y2bvYRBJCnllqERWDYCVIuOVmSW70HAiHh4vJazkM/117/bridge-on-race-philadelphia-pa-building-photo.jpg',2,2,4960.00,'USD',1,'https://www.apartments.com/bridge-on-race-philadelphia-pa/xxf2e4n/',39.9539294,-75.1432262,'APT','PA','PHIL'),(126,'1901 Callowhill St, Philadelphia, PA 19130, USA','https://images1.apartments.com/i2/vIYNW6xHVy42IQc2m5wO1kW7PfqgMAIAUpQhnh9DyMM/117/the-granary-philadelphia-pa-building-photo.jpg',1,1,2040.00,'USD',1,'https://www.apartments.com/the-granary-philadelphia-pa/w082d3k/',39.9609219,-75.1706494,'APT','PA','PHIL'),(127,'1901 Callowhill St, Philadelphia, PA 19130, USA','https://images1.apartments.com/i2/vIYNW6xHVy42IQc2m5wO1kW7PfqgMAIAUpQhnh9DyMM/117/the-granary-philadelphia-pa-building-photo.jpg',3,3,6550.00,'USD',1,'https://www.apartments.com/the-granary-philadelphia-pa/w082d3k/',39.9609219,-75.1706494,'APT','PA','PHIL'),(128,'2991 W School House Ln, Philadelphia, PA 19144, USA','https://images1.apartments.com/i2/mofI7qrWuzlAcNUnF3oc2m_oT_HdQ-j6OY_1MDeL9d4/117/falls-village-philadelphia-pa-exterio.jpg',1,1,1225.00,'USD',1,'https://www.apartments.com/falls-village-philadelphia-pa/bpbz8k9/',40.0254612,-75.1863664,'APT','PA','PHIL'),(129,'2991 W School House Ln, Philadelphia, PA 19144, USA','https://images1.apartments.com/i2/mofI7qrWuzlAcNUnF3oc2m_oT_HdQ-j6OY_1MDeL9d4/117/falls-village-philadelphia-pa-exterio.jpg',3,3,1927.00,'USD',1,'https://www.apartments.com/falls-village-philadelphia-pa/bpbz8k9/',40.0254612,-75.1863664,'APT','PA','PHIL'),(130,'1515 Chestnut St, Philadelphia, PA 19102, USA','https://images1.apartments.com/i2/vujj-HdTHeIEjZyfXjfSirJfp0Fs3Fx8dUTlbWsaGqI/117/avenir-philadelphia-pa-building-photo.jpg',1,1,1333.00,'USD',1,'https://www.apartments.com/avenir-philadelphia-pa/bcvk2n8/',39.9512536,-75.1661282,'APT','PA','PHIL'),(131,'1515 Chestnut St, Philadelphia, PA 19102, USA','https://images1.apartments.com/i2/vujj-HdTHeIEjZyfXjfSirJfp0Fs3Fx8dUTlbWsaGqI/117/avenir-philadelphia-pa-building-photo.jpg',2,2,2753.00,'USD',1,'https://www.apartments.com/avenir-philadelphia-pa/bcvk2n8/',39.9512536,-75.1661282,'APT','PA','PHIL'),(132,'3801 Conshohocken Ave, Philadelphia, PA 19131, USA','https://images1.apartments.com/i2/CaBTPrvYTFRtt9xRcmGnoouUEr-VZG0vX-nI6npRdTs/117/imperial-towers-philadelphia-pa-building-photo.jpg',1,1,780.00,'USD',1,'https://www.apartments.com/imperial-towers-philadelphia-pa/z5m8jhw/',40.0037758,-75.2057263,'APT','PA','PHIL'),(133,'3801 Conshohocken Ave, Philadelphia, PA 19131, USA','https://images1.apartments.com/i2/CaBTPrvYTFRtt9xRcmGnoouUEr-VZG0vX-nI6npRdTs/117/imperial-towers-philadelphia-pa-building-photo.jpg',2,2,1445.00,'USD',1,'https://www.apartments.com/imperial-towers-philadelphia-pa/z5m8jhw/',40.0037758,-75.2057263,'APT','PA','PHIL'),(134,'200 W Washington Square, Philadelphia, PA 19106, USA','https://images1.apartments.com/i2/kGwd14bHsd2W7zhSZDEQT1K2_nsArRYimRCaiTm7Sho/117/the-st-james---residential-philadelphia-pa-exterior.jpg',1,1,1404.00,'USD',1,'https://www.apartments.com/the-st-james-residential-philadelphia-pa/4mdeq1h/',39.94780009999999,-75.153795,'APT','PA','PHIL'),(135,'200 W Washington Square, Philadelphia, PA 19106, USA','https://images1.apartments.com/i2/kGwd14bHsd2W7zhSZDEQT1K2_nsArRYimRCaiTm7Sho/117/the-st-james---residential-philadelphia-pa-exterior.jpg',3,3,6447.00,'USD',1,'https://www.apartments.com/the-st-james-residential-philadelphia-pa/4mdeq1h/',39.94780009999999,-75.153795,'APT','PA','PHIL'),(136,'1616 Walnut St, Philadelphia, PA 19103, USA','https://images1.apartments.com/i2/ehjaZixrGdn3sKgE2Bk4rTqOvn-MMHFVT4dM7RQaQyg/117/icon-philadelphia-pa-sky-deck-with-360-view-includes-grilling.jpg',1,1,1445.00,'USD',3,'https://www.apartments.com/icon-philadelphia-pa/6d31ljs/',39.9495926,-75.16852,'APT','PA','PHIL'),(137,'1616 Walnut St, Philadelphia, PA 19103, USA','https://images1.apartments.com/i2/ehjaZixrGdn3sKgE2Bk4rTqOvn-MMHFVT4dM7RQaQyg/117/icon-philadelphia-pa-sky-deck-with-360-view-includes-grilling.jpg',3,3,6074.00,'USD',3,'https://www.apartments.com/icon-philadelphia-pa/6d31ljs/',39.9495926,-75.16852,'APT','PA','PHIL'),(138,'5500 Wissahickon Ave, Philadelphia, PA 19144, USA','https://images1.apartments.com/i2/vOponvEsPj-wIQpSbqp99pwMnRWK4cqqbjeComrl0OU/117/alden-park-philadelphia-pa-building-photo.jpg',1,1,855.00,'USD',1,'https://www.apartments.com/alden-park-philadelphia-pa/83f95m3/',40.0270725,-75.184185,'APT','PA','PHIL'),(139,'5500 Wissahickon Ave, Philadelphia, PA 19144, USA','https://images1.apartments.com/i2/vOponvEsPj-wIQpSbqp99pwMnRWK4cqqbjeComrl0OU/117/alden-park-philadelphia-pa-building-photo.jpg',4,4,3580.00,'USD',1,'https://www.apartments.com/alden-park-philadelphia-pa/83f95m3/',40.0270725,-75.184185,'APT','PA','PHIL'),(140,'10825 Keswick Rd, Philadelphia, PA 19154, USA','https://images1.apartments.com/i2/igvp1H7cMMwFpE20pr_FO2Fi_z88h0oEC-1-CY8fx6A/117/rushwood-apartments-philadelphia-pa-building-photo.jpg',1,1,824.00,'USD',4,'https://www.apartments.com/rushwood-apartments-philadelphia-pa/g8qsrgz/',40.0779875,-74.98464799999999,'APT','PA','PHIL'),(141,'10825 Keswick Rd, Philadelphia, PA 19154, USA','https://images1.apartments.com/i2/igvp1H7cMMwFpE20pr_FO2Fi_z88h0oEC-1-CY8fx6A/117/rushwood-apartments-philadelphia-pa-building-photo.jpg',2,2,1240.00,'USD',4,'https://www.apartments.com/rushwood-apartments-philadelphia-pa/g8qsrgz/',40.0779875,-74.98464799999999,'APT','PA','PHIL'),(142,'2600 Welsh Rd, Philadelphia, PA 19152, USA','https://images1.apartments.com/i2/7rjlwMhq-UIn122YzXcGktPvHA4TgoaMKcJt99ejj2g/117/winchester-walk-philadelphia-pa-building-photo.jpg',1,1,770.00,'USD',1,'https://www.apartments.com/winchester-walk-philadelphia-pa/c7hcw7g/',40.0711076,-75.03255469999999,'APT','PA','PHIL'),(143,'2600 Welsh Rd, Philadelphia, PA 19152, USA','https://images1.apartments.com/i2/7rjlwMhq-UIn122YzXcGktPvHA4TgoaMKcJt99ejj2g/117/winchester-walk-philadelphia-pa-building-photo.jpg',2,2,2400.00,'USD',1,'https://www.apartments.com/winchester-walk-philadelphia-pa/c7hcw7g/',40.0711076,-75.03255469999999,'APT','PA','PHIL'),(144,'3601 Market St, Philadelphia, PA 19104, USA','https://images1.apartments.com/i2/B5FnMjlzAFjYKFLiidrDdZA-3yO8G1U6DJ4kVSDOnM0/117/3601-market-philadelphia-pa-kitchen-and-living-area.jpg',1,1,1824.00,'USD',1,'https://www.apartments.com/3601-market-philadelphia-pa/yl2tbxt/',39.9567369,-75.195262,'APT','PA','PHIL'),(145,'3601 Market St, Philadelphia, PA 19104, USA','https://images1.apartments.com/i2/B5FnMjlzAFjYKFLiidrDdZA-3yO8G1U6DJ4kVSDOnM0/117/3601-market-philadelphia-pa-kitchen-and-living-area.jpg',2,2,4766.00,'USD',1,'https://www.apartments.com/3601-market-philadelphia-pa/yl2tbxt/',39.9567369,-75.195262,'APT','PA','PHIL'),(146,'1919 Market St, Philadelphia, PA 19103, USA','https://images1.apartments.com/i2/nWvvlbNb220Slq3fdu317ez68KYhME-WzWbsEMqzs1c/117/1919-market-st-philadelphia-pa-building-photo.jpg',1,1,1675.00,'USD',1,'https://www.apartments.com/1919-market-st-philadelphia-pa/z6xq6wz/',39.95388639999999,-75.17266149999999,'APT','PA','PHIL'),(147,'1919 Market St, Philadelphia, PA 19103, USA','https://images1.apartments.com/i2/nWvvlbNb220Slq3fdu317ez68KYhME-WzWbsEMqzs1c/117/1919-market-st-philadelphia-pa-building-photo.jpg',2,2,5025.00,'USD',1,'https://www.apartments.com/1919-market-st-philadelphia-pa/z6xq6wz/',39.95388639999999,-75.17266149999999,'APT','PA','PHIL'),(148,'322 N Broad St, Philadelphia, PA 19107, USA','https://images1.apartments.com/i2/LSGWyDb4WHTcH7nt5h-hV3BRy-M3mS-raw4jHvX8eds/117/hanover-north-broad-philadelphia-pa-building-photo.jpg',1,1,1655.00,'USD',1,'https://www.apartments.com/hanover-north-broad-philadelphia-pa/540bw8m/',39.9594644,-75.1630618,'APT','PA','PHIL'),(149,'322 N Broad St, Philadelphia, PA 19107, USA','https://images1.apartments.com/i2/LSGWyDb4WHTcH7nt5h-hV3BRy-M3mS-raw4jHvX8eds/117/hanover-north-broad-philadelphia-pa-building-photo.jpg',3,3,4337.00,'USD',1,'https://www.apartments.com/hanover-north-broad-philadelphia-pa/540bw8m/',39.9594644,-75.1630618,'APT','PA','PHIL'),(150,'3411 Chestnut St, Philadelphia, PA 19104, USA','https://images1.apartments.com/i2/0vfwcN12I4yn5Ao4LzRD5V7TAyjDn6LgMgAcxKq5r6Y/117/domus-philadelphia-pa-building-photo.jpg',1,1,2467.00,'USD',1,'https://www.apartments.com/domus-philadelphia-pa/mrvbv0l/',39.9548791,-75.1927003,'APT','PA','PHIL'),(151,'3411 Chestnut St, Philadelphia, PA 19104, USA','https://images1.apartments.com/i2/0vfwcN12I4yn5Ao4LzRD5V7TAyjDn6LgMgAcxKq5r6Y/117/domus-philadelphia-pa-building-photo.jpg',3,3,18058.00,'USD',1,'https://www.apartments.com/domus-philadelphia-pa/mrvbv0l/',39.9548791,-75.1927003,'APT','PA','PHIL'),(152,'2929 Walnut St, Philadelphia, PA 19104, USA','https://images1.apartments.com/i2/yxG-pzD9L-9Yv00Y9rmM3v4S2MWwn5dTRkKVAQ-_xt8/117/aka-university-city-at-cira-centre-south-philadelphia-pa-building-photo.jpg',1,1,2250.00,'USD',1,'https://www.apartments.com/aka-university-city-at-cira-centre-south-philadelphia-pa/5r4q7dn/',39.95167989999999,-75.182968,'APT','PA','PHIL'),(153,'2929 Walnut St, Philadelphia, PA 19104, USA','https://images1.apartments.com/i2/yxG-pzD9L-9Yv00Y9rmM3v4S2MWwn5dTRkKVAQ-_xt8/117/aka-university-city-at-cira-centre-south-philadelphia-pa-building-photo.jpg',2,2,6200.00,'USD',1,'https://www.apartments.com/aka-university-city-at-cira-centre-south-philadelphia-pa/5r4q7dn/',39.95167989999999,-75.182968,'APT','PA','PHIL'),(154,'1001 N 2nd St, Philadelphia, PA 19123, USA','https://images1.apartments.com/i2/D1dc7T1qmvIn7f7azD-EjiR2SXsin4KUg166SUFsf7k/117/the-piazza-at-schmidts-commons-philadelphia-pa-piazza-courtyard.jpg',1,1,600.00,'USD',1,'https://www.apartments.com/the-piazza-at-schmidts-commons-philadelphia-pa/pslb7ts/',39.9665611,-75.1399345,'APT','PA','PHIL'),(155,'1001 N 2nd St, Philadelphia, PA 19123, USA','https://images1.apartments.com/i2/D1dc7T1qmvIn7f7azD-EjiR2SXsin4KUg166SUFsf7k/117/the-piazza-at-schmidts-commons-philadelphia-pa-piazza-courtyard.jpg',3,3,2900.00,'USD',1,'https://www.apartments.com/the-piazza-at-schmidts-commons-philadelphia-pa/pslb7ts/',39.9665611,-75.1399345,'APT','PA','PHIL'),(156,'1340 Stewarts Way, Philadelphia, PA 19154, USA','https://images1.apartments.com/i2/nQcee-c3E-iOhzFNppsM3fBAJiUcFTafMkchWNT01h8/117/northbrook-apartment-homes-philadelphia-pa-building-photo.jpg',1,1,875.00,'USD',1,'https://www.apartments.com/northbrook-apartment-homes-philadelphia-pa/9mcjb25/',40.0970792,-74.9849596,'APT','PA','PHIL'),(157,'1340 Stewarts Way, Philadelphia, PA 19154, USA','https://images1.apartments.com/i2/nQcee-c3E-iOhzFNppsM3fBAJiUcFTafMkchWNT01h8/117/northbrook-apartment-homes-philadelphia-pa-building-photo.jpg',4,4,1475.00,'USD',1,'https://www.apartments.com/northbrook-apartment-homes-philadelphia-pa/9mcjb25/',40.0970792,-74.9849596,'APT','PA','PHIL'),(158,'633 W Rittenhouse St, Philadelphia, PA 19144, USA','https://images1.apartments.com/i2/liWJsfab0Po3ekbqGz04x28tuoa_YFMotwjEjPfGzvM/117/rittenhouse-hill-philadelphia-pa-building-photo.jpg',1,1,1095.00,'USD',1,'https://www.apartments.com/rittenhouse-hill-philadelphia-pa/zktw8dw/',40.0311095,-75.1850919,'APT','PA','PHIL'),(159,'633 W Rittenhouse St, Philadelphia, PA 19144, USA','https://images1.apartments.com/i2/liWJsfab0Po3ekbqGz04x28tuoa_YFMotwjEjPfGzvM/117/rittenhouse-hill-philadelphia-pa-building-photo.jpg',2,2,1945.00,'USD',1,'https://www.apartments.com/rittenhouse-hill-philadelphia-pa/zktw8dw/',40.0311095,-75.1850919,'APT','PA','PHIL'),(160,'3900 City Ave, Philadelphia, PA 19131, USA','https://images1.apartments.com/i2/RtDK3691liqL_W0CF-N_JZ9Dm2MM-sz1egr4vPUi1lM/117/madison-at-presidential-city-philadelphia-pa-3-bedroom-living-room.jpg',1,1,1315.00,'USD',1,'https://www.apartments.com/madison-at-presidential-city-philadelphia-pa/ry3jv13/',40.0081814,-75.20956129999999,'APT','PA','PHIL'),(161,'3900 City Ave, Philadelphia, PA 19131, USA','https://images1.apartments.com/i2/RtDK3691liqL_W0CF-N_JZ9Dm2MM-sz1egr4vPUi1lM/117/madison-at-presidential-city-philadelphia-pa-3-bedroom-living-room.jpg',3,3,2905.00,'USD',1,'https://www.apartments.com/madison-at-presidential-city-philadelphia-pa/ry3jv13/',40.0081814,-75.20956129999999,'APT','PA','PHIL'),(162,'3900 City Ave, Philadelphia, PA 19131, USA','https://images1.apartments.com/i2/v19merpf-Vwor4CaNBzKHSxddREGLwc3q-4Mia_T4s8/117/jefferson-at-presidential-city-philadelphia-pa-2-bedroom.jpg',1,1,1130.00,'USD',1,'https://www.apartments.com/jefferson-at-presidential-city-philadelphia-pa/90t98h5/',40.0081814,-75.20956129999999,'APT','PA','PHIL'),(163,'3900 City Ave, Philadelphia, PA 19131, USA','https://images1.apartments.com/i2/v19merpf-Vwor4CaNBzKHSxddREGLwc3q-4Mia_T4s8/117/jefferson-at-presidential-city-philadelphia-pa-2-bedroom.jpg',2,2,2490.00,'USD',1,'https://www.apartments.com/jefferson-at-presidential-city-philadelphia-pa/90t98h5/',40.0081814,-75.20956129999999,'APT','PA','PHIL'),(164,'315 N 12th St, Philadelphia, PA 19107, USA','https://images1.apartments.com/i2/T5swClVmK37M-uNufnCS-64rSZEfvsIq3HeM2A9TA5k/117/goldtex-philadelphia-pa-building-photo.jpg',1,1,1625.00,'USD',1,'https://www.apartments.com/goldtex-philadelphia-pa/k40zgfc/',39.958172,-75.1580867,'APT','PA','PHIL'),(165,'315 N 12th St, Philadelphia, PA 19107, USA','https://images1.apartments.com/i2/T5swClVmK37M-uNufnCS-64rSZEfvsIq3HeM2A9TA5k/117/goldtex-philadelphia-pa-building-photo.jpg',3,3,3765.00,'USD',1,'https://www.apartments.com/goldtex-philadelphia-pa/k40zgfc/',39.958172,-75.1580867,'APT','PA','PHIL'),(166,'3900 Chestnut St, Philadelphia, PA 19104, USA','https://images1.apartments.com/i2/RzjooyPH-RtXjGVD1M37fdIB5C5GMbmz5KZpBGGHw9w/117/chestnut-hall-apartments-philadelphia-pa-building-photo.jpg',1,1,1045.00,'USD',2,'https://www.apartments.com/chestnut-hall-apartments-philadelphia-pa/38kt07e/',39.95493039999999,-75.2001318,'APT','PA','PHIL'),(167,'3900 Chestnut St, Philadelphia, PA 19104, USA','https://images1.apartments.com/i2/RzjooyPH-RtXjGVD1M37fdIB5C5GMbmz5KZpBGGHw9w/117/chestnut-hall-apartments-philadelphia-pa-building-photo.jpg',2,2,4876.00,'USD',2,'https://www.apartments.com/chestnut-hall-apartments-philadelphia-pa/38kt07e/',39.95493039999999,-75.2001318,'APT','PA','PHIL'),(168,'7715 Crittenden St, Philadelphia, PA 19118, USA','https://images1.apartments.com/i2/SQMs2uVWag0xXfjNUcXXxMOp9X9e22hKsPvY0_gH1V8/117/chestnut-hill-village-apartments-philadelphia-pa-building-photo.jpg',1,1,979.00,'USD',1,'https://www.apartments.com/chestnut-hill-village-apartments-philadelphia-pa/4sbjxeh/',40.0744827,-75.1935384,'APT','PA','PHIL'),(169,'7715 Crittenden St, Philadelphia, PA 19118, USA','https://images1.apartments.com/i2/SQMs2uVWag0xXfjNUcXXxMOp9X9e22hKsPvY0_gH1V8/117/chestnut-hill-village-apartments-philadelphia-pa-building-photo.jpg',3,3,5195.00,'USD',1,'https://www.apartments.com/chestnut-hill-village-apartments-philadelphia-pa/4sbjxeh/',40.0744827,-75.1935384,'APT','PA','PHIL'),(170,'2200 Benjamin Franklin Pkwy, Philadelphia, PA 19130, USA','https://images1.apartments.com/i2/39BBXptg2aDFsdryvJz7p7iWz3CZuX2NRO6I5LgKjV4/117/park-towne-place-premier-apt-homes-philadelphia-pa-building-photo.jpg',1,1,1219.00,'USD',1,'https://www.apartments.com/park-towne-place-premier-apt-homes-philadelphia-pa/hczsx91/',39.9607986,-75.1771153,'APT','PA','PHIL'),(171,'2200 Benjamin Franklin Pkwy, Philadelphia, PA 19130, USA','https://images1.apartments.com/i2/39BBXptg2aDFsdryvJz7p7iWz3CZuX2NRO6I5LgKjV4/117/park-towne-place-premier-apt-homes-philadelphia-pa-building-photo.jpg',3,3,12293.00,'USD',1,'https://www.apartments.com/park-towne-place-premier-apt-homes-philadelphia-pa/hczsx91/',39.9607986,-75.1771153,'APT','PA','PHIL'),(172,'1815 John F Kennedy Blvd, Philadelphia, PA 19103, USA','https://images1.apartments.com/i2/PO5dpz1IKWZqbW71e67nOkrFlCZzdlRwc3_xlLLkaHE/117/the-sterling-apartment-homes-philadelphia-pa-building-photo.jpg',1,1,1531.00,'USD',1,'https://www.apartments.com/the-sterling-apartment-homes-philadelphia-pa/crkk3bg/',39.9545742,-75.1705472,'APT','PA','PHIL'),(173,'1815 John F Kennedy Blvd, Philadelphia, PA 19103, USA','https://images1.apartments.com/i2/PO5dpz1IKWZqbW71e67nOkrFlCZzdlRwc3_xlLLkaHE/117/the-sterling-apartment-homes-philadelphia-pa-building-photo.jpg',3,3,11623.00,'USD',1,'https://www.apartments.com/the-sterling-apartment-homes-philadelphia-pa/crkk3bg/',39.9545742,-75.1705472,'APT','PA','PHIL'),(174,'135 S 19th St, Philadelphia, PA 19103, USA','https://images1.apartments.com/i2/ZHn-SVJqOi2pXbO3FpsAG4r8V60bv06iz5_f-El52kg/117/the-wellington-philadelphia-pa-building-photo.jpg',1,1,2050.00,'USD',1,'https://www.apartments.com/the-wellington-philadelphia-pa/h4qd3v1/',39.9507223,-75.1719869,'APT','PA','PHIL'),(175,'135 S 19th St, Philadelphia, PA 19103, USA','https://images1.apartments.com/i2/ZHn-SVJqOi2pXbO3FpsAG4r8V60bv06iz5_f-El52kg/117/the-wellington-philadelphia-pa-building-photo.jpg',3,3,4750.00,'USD',1,'https://www.apartments.com/the-wellington-philadelphia-pa/h4qd3v1/',39.9507223,-75.1719869,'APT','PA','PHIL'),(176,'2021 Chestnut St, Philadelphia, PA 19103, USA','https://images1.apartments.com/i2/Xf5WROrirr5h-P1j4q14QR-krNoRWhLQLbXWKKZZiDc/117/aq-rittenhouse-philadelphia-pa-building-photo.jpg',1,1,1800.00,'USD',1,'https://www.apartments.com/aq-rittenhouse-philadelphia-pa/16wpkk4/',39.9522729,-75.1742831,'APT','PA','PHIL'),(177,'2021 Chestnut St, Philadelphia, PA 19103, USA','https://images1.apartments.com/i2/Xf5WROrirr5h-P1j4q14QR-krNoRWhLQLbXWKKZZiDc/117/aq-rittenhouse-philadelphia-pa-building-photo.jpg',2,2,2535.00,'USD',1,'https://www.apartments.com/aq-rittenhouse-philadelphia-pa/16wpkk4/',39.9522729,-75.1742831,'APT','PA','PHIL'),(178,'3500 Powelton Ave, Philadelphia, PA 19104, USA','https://images1.apartments.com/i2/4dE-EQHu-yPIVkUEyJKKgfq86c6rr-v8VW-jCoRUHd0/117/the-courts-philadelphia-pa-building-photo.jpg',1,1,1159.00,'USD',1,'https://www.apartments.com/the-courts-philadelphia-pa/bmjte18/',39.9596296,-75.1931366,'APT','PA','PHIL'),(179,'3500 Powelton Ave, Philadelphia, PA 19104, USA','https://images1.apartments.com/i2/4dE-EQHu-yPIVkUEyJKKgfq86c6rr-v8VW-jCoRUHd0/117/the-courts-philadelphia-pa-building-photo.jpg',2,2,2179.00,'USD',1,'https://www.apartments.com/the-courts-philadelphia-pa/bmjte18/',39.9596296,-75.1931366,'APT','PA','PHIL'),(180,'3100 W Thompson St, Philadelphia, PA 19121, USA','https://images1.apartments.com/i2/CWnImK4Rakf7MYmfSzI2YZ9xDvLZaqNSv8iE-Qw8eQ0/117/31-brewerytown-philadelphia-pa-building-photo.jpg',1,1,1325.00,'USD',1,'https://www.apartments.com/31-brewerytown-philadelphia-pa/mhxt3vl/',39.97664,-75.1867643,'APT','PA','PHIL'),(181,'3100 W Thompson St, Philadelphia, PA 19121, USA','https://images1.apartments.com/i2/CWnImK4Rakf7MYmfSzI2YZ9xDvLZaqNSv8iE-Qw8eQ0/117/31-brewerytown-philadelphia-pa-building-photo.jpg',2,2,2100.00,'USD',1,'https://www.apartments.com/31-brewerytown-philadelphia-pa/mhxt3vl/',39.97664,-75.1867643,'APT','PA','PHIL'),(182,'1400 Spring Garden St, Philadelphia, PA 19123, USA','https://images1.apartments.com/i2/bXHsQmRr1lzaZfSbpr6yqEI7Z5NuV9X9mcHMM94mS44/117/tower-place-philadelphia-pa-building-photo.jpg',1,1,1685.00,'USD',1,'https://www.apartments.com/tower-place-philadelphia-pa/bex449c/',39.9620113,-75.1622441,'APT','PA','PHIL'),(183,'1400 Spring Garden St, Philadelphia, PA 19123, USA','https://images1.apartments.com/i2/bXHsQmRr1lzaZfSbpr6yqEI7Z5NuV9X9mcHMM94mS44/117/tower-place-philadelphia-pa-building-photo.jpg',2,2,2992.00,'USD',1,'https://www.apartments.com/tower-place-philadelphia-pa/bex449c/',39.9620113,-75.1622441,'APT','PA','PHIL'),(184,'3900 Gateway Dr, Philadelphia, PA 19145, USA','https://images1.apartments.com/i2/DGLCuHTaPiv7Uj4n2rcQyYrotCmd5e6cUNAtapxGnyg/117/enclaves-philadelphia-pa-building-photo.jpg',1,1,1520.00,'USD',1,'https://www.apartments.com/enclaves-philadelphia-pa/5yqhwcp/',39.9033209,-75.19233960000001,'APT','PA','PHIL'),(185,'3900 Gateway Dr, Philadelphia, PA 19145, USA','https://images1.apartments.com/i2/DGLCuHTaPiv7Uj4n2rcQyYrotCmd5e6cUNAtapxGnyg/117/enclaves-philadelphia-pa-building-photo.jpg',2,2,1550.00,'USD',1,'https://www.apartments.com/enclaves-philadelphia-pa/5yqhwcp/',39.9033209,-75.19233960000001,'APT','PA','PHIL'),(186,'3400 Red Lion Rd, Philadelphia, PA 19114, USA','https://images1.apartments.com/i2/hYS4WsW_h7ZMzRe8FZBvftnOfFA42Grnkn5rToCwwTg/117/sherwood-crossing-apartments-townhomes-philadelphia-pa-building-photo.jpg',1,1,880.00,'USD',1,'https://www.apartments.com/sherwood-crossing-apartments-townhomes-philadelphia-pa/mhjergl/',40.0742065,-74.9860076,'APT','PA','PHIL'),(187,'3400 Red Lion Rd, Philadelphia, PA 19114, USA','https://images1.apartments.com/i2/hYS4WsW_h7ZMzRe8FZBvftnOfFA42Grnkn5rToCwwTg/117/sherwood-crossing-apartments-townhomes-philadelphia-pa-building-photo.jpg',3,3,1820.00,'USD',1,'https://www.apartments.com/sherwood-crossing-apartments-townhomes-philadelphia-pa/mhjergl/',40.0742065,-74.9860076,'APT','PA','PHIL'),(188,'600 Red Lion Rd, Philadelphia, PA 19115, USA','https://images1.apartments.com/i2/Pe3ynIvUcxD9COHhCMRvOwwInxz_R1qI-iiO9l2wFO4/117/brookmont-apartment-homes-philadelphia-pa-building-photo.jpg',1,1,965.00,'USD',5,'https://www.apartments.com/brookmont-apartment-homes-philadelphia-pa/yszbrkt/',40.10692359999999,-75.0387872,'APT','PA','PHIL'),(189,'600 Red Lion Rd, Philadelphia, PA 19115, USA','https://images1.apartments.com/i2/Pe3ynIvUcxD9COHhCMRvOwwInxz_R1qI-iiO9l2wFO4/117/brookmont-apartment-homes-philadelphia-pa-building-photo.jpg',2,2,1345.00,'USD',5,'https://www.apartments.com/brookmont-apartment-homes-philadelphia-pa/yszbrkt/',40.10692359999999,-75.0387872,'APT','PA','PHIL'),(190,'7901 Henry Ave, Philadelphia, PA 19128, USA','https://images1.apartments.com/i2/vtdiSS55wveAw-AN-QacNGMBSh7hRd9oXNoKBKtrPB0/117/henry-on-the-park-apartment-homes-philadelphia-pa-building-photo.jpg',1,1,1210.00,'USD',1,'https://www.apartments.com/henry-on-the-park-apartment-homes-philadelphia-pa/8fjme23/',40.0566043,-75.2303682,'APT','PA','PHIL'),(191,'7901 Henry Ave, Philadelphia, PA 19128, USA','https://images1.apartments.com/i2/vtdiSS55wveAw-AN-QacNGMBSh7hRd9oXNoKBKtrPB0/117/henry-on-the-park-apartment-homes-philadelphia-pa-building-photo.jpg',4,4,2365.00,'USD',1,'https://www.apartments.com/henry-on-the-park-apartment-homes-philadelphia-pa/8fjme23/',40.0566043,-75.2303682,'APT','PA','PHIL'),(192,'4701 Pine St, Philadelphia, PA 19143, USA','https://images1.apartments.com/i2/ZWLBVkUQ9_r3xRZB_zcIbLlKrN1jVC1OluV2ZnKR1Y4/117/garden-court-plaza-philadelphia-pa-building-photo.jpg',1,1,930.00,'USD',1,'https://www.apartments.com/garden-court-plaza-philadelphia-pa/8ws64l2/',39.9526164,-75.2166302,'APT','PA','PHIL'),(193,'4701 Pine St, Philadelphia, PA 19143, USA','https://images1.apartments.com/i2/ZWLBVkUQ9_r3xRZB_zcIbLlKrN1jVC1OluV2ZnKR1Y4/117/garden-court-plaza-philadelphia-pa-building-photo.jpg',3,3,2365.00,'USD',1,'https://www.apartments.com/garden-court-plaza-philadelphia-pa/8ws64l2/',39.9526164,-75.2166302,'APT','PA','PHIL'),(194,'1 Cotton St, Philadelphia, PA 19127, USA','https://images1.apartments.com/i2/6_vLPZn1X57v6ZVCH-oML_XwAzvq4LuG1XrGMb9raU4/117/the-isle-philadelphia-pa-building-photo.jpg',1,1,1450.00,'USD',1,'https://www.apartments.com/the-isle-philadelphia-pa/py315bs/',40.0247233,-75.22293669999999,'APT','PA','PHIL'),(195,'1 Cotton St, Philadelphia, PA 19127, USA','https://images1.apartments.com/i2/6_vLPZn1X57v6ZVCH-oML_XwAzvq4LuG1XrGMb9raU4/117/the-isle-philadelphia-pa-building-photo.jpg',2,2,2940.00,'USD',1,'https://www.apartments.com/the-isle-philadelphia-pa/py315bs/',40.0247233,-75.22293669999999,'APT','PA','PHIL'),(196,'1930 Chestnut St, Philadelphia, PA 19103, USA','https://images1.apartments.com/i2/PAL2OiNMsHknsifEYTkBG2ZBQn9N8kZPuxwMIIPFYvE/117/the-republic-philadelphia-pa-designer-kitches-with-stainless-steel-ap.jpg',1,1,1570.00,'USD',1,'https://www.apartments.com/the-republic-philadelphia-pa/vv2dfge/',39.9518334,-75.1733275,'APT','PA','PHIL'),(197,'1930 Chestnut St, Philadelphia, PA 19103, USA','https://images1.apartments.com/i2/PAL2OiNMsHknsifEYTkBG2ZBQn9N8kZPuxwMIIPFYvE/117/the-republic-philadelphia-pa-designer-kitches-with-stainless-steel-ap.jpg',2,2,4235.00,'USD',1,'https://www.apartments.com/the-republic-philadelphia-pa/vv2dfge/',39.9518334,-75.1733275,'APT','PA','PHIL'),(198,'400 Walnut St, Philadelphia, PA 19106, USA','https://images1.apartments.com/i2/R2hWflmUrg9YFUTxLPgxclVQwoSW5pmVVi4EQotcnKY/117/the-broderick-philadelphia-pa-kitchens-complete-with-stainless-steel-a.jpg',1,1,1795.00,'USD',1,'https://www.apartments.com/the-broderick-philadelphia-pa/4b69qsl/',39.9473661,-75.14827500000001,'APT','PA','PHIL'),(199,'400 Walnut St, Philadelphia, PA 19106, USA','https://images1.apartments.com/i2/R2hWflmUrg9YFUTxLPgxclVQwoSW5pmVVi4EQotcnKY/117/the-broderick-philadelphia-pa-kitchens-complete-with-stainless-steel-a.jpg',3,3,9995.00,'USD',1,'https://www.apartments.com/the-broderick-philadelphia-pa/4b69qsl/',39.9473661,-75.14827500000001,'APT','PA','PHIL'),(200,'501 N 22nd St, Philadelphia, PA 19130, USA','https://images1.apartments.com/i2/uezqK2sKJ1--BIfdIB2TlyXiHT4pTe9T4rYGjLH9CHw/117/dalian-on-the-park-philadelphia-pa-building-photo.jpg',1,1,1889.00,'USD',1,'https://www.apartments.com/dalian-on-the-park-philadelphia-pa/n3k3jhm/',39.9633088,-75.1740269,'APT','PA','PHIL'),(201,'501 N 22nd St, Philadelphia, PA 19130, USA','https://images1.apartments.com/i2/uezqK2sKJ1--BIfdIB2TlyXiHT4pTe9T4rYGjLH9CHw/117/dalian-on-the-park-philadelphia-pa-building-photo.jpg',2,2,5117.00,'USD',1,'https://www.apartments.com/dalian-on-the-park-philadelphia-pa/n3k3jhm/',39.9633088,-75.1740269,'APT','PA','PHIL'),(202,'3201 Race St, Philadelphia, PA 19104, USA','https://images1.apartments.com/i2/LMOMB80DucBDChK-t3xKELsAyBL9vHShXY4Oh0NvufE/117/vue32-philadelphia-pa-breathtaking-views.jpg',1,1,1700.00,'USD',1,'https://www.apartments.com/vue32-philadelphia-pa/v60dc8g/',39.9590419,-75.18767199999999,'APT','PA','PHIL'),(203,'3201 Race St, Philadelphia, PA 19104, USA','https://images1.apartments.com/i2/LMOMB80DucBDChK-t3xKELsAyBL9vHShXY4Oh0NvufE/117/vue32-philadelphia-pa-breathtaking-views.jpg',3,3,5100.00,'USD',1,'https://www.apartments.com/vue32-philadelphia-pa/v60dc8g/',39.9590419,-75.18767199999999,'APT','PA','PHIL'),(204,'1830 Lombard St, Philadelphia, PA 19146, USA','https://images1.apartments.com/i2/gZG2b3XOB2_ImgnAf9KGvEvJ6qmZhyuPGpxmEeDvvdM/117/the-pepper-building-philadelphia-pa-building-photo.jpg',1,1,1358.00,'USD',1,'https://www.apartments.com/the-pepper-building-philadelphia-pa/sr2b9f7/',39.9454568,-75.1728438,'APT','PA','PHIL'),(205,'1830 Lombard St, Philadelphia, PA 19146, USA','https://images1.apartments.com/i2/gZG2b3XOB2_ImgnAf9KGvEvJ6qmZhyuPGpxmEeDvvdM/117/the-pepper-building-philadelphia-pa-building-photo.jpg',2,2,5740.00,'USD',1,'https://www.apartments.com/the-pepper-building-philadelphia-pa/sr2b9f7/',39.9454568,-75.1728438,'APT','PA','PHIL'),(206,'2323 Race St, Philadelphia, PA 19103, USA','https://images1.apartments.com/i2/MCtvMpqtvcWJisc_jTwXbUwdWBHoD02s46Bm7xR6N-U/117/edgewater-apartments-philadelphia-pa-gourmet-chef-inspired-kitchens-feature-g.jpg',1,1,1887.00,'USD',1,'https://www.apartments.com/edgewater-apartments-philadelphia-pa/tdb3pqb/',39.95898440000001,-75.1780263,'APT','PA','PHIL'),(207,'2323 Race St, Philadelphia, PA 19103, USA','https://images1.apartments.com/i2/MCtvMpqtvcWJisc_jTwXbUwdWBHoD02s46Bm7xR6N-U/117/edgewater-apartments-philadelphia-pa-gourmet-chef-inspired-kitchens-feature-g.jpg',3,3,7062.00,'USD',1,'https://www.apartments.com/edgewater-apartments-philadelphia-pa/tdb3pqb/',39.95898440000001,-75.1780263,'APT','PA','PHIL'),(208,'1514 Locust St, Philadelphia, PA 19102, USA','https://images1.apartments.com/i2/Nh0RxacyP2rulxDSy_f_u5_pl1FgVvTn0iYpsL6axJI/117/1500-locust-philadelphia-pa-interior-photo.jpg',1,1,1470.00,'USD',2,'https://www.apartments.com/1500-locust-philadelphia-pa/y9hc9sv/',39.948288,-75.1670972,'APT','PA','PHIL'),(209,'1514 Locust St, Philadelphia, PA 19102, USA','https://images1.apartments.com/i2/Nh0RxacyP2rulxDSy_f_u5_pl1FgVvTn0iYpsL6axJI/117/1500-locust-philadelphia-pa-interior-photo.jpg',3,3,3852.00,'USD',2,'https://www.apartments.com/1500-locust-philadelphia-pa/y9hc9sv/',39.948288,-75.1670972,'APT','PA','PHIL'),(210,'4601 E Flat Rock Rd, Philadelphia, PA 19127, USA','https://images1.apartments.com/i2/NN-stJU545diFrfAX_uDbh5iLc2AlDkr2Blswh4Gjb8/117/venice-lofts-philadelphia-pa-building-photo.jpg',1,1,1720.00,'USD',1,'https://www.apartments.com/venice-lofts-philadelphia-pa/eym0g5m/',40.02929779999999,-75.23190869999999,'APT','PA','PHIL'),(211,'4601 E Flat Rock Rd, Philadelphia, PA 19127, USA','https://images1.apartments.com/i2/NN-stJU545diFrfAX_uDbh5iLc2AlDkr2Blswh4Gjb8/117/venice-lofts-philadelphia-pa-building-photo.jpg',3,3,3094.00,'USD',1,'https://www.apartments.com/venice-lofts-philadelphia-pa/eym0g5m/',40.02929779999999,-75.23190869999999,'APT','PA','PHIL'),(212,'1338 Chestnut St, Philadelphia, PA 19107, USA','https://images1.apartments.com/i2/RAhoWpp4vcifvFqr-EG_mBeynwV16qEzh-u44fcbL-8/117/griffin-center-city-philadelphia-pa-building-photo.jpg',1,1,1400.00,'USD',2,'https://www.apartments.com/griffin-center-city-philadelphia-pa/7d7rbbx/',39.9506255,-75.1635909,'APT','PA','PHIL'),(213,'1338 Chestnut St, Philadelphia, PA 19107, USA','https://images1.apartments.com/i2/RAhoWpp4vcifvFqr-EG_mBeynwV16qEzh-u44fcbL-8/117/griffin-center-city-philadelphia-pa-building-photo.jpg',2,2,5000.00,'USD',2,'https://www.apartments.com/griffin-center-city-philadelphia-pa/7d7rbbx/',39.9506255,-75.1635909,'APT','PA','PHIL'),(214,'1 Parker Ave, Philadelphia, PA 19128, USA','https://images1.apartments.com/i2/rHGYpPkhKrqtccLeZZ7q80so6O_6T3gdfcwx8WxRGWY/117/the-station-at-manayunk-philadelphia-pa-welcome-to-station-at-manayunk.jpg',1,1,1380.00,'USD',1,'https://www.apartments.com/the-station-at-manayunk-philadelphia-pa/ncwv55n/',40.0343227,-75.23628850000001,'APT','PA','PHIL'),(215,'1 Parker Ave, Philadelphia, PA 19128, USA','https://images1.apartments.com/i2/rHGYpPkhKrqtccLeZZ7q80so6O_6T3gdfcwx8WxRGWY/117/the-station-at-manayunk-philadelphia-pa-welcome-to-station-at-manayunk.jpg',2,2,1860.00,'USD',1,'https://www.apartments.com/the-station-at-manayunk-philadelphia-pa/ncwv55n/',40.0343227,-75.23628850000001,'APT','PA','PHIL'),(216,'8201 Henry Ave, Philadelphia, PA 19128, USA','https://images1.apartments.com/i2/QiRg8au7UlnFE11pN91cevyg9_Dg3cchW9sKiw1q1c0/117/summit-park-apartments-philadelphia-pa-new-kitchens.jpg',1,1,965.00,'USD',1,'https://www.apartments.com/summit-park-apartments-philadelphia-pa/9zkk8v4/',40.0605767,-75.2348544,'APT','PA','PHIL'),(217,'8201 Henry Ave, Philadelphia, PA 19128, USA','https://images1.apartments.com/i2/QiRg8au7UlnFE11pN91cevyg9_Dg3cchW9sKiw1q1c0/117/summit-park-apartments-philadelphia-pa-new-kitchens.jpg',3,3,1920.00,'USD',1,'https://www.apartments.com/summit-park-apartments-philadelphia-pa/9zkk8v4/',40.0605767,-75.2348544,'APT','PA','PHIL'),(218,'9503 State Rd, Philadelphia, PA 19114, USA','https://images1.apartments.com/i2/ceHDtX_-MLuD0VHwNwAQeTj_Sw0pq3XjnqDXffsYw_8/117/beacon-pointe-luxury-apartments-philadelphia-pa-building-photo.jpg',1,1,1050.00,'USD',0,'https://www.apartments.com/beacon-pointe-luxury-apartments-philadelphia-pa/1dff924/',40.0489241,-74.9836189,'APT','PA','PHIL'),(219,'9503 State Rd, Philadelphia, PA 19114, USA','https://images1.apartments.com/i2/ceHDtX_-MLuD0VHwNwAQeTj_Sw0pq3XjnqDXffsYw_8/117/beacon-pointe-luxury-apartments-philadelphia-pa-building-photo.jpg',2,2,1520.00,'USD',0,'https://www.apartments.com/beacon-pointe-luxury-apartments-philadelphia-pa/1dff924/',40.0489241,-74.9836189,'APT','PA','PHIL'),(220,'4700 City Ave, Philadelphia, PA 19131, USA','https://images1.apartments.com/i2/NhIvMd3sTgTyvcPDy91EA22HKNE-skF4jJAR3nz2BWM/117/the-mansion-at-bala-philadelphia-pa-building-photo.jpg',1,1,1440.00,'USD',1,'https://www.apartments.com/the-mansion-at-bala-philadelphia-pa/48hrl8l/',40.0012075,-75.2252094,'APT','PA','PHIL'),(221,'4700 City Ave, Philadelphia, PA 19131, USA','https://images1.apartments.com/i2/NhIvMd3sTgTyvcPDy91EA22HKNE-skF4jJAR3nz2BWM/117/the-mansion-at-bala-philadelphia-pa-building-photo.jpg',3,3,2895.00,'USD',1,'https://www.apartments.com/the-mansion-at-bala-philadelphia-pa/48hrl8l/',40.0012075,-75.2252094,'APT','PA','PHIL'),(222,'1530 Locust St, Philadelphia, PA 19102, USA','https://images1.apartments.com/i2/ZhTTsc5-MPCd2KiOf98M4ZXo7Jq6xajRtwcRCtxTMQE/117/versailles-apartments-philadelphia-pa-building-photo.jpg',1,1,1595.00,'USD',2,'https://www.apartments.com/versailles-apartments-philadelphia-pa/lj0d0yd/',39.948351,-75.1675844,'APT','PA','PHIL'),(223,'1530 Locust St, Philadelphia, PA 19102, USA','https://images1.apartments.com/i2/ZhTTsc5-MPCd2KiOf98M4ZXo7Jq6xajRtwcRCtxTMQE/117/versailles-apartments-philadelphia-pa-building-photo.jpg',3,3,6495.00,'USD',2,'https://www.apartments.com/versailles-apartments-philadelphia-pa/lj0d0yd/',39.948351,-75.1675844,'APT','PA','PHIL'),(224,'834 Chestnut St, Philadelphia, PA 19107, USA','https://images1.apartments.com/i2/3bKoehZobKwGTW3-1MY_HCyPzaFrfwhoEarAAdRWN7o/117/aka-washington-square-at-the-franklin-philadelphia-pa-interior-photo.jpg',1,1,1699.00,'USD',2,'https://www.apartments.com/aka-washington-square-at-the-franklin-philadelphia-pa/dbd8hml/',39.94936500000001,-75.1551425,'APT','PA','PHIL'),(225,'834 Chestnut St, Philadelphia, PA 19107, USA','https://images1.apartments.com/i2/3bKoehZobKwGTW3-1MY_HCyPzaFrfwhoEarAAdRWN7o/117/aka-washington-square-at-the-franklin-philadelphia-pa-interior-photo.jpg',2,2,3300.00,'USD',2,'https://www.apartments.com/aka-washington-square-at-the-franklin-philadelphia-pa/dbd8hml/',39.94936500000001,-75.1551425,'APT','PA','PHIL'),(226,'2746 Belmont Ave, Philadelphia, PA 19131, USA','https://images1.apartments.com/i2/Y80tnKDMv80PWJPc2asy8Lz_jcWWW53OBjaRveGttdQ/117/the-metropolitan-bala-philadelphia-pa-interior-photo.jpg',1,1,1035.00,'USD',1,'https://www.apartments.com/the-metropolitan-bala-philadelphia-pa/h9lewm1/',40.0008292,-75.2206346,'APT','PA','PHIL'),(227,'2746 Belmont Ave, Philadelphia, PA 19131, USA','https://images1.apartments.com/i2/Y80tnKDMv80PWJPc2asy8Lz_jcWWW53OBjaRveGttdQ/117/the-metropolitan-bala-philadelphia-pa-interior-photo.jpg',2,2,1595.00,'USD',1,'https://www.apartments.com/the-metropolitan-bala-philadelphia-pa/h9lewm1/',40.0008292,-75.2206346,'APT','PA','PHIL'),(228,'3501 Woodhaven Rd, Philadelphia, PA 19154, USA','https://images1.apartments.com/i2/NBJ3BnH6J_7gkCDPbqmFWK5RvafTiHtploBLxOT0Nww/117/regency-townhomes-philadelphia-pa-primary-photo.jpg',2,2,1100.00,'USD',1,'https://www.apartments.com/regency-townhomes-philadelphia-pa/qwk134z/',40.093728,-74.9782819,'APT','PA','PHIL'),(229,'3501 Woodhaven Rd, Philadelphia, PA 19154, USA','https://images1.apartments.com/i2/NBJ3BnH6J_7gkCDPbqmFWK5RvafTiHtploBLxOT0Nww/117/regency-townhomes-philadelphia-pa-primary-photo.jpg',3,3,1200.00,'USD',1,'https://www.apartments.com/regency-townhomes-philadelphia-pa/qwk134z/',40.093728,-74.9782819,'APT','PA','PHIL'),(230,'7715 McCallum St, Philadelphia, PA 19118, USA','https://images1.apartments.com/i2/HqHQSnHeWTmlgq7oYac5uN_T7FnrD5AivvR94RQ8YHo/117/cherokee-apartments-philadelphia-pa-building-photo.jpg',1,1,1350.00,'USD',1,'https://www.apartments.com/cherokee-apartments-philadelphia-pa/bh31d59/',40.0575819,-75.2095627,'APT','PA','PHIL'),(231,'7715 McCallum St, Philadelphia, PA 19118, USA','https://images1.apartments.com/i2/HqHQSnHeWTmlgq7oYac5uN_T7FnrD5AivvR94RQ8YHo/117/cherokee-apartments-philadelphia-pa-building-photo.jpg',3,3,2350.00,'USD',1,'https://www.apartments.com/cherokee-apartments-philadelphia-pa/bh31d59/',40.0575819,-75.2095627,'APT','PA','PHIL'),(232,'3902 City Ave, Philadelphia, PA 19131, USA','https://images1.apartments.com/i2/05xPr7hsis-rjdk73KvzjcuAlQBw24XOYUsIUzKpvn8/117/washington-at-presidential-city-philadelphia-pa-1-bedroom-living-room.jpg',1,1,1220.00,'USD',1,'https://www.apartments.com/washington-at-presidential-city-philadelphia-pa/g969jkx/',40.0082279,-75.2054801,'APT','PA','PHIL'),(233,'3902 City Ave, Philadelphia, PA 19131, USA','https://images1.apartments.com/i2/05xPr7hsis-rjdk73KvzjcuAlQBw24XOYUsIUzKpvn8/117/washington-at-presidential-city-philadelphia-pa-1-bedroom-living-room.jpg',2,2,2285.00,'USD',1,'https://www.apartments.com/washington-at-presidential-city-philadelphia-pa/g969jkx/',40.0082279,-75.2054801,'APT','PA','PHIL'),(234,'76 Winding Dr, Philadelphia, PA 19131, USA','https://images1.apartments.com/i2/bs0WPsSOBlnbgARDo5wefz6dd19BKBHCgdRAhBM1Jrg/117/penthouses-at-presidential-city-philadelphia-pa-2-bedroom-penthouse-kitchen.jpg',1,1,2915.00,'USD',1,'https://www.apartments.com/penthouses-at-presidential-city-philadelphia-pa/79brkfz/',40.008276,-75.206231,'APT','PA','PHIL'),(235,'76 Winding Dr, Philadelphia, PA 19131, USA','https://images1.apartments.com/i2/bs0WPsSOBlnbgARDo5wefz6dd19BKBHCgdRAhBM1Jrg/117/penthouses-at-presidential-city-philadelphia-pa-2-bedroom-penthouse-kitchen.jpg',3,3,4235.00,'USD',1,'https://www.apartments.com/penthouses-at-presidential-city-philadelphia-pa/79brkfz/',40.008276,-75.206231,'APT','PA','PHIL'),(236,'2200 Benjamin Franklin Pkwy, Philadelphia, PA 19130, USA','https://images1.apartments.com/i2/wPLvmdajAJDiJes1TK1MTp6Ikpx4pu06prLi4QKAavI/117/park-towne-place-apartment-homes-philadelphia-pa-building-photo.jpg',1,1,1176.00,'USD',1,'https://www.apartments.com/park-towne-place-apartment-homes-philadelphia-pa/v9n87rf/',39.9607986,-75.1771153,'APT','PA','PHIL'),(237,'2200 Benjamin Franklin Pkwy, Philadelphia, PA 19130, USA','https://images1.apartments.com/i2/wPLvmdajAJDiJes1TK1MTp6Ikpx4pu06prLi4QKAavI/117/park-towne-place-apartment-homes-philadelphia-pa-building-photo.jpg',2,2,5132.00,'USD',1,'https://www.apartments.com/park-towne-place-apartment-homes-philadelphia-pa/v9n87rf/',39.9607986,-75.1771153,'APT','PA','PHIL'),(238,'7841 Ridge Ave, Philadelphia, PA 19128, USA','https://images1.apartments.com/i2/1dUZ6fDMcxRfNoRY-RKJLbuijReknb61Y2rfov3Oo28/117/the-metropolitan-roxborough-philadelphia-pa-new-renovated-kitchen.jpg',1,1,855.00,'USD',1,'https://www.apartments.com/the-metropolitan-roxborough-philadelphia-pa/g8y20sx/',40.0540196,-75.235235,'APT','PA','PHIL'),(239,'7841 Ridge Ave, Philadelphia, PA 19128, USA','https://images1.apartments.com/i2/1dUZ6fDMcxRfNoRY-RKJLbuijReknb61Y2rfov3Oo28/117/the-metropolitan-roxborough-philadelphia-pa-new-renovated-kitchen.jpg',2,2,1340.00,'USD',1,'https://www.apartments.com/the-metropolitan-roxborough-philadelphia-pa/g8y20sx/',40.0540196,-75.235235,'APT','PA','PHIL'),(240,'700 E Cathedral Rd, Philadelphia, PA 19128, USA','https://images1.apartments.com/i2/wZnGExA9GfUX49DZbfi_4YKrhMjQoZF3TGj89NmXK-g/117/cathedral-east-apartments-philadelphia-pa-building-photo.jpg',1,1,995.00,'USD',1,'https://www.apartments.com/cathedral-east-apartments-philadelphia-pa/hs6ryz2/',40.065263,-75.238615,'APT','PA','PHIL'),(241,'700 E Cathedral Rd, Philadelphia, PA 19128, USA','https://images1.apartments.com/i2/wZnGExA9GfUX49DZbfi_4YKrhMjQoZF3TGj89NmXK-g/117/cathedral-east-apartments-philadelphia-pa-building-photo.jpg',2,2,1125.00,'USD',1,'https://www.apartments.com/cathedral-east-apartments-philadelphia-pa/hs6ryz2/',40.065263,-75.238615,'APT','PA','PHIL'),(242,'685 W Walnut Ln, Philadelphia, PA 19144, USA','https://images1.apartments.com/i2/JofPSPLojHpmETbKUm-EmbHp_ilVCIkvB3fNkLkJjf8/117/walnut-court-apartments-philadelphia-pa-building-photo.jpg',1,1,945.00,'USD',1,'https://www.apartments.com/walnut-court-apartments-philadelphia-pa/gmny23z/',40.0322898,-75.19252259999999,'APT','PA','PHIL'),(243,'685 W Walnut Ln, Philadelphia, PA 19144, USA','https://images1.apartments.com/i2/JofPSPLojHpmETbKUm-EmbHp_ilVCIkvB3fNkLkJjf8/117/walnut-court-apartments-philadelphia-pa-building-photo.jpg',2,2,1045.00,'USD',1,'https://www.apartments.com/walnut-court-apartments-philadelphia-pa/gmny23z/',40.0322898,-75.19252259999999,'APT','PA','PHIL'),(244,'1605 Sansom St, Philadelphia, PA 19103, USA','https://images1.apartments.com/i2/-rTyCVJOEIrQzbHoRIrADZX1hqoSmkf14hE4lrVXTzk/117/the-sansom-philadelphia-pa-building-photo.jpg',1,1,1553.00,'USD',2,'https://www.apartments.com/the-sansom-philadelphia-pa/kd91bx8/',39.9508293,-75.1686289,'APT','PA','PHIL'),(245,'1605 Sansom St, Philadelphia, PA 19103, USA','https://images1.apartments.com/i2/-rTyCVJOEIrQzbHoRIrADZX1hqoSmkf14hE4lrVXTzk/117/the-sansom-philadelphia-pa-building-photo.jpg',2,2,3845.00,'USD',2,'https://www.apartments.com/the-sansom-philadelphia-pa/kd91bx8/',39.9508293,-75.1686289,'APT','PA','PHIL'),(246,'250 N Christopher Columbus Blvd, Philadelphia, PA 19106, USA','https://images1.apartments.com/i2/fB9YLSu6Ry51DXFO3KxTExg09S8jNmhqLRDiv2DryVg/117/one-water-street-philadelphia-pa-building-photo.jpg',1,1,1850.00,'USD',1,'https://www.apartments.com/one-water-street-philadelphia-pa/54lm52q/',39.9548178,-75.1395668,'APT','PA','PHIL'),(247,'250 N Christopher Columbus Blvd, Philadelphia, PA 19106, USA','https://images1.apartments.com/i2/fB9YLSu6Ry51DXFO3KxTExg09S8jNmhqLRDiv2DryVg/117/one-water-street-philadelphia-pa-building-photo.jpg',4,4,6500.00,'USD',1,'https://www.apartments.com/one-water-street-philadelphia-pa/54lm52q/',39.9548178,-75.1395668,'APT','PA','PHIL'),(248,'4920 City Ave, Philadelphia, PA 19131, USA','https://images1.apartments.com/i2/CTVzqNp7ZxNvMVaFdXCtUrDeSdejGDFNMbe3sOxcmM0/117/bala-apartments-philadelphia-pa-bala-apts.jpg',1,1,675.00,'USD',1,'https://www.apartments.com/bala-apartments-philadelphia-pa/jejegh7/',40.0002885,-75.2277423,'APT','PA','PHIL'),(249,'4920 City Ave, Philadelphia, PA 19131, USA','https://images1.apartments.com/i2/CTVzqNp7ZxNvMVaFdXCtUrDeSdejGDFNMbe3sOxcmM0/117/bala-apartments-philadelphia-pa-bala-apts.jpg',2,2,1175.00,'USD',1,'https://www.apartments.com/bala-apartments-philadelphia-pa/jejegh7/',40.0002885,-75.2277423,'APT','PA','PHIL'),(250,'528 S 2nd St, Philadelphia, PA 19147, USA','https://images1.apartments.com/i2/JJuxtYNnO7yO_WbeCK9lAPpatMcHv0juyWR7xv3lswM/117/head-house-flats-philadelphia-pa-building-photo.jpg',1,1,1225.00,'USD',4,'https://www.apartments.com/head-house-flats-philadelphia-pa/hmw1n80/',39.9418877,-75.1456269,'APT','PA','PHIL'),(251,'528 S 2nd St, Philadelphia, PA 19147, USA','https://images1.apartments.com/i2/JJuxtYNnO7yO_WbeCK9lAPpatMcHv0juyWR7xv3lswM/117/head-house-flats-philadelphia-pa-building-photo.jpg',2,2,3150.00,'USD',4,'https://www.apartments.com/head-house-flats-philadelphia-pa/hmw1n80/',39.9418877,-75.1456269,'APT','PA','PHIL'),(252,'938 New Market St, Philadelphia, PA 19123, USA','https://images1.apartments.com/i2/OvSfqJIYMdari15eS4IRhzb9qm8o1V0wm9lxn8tsaEE/117/938-new-market-philadelphia-pa-bedroom.jpg',1,1,1500.00,'USD',1,'https://www.apartments.com/938-new-market-philadelphia-pa/jkrhtb6/',39.964604,-75.139544,'APT','PA','PHIL'),(253,'938 New Market St, Philadelphia, PA 19123, USA','https://images1.apartments.com/i2/OvSfqJIYMdari15eS4IRhzb9qm8o1V0wm9lxn8tsaEE/117/938-new-market-philadelphia-pa-bedroom.jpg',2,2,2450.00,'USD',1,'https://www.apartments.com/938-new-market-philadelphia-pa/jkrhtb6/',39.964604,-75.139544,'APT','PA','PHIL'),(254,'523 N Broad St, Philadelphia, PA 19123, USA','https://images1.apartments.com/i2/ecIf65jUY7Xs8CKUI5nQARg4U7PDxq4ztNO8WhOlbBs/117/mural-lofts-philadelphia-pa-building-photo.jpg',1,1,1700.00,'USD',1,'https://www.apartments.com/mural-lofts-philadelphia-pa/1ln4mn6/',39.9623517,-75.1613746,'APT','PA','PHIL'),(255,'523 N Broad St, Philadelphia, PA 19123, USA','https://images1.apartments.com/i2/ecIf65jUY7Xs8CKUI5nQARg4U7PDxq4ztNO8WhOlbBs/117/mural-lofts-philadelphia-pa-building-photo.jpg',3,3,3000.00,'USD',1,'https://www.apartments.com/mural-lofts-philadelphia-pa/1ln4mn6/',39.9623517,-75.1613746,'APT','PA','PHIL'),(256,'161 Leverington Ave, Philadelphia, PA 19127, USA','https://images1.apartments.com/i2/6EgXs0GAWINiUgd97SMkDO2oUDVVnUp51I51YfQXoCg/117/the-lofts-at-chimney-hill-philadelphia-pa-building-photo.jpg',1,1,1250.00,'USD',1,'https://www.apartments.com/the-lofts-at-chimney-hill-philadelphia-pa/cmjwghg/',40.0301544,-75.2273043,'APT','PA','PHIL'),(257,'161 Leverington Ave, Philadelphia, PA 19127, USA','https://images1.apartments.com/i2/6EgXs0GAWINiUgd97SMkDO2oUDVVnUp51I51YfQXoCg/117/the-lofts-at-chimney-hill-philadelphia-pa-building-photo.jpg',2,2,1620.00,'USD',1,'https://www.apartments.com/the-lofts-at-chimney-hill-philadelphia-pa/cmjwghg/',40.0301544,-75.2273043,'APT','PA','PHIL'),(258,'699 N Broad St, Philadelphia, PA 19123, USA','https://images1.apartments.com/i2/0-VPHbyhlO39rCFgNjKXMkOravYNF19-ND_edQm2w1U/117/divine-lorraine-philadelphia-pa-building-photo.jpg',1,1,1400.00,'USD',1,'https://www.apartments.com/divine-lorraine-philadelphia-pa/vf4tx5e/',39.9666865,-75.1600991,'APT','PA','PHIL'),(259,'699 N Broad St, Philadelphia, PA 19123, USA','https://images1.apartments.com/i2/0-VPHbyhlO39rCFgNjKXMkOravYNF19-ND_edQm2w1U/117/divine-lorraine-philadelphia-pa-building-photo.jpg',2,2,3160.00,'USD',1,'https://www.apartments.com/divine-lorraine-philadelphia-pa/vf4tx5e/',39.9666865,-75.1600991,'APT','PA','PHIL'),(260,'3131 Walnut St, Philadelphia, PA 19104, USA','https://images1.apartments.com/i2/QLbZLqK1s3tb2QP5ZoLbVQRFTOjqVkc9zNPDXc4RxbU/117/the-left-bank-philadelphia-pa-living-room-den.jpg',1,1,1950.00,'USD',1,'https://www.apartments.com/the-left-bank-philadelphia-pa/eyzwdvp/',39.9524388,-75.1873387,'APT','PA','PHIL'),(261,'3131 Walnut St, Philadelphia, PA 19104, USA','https://images1.apartments.com/i2/QLbZLqK1s3tb2QP5ZoLbVQRFTOjqVkc9zNPDXc4RxbU/117/the-left-bank-philadelphia-pa-living-room-den.jpg',3,3,2100.00,'USD',1,'https://www.apartments.com/the-left-bank-philadelphia-pa/eyzwdvp/',39.9524388,-75.1873387,'APT','PA','PHIL'),(262,'1125 Sansom St, Philadelphia, PA 19107, USA','https://images1.apartments.com/i2/MQLr2A1CQrDzPnUmsMZKEeFizv6E8n47HgWtUdt_eQQ/117/the-collins-philadelphia-pa-building-photo.jpg',1,1,1865.00,'USD',2,'https://www.apartments.com/the-collins-philadelphia-pa/f79m92r/',39.9495558,-75.1596871,'APT','PA','PHIL'),(263,'1125 Sansom St, Philadelphia, PA 19107, USA','https://images1.apartments.com/i2/MQLr2A1CQrDzPnUmsMZKEeFizv6E8n47HgWtUdt_eQQ/117/the-collins-philadelphia-pa-building-photo.jpg',2,2,4000.00,'USD',2,'https://www.apartments.com/the-collins-philadelphia-pa/f79m92r/',39.9495558,-75.1596871,'APT','PA','PHIL'),(264,'4055 Ridge Ave, Philadelphia, PA 19129, USA','https://images1.apartments.com/i2/MgOsXa0dSjftPjseChczoz1dVv1tVXsDjnIqaG5RgHc/117/dobson-mills-philadelphia-pa-interior-photo.jpg',1,1,1385.00,'USD',1,'https://www.apartments.com/dobson-mills-philadelphia-pa/z18pmxz/',40.0078022,-75.19015,'APT','PA','PHIL'),(265,'4055 Ridge Ave, Philadelphia, PA 19129, USA','https://images1.apartments.com/i2/MgOsXa0dSjftPjseChczoz1dVv1tVXsDjnIqaG5RgHc/117/dobson-mills-philadelphia-pa-interior-photo.jpg',3,3,1895.00,'USD',1,'https://www.apartments.com/dobson-mills-philadelphia-pa/z18pmxz/',40.0078022,-75.19015,'APT','PA','PHIL'),(266,'1520 Spruce St, Philadelphia, PA 19102, USA','https://images1.apartments.com/i2/_UrZ4PDlnQccMY2urLHQNiiCo_73PTOVl1eeYgOTFO8/117/touraine-philadelphia-pa-building-photo.jpg',1,1,1585.00,'USD',2,'https://www.apartments.com/touraine-philadelphia-pa/7fs0qcy/',39.9469344,-75.1676462,'APT','PA','PHIL'),(267,'1520 Spruce St, Philadelphia, PA 19102, USA','https://images1.apartments.com/i2/_UrZ4PDlnQccMY2urLHQNiiCo_73PTOVl1eeYgOTFO8/117/touraine-philadelphia-pa-building-photo.jpg',4,4,8495.00,'USD',2,'https://www.apartments.com/touraine-philadelphia-pa/7fs0qcy/',39.9469344,-75.1676462,'APT','PA','PHIL'),(268,'800 Cottman Ave, Philadelphia, PA 19111, USA','https://images1.apartments.com/i2/JPgfEI_Y0mZd0qI7zOS9S-rfSDVdbOas8qVG_CHGEGE/117/regency-park-philadelphia-pa-building-photo.jpg',1,1,894.00,'USD',1,'https://www.apartments.com/regency-park-philadelphia-pa/7ezzbgx/',40.0622959,-75.0870079,'APT','PA','PHIL'),(269,'800 Cottman Ave, Philadelphia, PA 19111, USA','https://images1.apartments.com/i2/JPgfEI_Y0mZd0qI7zOS9S-rfSDVdbOas8qVG_CHGEGE/117/regency-park-philadelphia-pa-building-photo.jpg',3,3,2589.00,'USD',1,'https://www.apartments.com/regency-park-philadelphia-pa/7ezzbgx/',40.0622959,-75.0870079,'APT','PA','PHIL'),(270,'8400 Lindbergh Blvd, Philadelphia, PA 19153, USA','https://images1.apartments.com/i2/7Um4yWRU7rbAPU1iLa6U08GFypaZO2R82DNSVzbXeeE/117/korman-residential-at-international-city-c-philadelphia-pa-building-photo.jpg',1,1,830.00,'USD',1,'https://www.apartments.com/korman-residential-at-international-city-c-philadelphia-pa/ggvzzqw/',39.8954944,-75.2525728,'APT','PA','PHIL'),(271,'8400 Lindbergh Blvd, Philadelphia, PA 19153, USA','https://images1.apartments.com/i2/7Um4yWRU7rbAPU1iLa6U08GFypaZO2R82DNSVzbXeeE/117/korman-residential-at-international-city-c-philadelphia-pa-building-photo.jpg',2,2,1280.00,'USD',1,'https://www.apartments.com/korman-residential-at-international-city-c-philadelphia-pa/ggvzzqw/',39.8954944,-75.2525728,'APT','PA','PHIL'),(272,'2920 Midvale Ave, Philadelphia, PA 19129, USA','https://images1.apartments.com/i2/UN8YMLOGITT02gVkgdKlKdmJ2zf7NUyBKyTt81f2wT4/117/carlton-park-philadelphia-pa-building-photo.jpg',1,1,1125.00,'USD',1,'https://www.apartments.com/carlton-park-philadelphia-pa/30psygg/',40.02142569999999,-75.1818625,'APT','PA','PHIL'),(273,'2920 Midvale Ave, Philadelphia, PA 19129, USA','https://images1.apartments.com/i2/UN8YMLOGITT02gVkgdKlKdmJ2zf7NUyBKyTt81f2wT4/117/carlton-park-philadelphia-pa-building-photo.jpg',3,3,1940.00,'USD',1,'https://www.apartments.com/carlton-park-philadelphia-pa/30psygg/',40.02142569999999,-75.1818625,'APT','PA','PHIL'),(274,'6901 Old York Rd, Philadelphia, PA 19126, USA','https://images1.apartments.com/i2/gXyeO_CCHIbGclI6HnBMZQhvXhWjOz-SZikUWAAiENE/117/bromley-house-philadelphia-pa-interior-photo.jpg',1,1,1231.00,'USD',1,'https://www.apartments.com/bromley-house-philadelphia-pa/2kczhhc/',40.0584936,-75.1381396,'APT','PA','PHIL'),(275,'6901 Old York Rd, Philadelphia, PA 19126, USA','https://images1.apartments.com/i2/gXyeO_CCHIbGclI6HnBMZQhvXhWjOz-SZikUWAAiENE/117/bromley-house-philadelphia-pa-interior-photo.jpg',2,2,1306.00,'USD',1,'https://www.apartments.com/bromley-house-philadelphia-pa/2kczhhc/',40.0584936,-75.1381396,'APT','PA','PHIL'),(276,'2607 Welsh Rd, Philadelphia, PA 19114, USA','https://images1.apartments.com/i2/T2e9s-G7QsEqjy2N4npRYWt1C8ZgbtYigkgGsQUxKQk/117/joshua-house-philadelphia-pa-building-photo.jpg',1,1,915.00,'USD',1,'https://www.apartments.com/joshua-house-philadelphia-pa/kkk7jbb/',40.0678575,-75.0286951,'APT','PA','PHIL'),(277,'2607 Welsh Rd, Philadelphia, PA 19114, USA','https://images1.apartments.com/i2/T2e9s-G7QsEqjy2N4npRYWt1C8ZgbtYigkgGsQUxKQk/117/joshua-house-philadelphia-pa-building-photo.jpg',3,3,1055.00,'USD',1,'https://www.apartments.com/joshua-house-philadelphia-pa/kkk7jbb/',40.0678575,-75.0286951,'APT','PA','PHIL'),(278,'1651 E Mt Airy Ave, Philadelphia, PA 19150, USA','https://images1.apartments.com/i2/W9jSYr7lT0Pl-3alfeRZUlYCD7xgYJQP5abZYdjX248/117/mt-airy-arms-philadelphia-pa-building-photo.jpg',1,1,720.00,'USD',1,'https://www.apartments.com/mt-airy-arms-philadelphia-pa/7lhg6my/',40.08063900000001,-75.1701242,'APT','PA','PHIL'),(279,'1651 E Mt Airy Ave, Philadelphia, PA 19150, USA','https://images1.apartments.com/i2/W9jSYr7lT0Pl-3alfeRZUlYCD7xgYJQP5abZYdjX248/117/mt-airy-arms-philadelphia-pa-building-photo.jpg',2,2,925.00,'USD',1,'https://www.apartments.com/mt-airy-arms-philadelphia-pa/7lhg6my/',40.08063900000001,-75.1701242,'APT','PA','PHIL'),(280,'1320 W Somerville Ave, Philadelphia, PA 19141, USA','https://images1.apartments.com/i2/A1LOFakYYl4xBumaeDfN03hxXAkbB0pfe08MHmm8zcU/117/yono-philadelphia-pa-lobby.jpg',1,1,805.00,'USD',1,'https://www.apartments.com/yono-philadelphia-pa/fzzev2t/',40.0345665,-75.1442366,'APT','PA','PHIL'),(281,'1320 W Somerville Ave, Philadelphia, PA 19141, USA','https://images1.apartments.com/i2/A1LOFakYYl4xBumaeDfN03hxXAkbB0pfe08MHmm8zcU/117/yono-philadelphia-pa-lobby.jpg',1,1,1135.00,'USD',1,'https://www.apartments.com/yono-philadelphia-pa/fzzev2t/',40.0345665,-75.1442366,'APT','PA','PHIL'),(282,'7400 Haverford Ave, Philadelphia, PA 19151, USA','https://images1.apartments.com/i2/dSGY8I4ziBmVP0K4oT24Lopr51RkMgAXxw5uXv1vFvQ/117/haverford-court-philadelphia-pa-building-photo.jpg',1,1,1063.00,'USD',1,'https://www.apartments.com/haverford-court-philadelphia-pa/djqbvgj/',39.9754882,-75.2637081,'APT','PA','PHIL'),(283,'7400 Haverford Ave, Philadelphia, PA 19151, USA','https://images1.apartments.com/i2/dSGY8I4ziBmVP0K4oT24Lopr51RkMgAXxw5uXv1vFvQ/117/haverford-court-philadelphia-pa-building-photo.jpg',2,2,1141.00,'USD',1,'https://www.apartments.com/haverford-court-philadelphia-pa/djqbvgj/',39.9754882,-75.2637081,'APT','PA','PHIL'),(284,'5325 Old York Rd, Philadelphia, PA 19141, USA','https://images1.apartments.com/i2/oXkuH3_o_QeBSjtSHLzCvCQSTOX-UTaFcvX6QCWmbo4/117/the-yorkhouse-philadelphia-pa-building-photo.jpg',1,1,905.00,'USD',1,'https://www.apartments.com/the-yorkhouse-philadelphia-pa/fgw1rkt/',40.0339737,-75.1446035,'APT','PA','PHIL'),(285,'5325 Old York Rd, Philadelphia, PA 19141, USA','https://images1.apartments.com/i2/oXkuH3_o_QeBSjtSHLzCvCQSTOX-UTaFcvX6QCWmbo4/117/the-yorkhouse-philadelphia-pa-building-photo.jpg',1,1,1610.00,'USD',1,'https://www.apartments.com/the-yorkhouse-philadelphia-pa/fgw1rkt/',40.0339737,-75.1446035,'APT','PA','PHIL'),(286,'1666 Callowhill St, Philadelphia, PA 19130, USA','https://images1.apartments.com/i2/aJm-mTwPUz6nTWXyxLTextY6NQO4wWN60hhEFIONxQg/117/the-lofts-at-logan-view-philadelphia-pa-building-photo.jpg',1,1,1575.00,'USD',1,'https://www.apartments.com/the-lofts-at-logan-view-philadelphia-pa/60qcywt/',39.9601443,-75.16638460000001,'APT','PA','PHIL'),(287,'1666 Callowhill St, Philadelphia, PA 19130, USA','https://images1.apartments.com/i2/aJm-mTwPUz6nTWXyxLTextY6NQO4wWN60hhEFIONxQg/117/the-lofts-at-logan-view-philadelphia-pa-building-photo.jpg',2,2,2400.00,'USD',1,'https://www.apartments.com/the-lofts-at-logan-view-philadelphia-pa/60qcywt/',39.9601443,-75.16638460000001,'APT','PA','PHIL'),(288,'117 N 15th St, Philadelphia, PA 19102, USA','https://images1.apartments.com/i2/EhUJvhsyX-6rN6nvWbyC4GzAsaNaZYDRRLyWoK8uoCM/117/the-metropolitan-philadelphia-pa-interior-photo.jpg',1,1,1545.00,'USD',1,'https://www.apartments.com/the-metropolitan-philadelphia-pa/fmqqvsr/',39.9551377,-75.1644659,'APT','PA','PHIL'),(289,'117 N 15th St, Philadelphia, PA 19102, USA','https://images1.apartments.com/i2/EhUJvhsyX-6rN6nvWbyC4GzAsaNaZYDRRLyWoK8uoCM/117/the-metropolitan-philadelphia-pa-interior-photo.jpg',3,3,2110.00,'USD',1,'https://www.apartments.com/the-metropolitan-philadelphia-pa/fmqqvsr/',39.9551377,-75.1644659,'APT','PA','PHIL'),(290,'317 N Broad St, Philadelphia, PA 19107, USA','https://images1.apartments.com/i2/737phldjAWKjAzYKXqaXAZqrHRlFZvbTAtlB9GnzWZc/117/the-packard-motor-car-building-philadelphia-pa-building-photo.jpg',1,1,1675.00,'USD',1,'https://www.apartments.com/the-packard-motor-car-building-philadelphia-pa/561epbq/',39.9586711,-75.16170919999999,'APT','PA','PHIL'),(291,'317 N Broad St, Philadelphia, PA 19107, USA','https://images1.apartments.com/i2/737phldjAWKjAzYKXqaXAZqrHRlFZvbTAtlB9GnzWZc/117/the-packard-motor-car-building-philadelphia-pa-building-photo.jpg',2,2,2750.00,'USD',1,'https://www.apartments.com/the-packard-motor-car-building-philadelphia-pa/561epbq/',39.9586711,-75.16170919999999,'APT','PA','PHIL'),(292,'3514 Lancaster Ave, Philadelphia, PA 19104, USA','https://images1.apartments.com/i2/aTDLSEgc7TcegSX8syr9kGZyKivN4sodHwjLzr1xESM/117/the-old-quaker-building-philadelphia-pa-building-photo.jpg',1,1,1600.00,'USD',1,'https://www.apartments.com/the-old-quaker-building-philadelphia-pa/6syn5rv/',39.95806779999999,-75.193517,'APT','PA','PHIL'),(293,'3514 Lancaster Ave, Philadelphia, PA 19104, USA','https://images1.apartments.com/i2/aTDLSEgc7TcegSX8syr9kGZyKivN4sodHwjLzr1xESM/117/the-old-quaker-building-philadelphia-pa-building-photo.jpg',2,2,2030.00,'USD',1,'https://www.apartments.com/the-old-quaker-building-philadelphia-pa/6syn5rv/',39.95806779999999,-75.193517,'APT','PA','PHIL'),(294,'231 N 3rd St, Philadelphia, PA 19106, USA','https://images1.apartments.com/i2/QmVz7Gz8l5LqIAloNRTUA_aE6v58yDpZq2xaz2Qn0vA/117/the-chocolate-works-philadelphia-pa-building-photo.jpg',1,1,1450.00,'USD',1,'https://www.apartments.com/the-chocolate-works-philadelphia-pa/3b90emf/',39.9549708,-75.143987,'APT','PA','PHIL'),(295,'231 N 3rd St, Philadelphia, PA 19106, USA','https://images1.apartments.com/i2/QmVz7Gz8l5LqIAloNRTUA_aE6v58yDpZq2xaz2Qn0vA/117/the-chocolate-works-philadelphia-pa-building-photo.jpg',2,2,2475.00,'USD',1,'https://www.apartments.com/the-chocolate-works-philadelphia-pa/3b90emf/',39.9549708,-75.143987,'APT','PA','PHIL'),(296,'2301 Woodward St, Philadelphia, PA 19115, USA','https://images1.apartments.com/i2/zUxVZyZ0TAnPeSfPc4orwk9xM3GAbn_DkXIGOwQBzDc/117/evergreen-manor-philadelphia-pa-building-photo.jpg',1,1,765.00,'USD',1,'https://www.apartments.com/evergreen-manor-philadelphia-pa/krghc08/',40.0729371,-75.03974459999999,'APT','PA','PHIL'),(297,'2301 Woodward St, Philadelphia, PA 19115, USA','https://images1.apartments.com/i2/zUxVZyZ0TAnPeSfPc4orwk9xM3GAbn_DkXIGOwQBzDc/117/evergreen-manor-philadelphia-pa-building-photo.jpg',2,2,875.00,'USD',1,'https://www.apartments.com/evergreen-manor-philadelphia-pa/krghc08/',40.0729371,-75.03974459999999,'APT','PA','PHIL'),(298,'2350 Tremont St, Philadelphia, PA 19115, USA','https://images1.apartments.com/i2/9xUJ2tH8bY-OZ5hIkMEH2SBOAjhLCamzBf4jRfd6e_k/117/the-plaza-philadelphia-pa-building-photo.jpg',1,1,825.00,'USD',1,'https://www.apartments.com/the-plaza-philadelphia-pa/q9kqs5z/',40.0732323,-75.037954,'APT','PA','PHIL'),(299,'2350 Tremont St, Philadelphia, PA 19115, USA','https://images1.apartments.com/i2/9xUJ2tH8bY-OZ5hIkMEH2SBOAjhLCamzBf4jRfd6e_k/117/the-plaza-philadelphia-pa-building-photo.jpg',3,3,1350.00,'USD',1,'https://www.apartments.com/the-plaza-philadelphia-pa/q9kqs5z/',40.0732323,-75.037954,'APT','PA','PHIL'),(300,'2375 Woodward St, Philadelphia, PA 19115, USA','https://images1.apartments.com/i2/ZjB4a9YnYW_cYftmXvc9jb2BqT10AC4BA1bjdR6EfI4/117/the-towers-philadelphia-pa-building-photo.jpg',1,1,775.00,'USD',1,'https://www.apartments.com/the-towers-philadelphia-pa/hlg04t3/',40.0723585,-75.03882949999999,'APT','PA','PHIL'),(301,'2375 Woodward St, Philadelphia, PA 19115, USA','https://images1.apartments.com/i2/ZjB4a9YnYW_cYftmXvc9jb2BqT10AC4BA1bjdR6EfI4/117/the-towers-philadelphia-pa-building-photo.jpg',2,2,1300.00,'USD',1,'https://www.apartments.com/the-towers-philadelphia-pa/hlg04t3/',40.0723585,-75.03882949999999,'APT','PA','PHIL'),(302,'2275 Winchester Ave, Philadelphia, PA 19115, USA','https://images1.apartments.com/i2/fsu4EwmDjU4K5ZZMGTPZ8SA0385RY0_x0-ei2lPyL9o/117/terrace-south-philadelphia-pa-building-photo.jpg',1,1,775.00,'USD',1,'https://www.apartments.com/terrace-south-philadelphia-pa/jghjkq4/',40.073982,-75.040177,'APT','PA','PHIL'),(303,'2275 Winchester Ave, Philadelphia, PA 19115, USA','https://images1.apartments.com/i2/fsu4EwmDjU4K5ZZMGTPZ8SA0385RY0_x0-ei2lPyL9o/117/terrace-south-philadelphia-pa-building-photo.jpg',2,2,1125.00,'USD',1,'https://www.apartments.com/terrace-south-philadelphia-pa/jghjkq4/',40.073982,-75.040177,'APT','PA','PHIL'),(304,'2116 Chestnut St, Philadelphia, PA 19103, USA','https://images1.apartments.com/i2/2O3y9gpUeFrqPlqFoMSSpFT0FQc_bbXwZkGrw60Rt_Q/117/2116-chestnut-philadelphia-pa-building-photo.jpg',1,1,1753.00,'USD',1,'https://www.apartments.com/2116-chestnut-philadelphia-pa/w8xrmsk/',39.9521743,-75.17640229999999,'APT','PA','PHIL'),(305,'2116 Chestnut St, Philadelphia, PA 19103, USA','https://images1.apartments.com/i2/2O3y9gpUeFrqPlqFoMSSpFT0FQc_bbXwZkGrw60Rt_Q/117/2116-chestnut-philadelphia-pa-building-photo.jpg',2,2,9221.00,'USD',1,'https://www.apartments.com/2116-chestnut-philadelphia-pa/w8xrmsk/',39.9521743,-75.17640229999999,'APT','PA','PHIL'),(306,'4404 Walnut St, Philadelphia, PA 19104, USA','https://images1.apartments.com/i2/8ux-RppTPypHrI1gutP9RG5jYs__TVxFsqO-HZMWhIw/117/westwood-philadelphia-pa-building-photo.jpg',1,1,1350.00,'USD',1,'https://www.apartments.com/westwood-philadelphia-pa/wb30bdj/',39.95484099999999,-75.210639,'APT','PA','PHIL'),(307,'4404 Walnut St, Philadelphia, PA 19104, USA','https://images1.apartments.com/i2/8ux-RppTPypHrI1gutP9RG5jYs__TVxFsqO-HZMWhIw/117/westwood-philadelphia-pa-building-photo.jpg',5,5,2795.00,'USD',1,'https://www.apartments.com/westwood-philadelphia-pa/wb30bdj/',39.95484099999999,-75.210639,'APT','PA','PHIL'),(308,'2220 Walnut St, Philadelphia, PA 19103, USA','https://images1.apartments.com/i2/weMrddVdcELv7DfAma4i0APAwoyI-r7J6jKMoRXu6kM/117/roosevelt-philadelphia-pa-building-photo.jpg',1,1,1155.00,'USD',1,'https://www.apartments.com/roosevelt-philadelphia-pa/kwhwv29/',39.9508622,-75.17830289999999,'APT','PA','PHIL'),(309,'2220 Walnut St, Philadelphia, PA 19103, USA','https://images1.apartments.com/i2/weMrddVdcELv7DfAma4i0APAwoyI-r7J6jKMoRXu6kM/117/roosevelt-philadelphia-pa-building-photo.jpg',3,3,5995.00,'USD',1,'https://www.apartments.com/roosevelt-philadelphia-pa/kwhwv29/',39.9508622,-75.17830289999999,'APT','PA','PHIL'),(310,'3737 Chestnut St, Philadelphia, PA 19104, USA','https://images1.apartments.com/i2/92D4XVtVH1imvvu0D1Jb1HIT2WG6p9qZzKz5ZyFZcrE/117/3737-chestnut-philadelphia-pa-enjoy-amazing-views-while-youre-cooking-.jpg',1,1,1799.00,'USD',1,'https://www.apartments.com/3737-chestnut-philadelphia-pa/4dn8nnj/',39.955369,-75.19802039999999,'APT','PA','PHIL'),(311,'3737 Chestnut St, Philadelphia, PA 19104, USA','https://images1.apartments.com/i2/92D4XVtVH1imvvu0D1Jb1HIT2WG6p9qZzKz5ZyFZcrE/117/3737-chestnut-philadelphia-pa-enjoy-amazing-views-while-youre-cooking-.jpg',2,2,3171.00,'USD',1,'https://www.apartments.com/3737-chestnut-philadelphia-pa/4dn8nnj/',39.955369,-75.19802039999999,'APT','PA','PHIL'),(312,'7600 Stenton Ave, Philadelphia, PA 19118, USA','https://images1.apartments.com/i2/JNhrtxSDDn3t_sXUufTp-CQAWrDzf0nYyIXQazlGz9M/117/chestnut-hill-tower-philadelphia-pa-building-photo.jpg',1,1,1120.00,'USD',1,'https://www.apartments.com/chestnut-hill-tower-philadelphia-pa/txhrqp9/',40.0732407,-75.1906679,'APT','PA','PHIL'),(313,'7600 Stenton Ave, Philadelphia, PA 19118, USA','https://images1.apartments.com/i2/JNhrtxSDDn3t_sXUufTp-CQAWrDzf0nYyIXQazlGz9M/117/chestnut-hill-tower-philadelphia-pa-building-photo.jpg',3,3,2500.00,'USD',1,'https://www.apartments.com/chestnut-hill-tower-philadelphia-pa/txhrqp9/',40.0732407,-75.1906679,'APT','PA','PHIL'),(314,'201 W Evergreen Ave, Philadelphia, PA 19118, USA','https://images1.apartments.com/i2/Tkztu--cp_TOJnJ1l9JVp6mmW-_KxiUEBivFDI1RXqc/117/hill-house-philadelphia-pa-building-photo.jpg',1,1,972.00,'USD',1,'https://www.apartments.com/hill-house-philadelphia-pa/930jrs4/',40.0739576,-75.2102524,'APT','PA','PHIL'),(315,'201 W Evergreen Ave, Philadelphia, PA 19118, USA','https://images1.apartments.com/i2/Tkztu--cp_TOJnJ1l9JVp6mmW-_KxiUEBivFDI1RXqc/117/hill-house-philadelphia-pa-building-photo.jpg',3,3,2916.00,'USD',1,'https://www.apartments.com/hill-house-philadelphia-pa/930jrs4/',40.0739576,-75.2102524,'APT','PA','PHIL'),(316,'9951 Academy Rd, Philadelphia, PA 19114, USA','https://images1.apartments.com/i2/vnUqyzReLZPlO8peniLcNld8vMvqTvnSnnrQKZHwrqY/117/canterbury-court-philadelphia-pa-building-photo.jpg',1,1,900.00,'USD',1,'https://www.apartments.com/canterbury-court-philadelphia-pa/1n3t3j6/',40.0780289,-74.9988162,'APT','PA','PHIL'),(317,'9951 Academy Rd, Philadelphia, PA 19114, USA','https://images1.apartments.com/i2/vnUqyzReLZPlO8peniLcNld8vMvqTvnSnnrQKZHwrqY/117/canterbury-court-philadelphia-pa-building-photo.jpg',2,2,2100.00,'USD',1,'https://www.apartments.com/canterbury-court-philadelphia-pa/1n3t3j6/',40.0780289,-74.9988162,'APT','PA','PHIL'),(318,'155 E Godfrey Ave, Philadelphia, PA 19120, USA','https://images1.apartments.com/i2/fXE4DsWp7akBLLl4oEBtcZYlMyS4F8gF5LuYg9--8Wk/117/park-waverly-philadelphia-pa-building-photo.jpg',1,1,780.00,'USD',1,'https://www.apartments.com/park-waverly-philadelphia-pa/e1djx4m/',40.0445524,-75.1142758,'APT','PA','PHIL'),(319,'155 E Godfrey Ave, Philadelphia, PA 19120, USA','https://images1.apartments.com/i2/fXE4DsWp7akBLLl4oEBtcZYlMyS4F8gF5LuYg9--8Wk/117/park-waverly-philadelphia-pa-building-photo.jpg',2,2,1515.00,'USD',1,'https://www.apartments.com/park-waverly-philadelphia-pa/e1djx4m/',40.0445524,-75.1142758,'APT','PA','PHIL'),(320,'259 W Johnson St, Philadelphia, PA 19144, USA','https://images1.apartments.com/i2/hZlf2JRbfDlW9n8q05HG5qLFspwrAERDAq45odEpstc/117/greene-manor-philadelphia-pa-building-photo.jpg',1,1,795.00,'USD',1,'https://www.apartments.com/greene-manor-philadelphia-pa/91kmnx6/',40.041434,-75.1871098,'APT','PA','PHIL'),(321,'259 W Johnson St, Philadelphia, PA 19144, USA','https://images1.apartments.com/i2/hZlf2JRbfDlW9n8q05HG5qLFspwrAERDAq45odEpstc/117/greene-manor-philadelphia-pa-building-photo.jpg',3,3,2055.00,'USD',1,'https://www.apartments.com/greene-manor-philadelphia-pa/91kmnx6/',40.041434,-75.1871098,'APT','PA','PHIL'),(322,'9213 Blue Grass Rd, Philadelphia, PA 19114, USA','https://images1.apartments.com/i2/fDKTp6RB81C30NqeuNhO8P31CxHcM3YbqZFyi-hjaL8/117/blue-grass-estates-philadelphia-pa-building-photo.jpg',1,1,775.00,'USD',1,'https://www.apartments.com/blue-grass-estates-philadelphia-pa/eqlchvp/',40.0715959,-75.0296943,'APT','PA','PHIL'),(323,'9213 Blue Grass Rd, Philadelphia, PA 19114, USA','https://images1.apartments.com/i2/fDKTp6RB81C30NqeuNhO8P31CxHcM3YbqZFyi-hjaL8/117/blue-grass-estates-philadelphia-pa-building-photo.jpg',3,3,1275.00,'USD',1,'https://www.apartments.com/blue-grass-estates-philadelphia-pa/eqlchvp/',40.0715959,-75.0296943,'APT','PA','PHIL'),(324,'250 S 17th St, Philadelphia, PA 19103, USA','https://images1.apartments.com/i2/EMxvwEbXs7Som2cYsTOi77UQo0lWq3OodNgqUNN_aeI/117/furnished-rittenhouse-square-one-bedroom-philadelphia-pa-building-foyer.jpg',1,1,2200.00,'USD',1,'https://www.apartments.com/furnished-rittenhouse-square-one-bedroom-philadelphia-pa/9s86gs4/',39.9483682,-75.16963969999999,'APT','PA','PHIL'),(325,'7373 Ridge Ave, Philadelphia, PA 19128, USA','https://images1.apartments.com/i2/1D-_hzgJpLa2Q20cDiP9neQCCBSNzczhTuhSUxTv-tk/117/ridge-carlton-apartments-philadelphia-pa-other.jpg',1,1,969.00,'USD',1,'https://www.apartments.com/ridge-carlton-apartments-philadelphia-pa/9beej87/',40.0477876,-75.2340371,'APT','PA','PHIL'),(326,'7373 Ridge Ave, Philadelphia, PA 19128, USA','https://images1.apartments.com/i2/1D-_hzgJpLa2Q20cDiP9neQCCBSNzczhTuhSUxTv-tk/117/ridge-carlton-apartments-philadelphia-pa-other.jpg',2,2,1489.00,'USD',1,'https://www.apartments.com/ridge-carlton-apartments-philadelphia-pa/9beej87/',40.0477876,-75.2340371,'APT','PA','PHIL'),(327,'8526 Alicia St, Philadelphia, PA 19111, USA','https://images1.apartments.com/i2/KrqLWPq5Yc6vQ2rfVr9zMUSXCr8CI51vuVLB5pQorqg/117/montclair-duplex-apartments-philadelphia-pa-interior-photo.jpg',2,2,1015.00,'USD',1,'https://www.apartments.com/montclair-duplex-apartments-philadelphia-pa/y7jtpvt/',40.0828824,-75.0746746,'APT','PA','PHIL'),(328,'4328 Ridge Ave, Philadelphia, PA 19129, USA','https://images1.apartments.com/i2/yCN_vyT5-nHblxjS4cI9yndkIt44sXY5MtqHlyUugfY/117/falls-bridge-lofts-philadelphia-pa-interior-photo.jpg',1,1,1300.00,'USD',1,'https://www.apartments.com/falls-bridge-lofts-philadelphia-pa/vwnwvqe/',40.0100069,-75.1967952,'APT','PA','PHIL'),(329,'4328 Ridge Ave, Philadelphia, PA 19129, USA','https://images1.apartments.com/i2/yCN_vyT5-nHblxjS4cI9yndkIt44sXY5MtqHlyUugfY/117/falls-bridge-lofts-philadelphia-pa-interior-photo.jpg',2,2,2300.00,'USD',1,'https://www.apartments.com/falls-bridge-lofts-philadelphia-pa/vwnwvqe/',40.0100069,-75.1967952,'APT','PA','PHIL'),(330,'640 N Broad St, Philadelphia, PA 19130, USA','https://images1.apartments.com/i2/zGI6erEA9sL9e0uDnhUjtLLmwXh0-PP_IjRc-PSNmHA/117/lofts-640-philadelphia-pa-building-photo.jpg',1,1,1510.00,'USD',1,'https://www.apartments.com/lofts-640-philadelphia-pa/bwg3mxc/',39.9649922,-75.16177929999999,'APT','PA','PHIL'),(331,'640 N Broad St, Philadelphia, PA 19130, USA','https://images1.apartments.com/i2/zGI6erEA9sL9e0uDnhUjtLLmwXh0-PP_IjRc-PSNmHA/117/lofts-640-philadelphia-pa-building-photo.jpg',2,2,2400.00,'USD',1,'https://www.apartments.com/lofts-640-philadelphia-pa/bwg3mxc/',39.9649922,-75.16177929999999,'APT','PA','PHIL'),(332,'7165 Keystone St, Philadelphia, PA 19135, USA','https://images1.apartments.com/i2/rmjj2hF_zBL1F2Ds7ZLPSgtBlCnbT4JwsSbgIjegAXA/117/keystone-lofts-philadelphia-pa-building-photo.jpg',1,1,895.00,'USD',1,'https://www.apartments.com/keystone-lofts-philadelphia-pa/cqsll4d/',40.0268387,-75.0340271,'APT','PA','PHIL'),(333,'7165 Keystone St, Philadelphia, PA 19135, USA','https://images1.apartments.com/i2/rmjj2hF_zBL1F2Ds7ZLPSgtBlCnbT4JwsSbgIjegAXA/117/keystone-lofts-philadelphia-pa-building-photo.jpg',2,2,1595.00,'USD',1,'https://www.apartments.com/keystone-lofts-philadelphia-pa/cqsll4d/',40.0268387,-75.0340271,'APT','PA','PHIL'),(334,'123 W Tulpehocken St, Philadelphia, PA 19144, USA','https://images1.apartments.com/i2/6vewjb41CPBLRZ4w1d5i5hEz1gl1J821Q5pP5fdzb1g/117/copley-manor-philadelphia-pa-building-photo.jpg',1,1,675.00,'USD',1,'https://www.apartments.com/copley-manor-philadelphia-pa/nset86q/',40.03976919999999,-75.18276139999999,'APT','PA','PHIL'),(335,'123 W Tulpehocken St, Philadelphia, PA 19144, USA','https://images1.apartments.com/i2/6vewjb41CPBLRZ4w1d5i5hEz1gl1J821Q5pP5fdzb1g/117/copley-manor-philadelphia-pa-building-photo.jpg',1,1,995.00,'USD',1,'https://www.apartments.com/copley-manor-philadelphia-pa/nset86q/',40.03976919999999,-75.18276139999999,'APT','PA','PHIL'),(336,'3601 Conshohocken Ave, Philadelphia, PA 19131, USA','https://images1.apartments.com/i2/Z1FzDyihZQ-Wpzlv3au4-dWPp7MLYtMg3yoSoyRgcmw/117/west-river-apartments-philadelphia-pa-building-photo.jpg',1,1,1040.00,'USD',1,'https://www.apartments.com/west-river-apartments-philadelphia-pa/7c47vez/',40.0046326,-75.2034511,'APT','PA','PHIL'),(337,'3601 Conshohocken Ave, Philadelphia, PA 19131, USA','https://images1.apartments.com/i2/Z1FzDyihZQ-Wpzlv3au4-dWPp7MLYtMg3yoSoyRgcmw/117/west-river-apartments-philadelphia-pa-building-photo.jpg',2,2,1410.00,'USD',1,'https://www.apartments.com/west-river-apartments-philadelphia-pa/7c47vez/',40.0046326,-75.2034511,'APT','PA','PHIL'),(338,'3112 Grant Ave, Philadelphia, PA 19114, USA','https://images1.apartments.com/i2/7zCYnujOme3itm67bwrDxCoDR1H_nwPUSCXYrxvAJo8/117/wimbledon-court-philadelphia-pa-building-photo.jpg',2,2,1175.00,'USD',1,'https://www.apartments.com/wimbledon-court-philadelphia-pa/761klcx/',40.070916,-75.0105181,'APT','PA','PHIL'),(339,'3100 Grant Ave, Philadelphia, PA 19114, USA','https://images1.apartments.com/i2/LO5RgayXSpNLVoLScb7i_aRGs6Pup4YqAVOK1SLiVrY/117/grant-meadows-philadelphia-pa-building-photo.jpg',1,1,675.00,'USD',1,'https://www.apartments.com/grant-meadows-philadelphia-pa/5j9bncp/',40.0703308,-75.01138279999999,'APT','PA','PHIL'),(340,'3100 Grant Ave, Philadelphia, PA 19114, USA','https://images1.apartments.com/i2/LO5RgayXSpNLVoLScb7i_aRGs6Pup4YqAVOK1SLiVrY/117/grant-meadows-philadelphia-pa-building-photo.jpg',2,2,975.00,'USD',1,'https://www.apartments.com/grant-meadows-philadelphia-pa/5j9bncp/',40.0703308,-75.01138279999999,'APT','PA','PHIL'),(341,'4400 Spruce St, Philadelphia, PA 19104, USA','https://images1.apartments.com/i2/JBtnkk6BxGPVy36Ed_w7eYuoUEU6ad0mnMKhCwyQV0c/117/spruce-hill-court-philadelphia-pa-primary-photo.jpg',1,1,1625.00,'USD',1,'https://www.apartments.com/spruce-hill-court-philadelphia-pa/fjsv6ht/',39.9523257,-75.2110761,'APT','PA','PHIL'),(342,'4400 Spruce St, Philadelphia, PA 19104, USA','https://images1.apartments.com/i2/JBtnkk6BxGPVy36Ed_w7eYuoUEU6ad0mnMKhCwyQV0c/117/spruce-hill-court-philadelphia-pa-primary-photo.jpg',4,4,3200.00,'USD',1,'https://www.apartments.com/spruce-hill-court-philadelphia-pa/fjsv6ht/',39.9523257,-75.2110761,'APT','PA','PHIL'),(343,'9355 State Rd, Philadelphia, PA 19114, USA','https://images1.apartments.com/i2/Zv3dqQrrBZof2m3tATNqhvXSHf47MjzuFeZ86gzoasI/117/the-apartments-at-delaire-landing-philadelphia-pa-interior-photo.jpg',1,1,1072.00,'USD',1,'https://www.apartments.com/the-apartments-at-delaire-landing-philadelphia-pa/kl6x868/',40.0481539,-74.9903479,'APT','PA','PHIL'),(344,'9355 State Rd, Philadelphia, PA 19114, USA','https://images1.apartments.com/i2/Zv3dqQrrBZof2m3tATNqhvXSHf47MjzuFeZ86gzoasI/117/the-apartments-at-delaire-landing-philadelphia-pa-interior-photo.jpg',2,2,1332.00,'USD',1,'https://www.apartments.com/the-apartments-at-delaire-landing-philadelphia-pa/kl6x868/',40.0481539,-74.9903479,'APT','PA','PHIL'),(345,'2661 Willits Rd, Philadelphia, PA 19114, USA','https://images1.apartments.com/i2/Uwnw_Gx6T_nvFCfNnnQdwz2vkGsAO6swsW4Y5pgnd-Q/117/welshwood-apartments-philadelphia-pa-building-photo.jpg',1,1,775.00,'USD',1,'https://www.apartments.com/welshwood-apartments-philadelphia-pa/4lmyyxh/',40.0674807,-75.0278249,'APT','PA','PHIL'),(346,'2661 Willits Rd, Philadelphia, PA 19114, USA','https://images1.apartments.com/i2/Uwnw_Gx6T_nvFCfNnnQdwz2vkGsAO6swsW4Y5pgnd-Q/117/welshwood-apartments-philadelphia-pa-building-photo.jpg',2,2,1150.00,'USD',1,'https://www.apartments.com/welshwood-apartments-philadelphia-pa/4lmyyxh/',40.0674807,-75.0278249,'APT','PA','PHIL'),(347,'7950 Henry Ave, Philadelphia, PA 19128, USA','https://images1.apartments.com/i2/CBLV0pJxEqGcy9MraWY4hYu5vRGcNo5c0I0HAnoeW0A/117/valley-high-apartments-philadelphia-pa-interior-photo.jpg',1,1,1130.00,'USD',1,'https://www.apartments.com/valley-high-apartments-philadelphia-pa/4s1f6qh/',40.0560026,-75.23311079999999,'APT','PA','PHIL'),(348,'7950 Henry Ave, Philadelphia, PA 19128, USA','https://images1.apartments.com/i2/CBLV0pJxEqGcy9MraWY4hYu5vRGcNo5c0I0HAnoeW0A/117/valley-high-apartments-philadelphia-pa-interior-photo.jpg',2,2,1370.00,'USD',1,'https://www.apartments.com/valley-high-apartments-philadelphia-pa/4s1f6qh/',40.0560026,-75.23311079999999,'APT','PA','PHIL'),(349,'8200 Henry Ave, Philadelphia, PA 19128, USA','https://images1.apartments.com/i2/bMkjobfvdSm4hz2fVn-gl3t6594NBdKSPzblv9bBnRg/117/woodmere-philadelphia-pa-building-photo.jpg',1,1,1101.00,'USD',1,'https://www.apartments.com/woodmere-philadelphia-pa/1e5l5h6/',40.0597643,-75.2366916,'APT','PA','PHIL'),(350,'8200 Henry Ave, Philadelphia, PA 19128, USA','https://images1.apartments.com/i2/bMkjobfvdSm4hz2fVn-gl3t6594NBdKSPzblv9bBnRg/117/woodmere-philadelphia-pa-building-photo.jpg',2,2,1365.00,'USD',1,'https://www.apartments.com/woodmere-philadelphia-pa/1e5l5h6/',40.0597643,-75.2366916,'APT','PA','PHIL'),(351,'1151 N 3rd St, Philadelphia, PA 19123, USA','https://images1.apartments.com/i2/P0XJ6HdIZsueFpLN-UVxkt97m-CJWBo-IfPsJGUBw5k/117/the-becker-philadelphia-pa-building-photo.jpg',1,1,1650.00,'USD',1,'https://www.apartments.com/the-becker-philadelphia-pa/tzs41rb/',39.969169,-75.14142799999999,'APT','PA','PHIL'),(352,'1151 N 3rd St, Philadelphia, PA 19123, USA','https://images1.apartments.com/i2/P0XJ6HdIZsueFpLN-UVxkt97m-CJWBo-IfPsJGUBw5k/117/the-becker-philadelphia-pa-building-photo.jpg',2,2,2120.00,'USD',1,'https://www.apartments.com/the-becker-philadelphia-pa/tzs41rb/',39.969169,-75.14142799999999,'APT','PA','PHIL'),(353,'1 Brown St, Philadelphia, PA 19123, USA','https://images1.apartments.com/i2/9tROkQhja7SsgdU0A8bSthS-haz6QpSKfc_Y69i8yqA/117/penn-treaty-village-pennthouses-philadelphia-pa-building-photo.jpg',1,1,1960.00,'USD',1,'https://www.apartments.com/penn-treaty-village-pennthouses-philadelphia-pa/6fxklcs/',39.962326,-75.13697379999999,'APT','PA','PHIL'),(354,'1 Brown St, Philadelphia, PA 19123, USA','https://images1.apartments.com/i2/9tROkQhja7SsgdU0A8bSthS-haz6QpSKfc_Y69i8yqA/117/penn-treaty-village-pennthouses-philadelphia-pa-building-photo.jpg',3,3,3850.00,'USD',1,'https://www.apartments.com/penn-treaty-village-pennthouses-philadelphia-pa/6fxklcs/',39.962326,-75.13697379999999,'APT','PA','PHIL'),(355,'3510 Scotts Ln, Philadelphia, PA 19129, USA','https://images1.apartments.com/i2/NVqBry7L4GbsHYnKigry57FKRT0TFyFbjrVmzivM5TE/117/scotts-mills---east-falls-philadelphia-pa-building-photo.jpg',1,1,1175.00,'USD',1,'https://www.apartments.com/scotts-mills-east-falls-philadelphia-pa/zcppnly/',40.0067195,-75.1877523,'APT','PA','PHIL'),(356,'3510 Scotts Ln, Philadelphia, PA 19129, USA','https://images1.apartments.com/i2/NVqBry7L4GbsHYnKigry57FKRT0TFyFbjrVmzivM5TE/117/scotts-mills---east-falls-philadelphia-pa-building-photo.jpg',2,2,1795.00,'USD',1,'https://www.apartments.com/scotts-mills-east-falls-philadelphia-pa/zcppnly/',40.0067195,-75.1877523,'APT','PA','PHIL'),(357,'410 Shurs Ln, Philadelphia, PA 19128, USA','https://images1.apartments.com/i2/UbMjEYWLES_RLDKAmsOHTjj2JDQWZDhIGJjLylxh7Cc/117/410-shurs-lane-philadelphia-pa-interior-photo.jpg',1,1,1475.00,'USD',1,'https://www.apartments.com/410-shurs-lane-philadelphia-pa/fs58ghs/',40.0258076,-75.2122574,'APT','PA','PHIL'),(358,'1050 N Hancock St, Philadelphia, PA 19123, USA','https://images1.apartments.com/i2/P-ANgEKsmZNtoBRoEnmCxZSEXrYRMjx9FY-IuKcQPwo/117/navona-philadelphia-pa-building-photo.jpg',1,1,1515.00,'USD',1,'https://www.apartments.com/navona-philadelphia-pa/kn9df8b/',39.9664438,-75.13957599999999,'APT','PA','PHIL'),(359,'1050 N Hancock St, Philadelphia, PA 19123, USA','https://images1.apartments.com/i2/P-ANgEKsmZNtoBRoEnmCxZSEXrYRMjx9FY-IuKcQPwo/117/navona-philadelphia-pa-building-photo.jpg',2,2,2300.00,'USD',1,'https://www.apartments.com/navona-philadelphia-pa/kn9df8b/',39.9664438,-75.13957599999999,'APT','PA','PHIL'),(360,'1030 N 2nd St, Philadelphia, PA 19123, USA','https://images1.apartments.com/i2/s0V02A6881tXwl2S-Kv8M9s_k42r-FIlJ11agb0i3w8/117/liberties-walk-at-schmidts-philadelphia-pa-building-photo.jpg',1,1,1500.00,'USD',1,'https://www.apartments.com/liberties-walk-at-schmidts-philadelphia-pa/phsrvys/',39.9671393,-75.1404044,'APT','PA','PHIL'),(361,'1030 N 2nd St, Philadelphia, PA 19123, USA','https://images1.apartments.com/i2/s0V02A6881tXwl2S-Kv8M9s_k42r-FIlJ11agb0i3w8/117/liberties-walk-at-schmidts-philadelphia-pa-building-photo.jpg',3,3,2700.00,'USD',1,'https://www.apartments.com/liberties-walk-at-schmidts-philadelphia-pa/phsrvys/',39.9671393,-75.1404044,'APT','PA','PHIL'),(362,'9200 Bustleton Ave, Philadelphia, PA 19115, USA','https://images1.apartments.com/i2/Pvs4juqYI4841zlxsrus9BmZ-ZC7RNUkDQelkoXGK_0/117/heatherwood-apartments-philadelphia-pa-building-photo.jpg',1,1,865.00,'USD',1,'https://www.apartments.com/heatherwood-apartments-philadelphia-pa/ehl3nwn/',40.0819082,-75.0426161,'APT','PA','PHIL'),(363,'9200 Bustleton Ave, Philadelphia, PA 19115, USA','https://images1.apartments.com/i2/Pvs4juqYI4841zlxsrus9BmZ-ZC7RNUkDQelkoXGK_0/117/heatherwood-apartments-philadelphia-pa-building-photo.jpg',2,2,1050.00,'USD',1,'https://www.apartments.com/heatherwood-apartments-philadelphia-pa/ehl3nwn/',40.0819082,-75.0426161,'APT','PA','PHIL'),(364,'5450 Wissahickon Ave, Philadelphia, PA 19144, USA','https://images1.apartments.com/i2/w9Wpj4z3lCHJ0fospQsjkhWgWjNGICLbATfkDTnhF4w/117/charter-court-at-east-falls-philadelphia-pa-primary-photo.jpg',1,1,875.00,'USD',1,'https://www.apartments.com/charter-court-at-east-falls-philadelphia-pa/y48p92r/',40.02457520000001,-75.1811665,'APT','PA','PHIL'),(365,'5450 Wissahickon Ave, Philadelphia, PA 19144, USA','https://images1.apartments.com/i2/w9Wpj4z3lCHJ0fospQsjkhWgWjNGICLbATfkDTnhF4w/117/charter-court-at-east-falls-philadelphia-pa-primary-photo.jpg',2,2,1550.00,'USD',1,'https://www.apartments.com/charter-court-at-east-falls-philadelphia-pa/y48p92r/',40.02457520000001,-75.1811665,'APT','PA','PHIL'),(366,'13109 Bustleton Ave, Philadelphia, PA 19116, USA','https://images1.apartments.com/i2/lbuq85rMk4k18CYzSGbgSIQEAMpfQ-7bGLPmG-Q_zN4/117/somerton-court-apartments-philadelphia-pa-building-photo.jpg',1,1,820.00,'USD',1,'https://www.apartments.com/somerton-court-apartments-philadelphia-pa/t8wwh8c/',40.127973,-75.01356559999999,'APT','PA','PHIL'),(367,'13109 Bustleton Ave, Philadelphia, PA 19116, USA','https://images1.apartments.com/i2/lbuq85rMk4k18CYzSGbgSIQEAMpfQ-7bGLPmG-Q_zN4/117/somerton-court-apartments-philadelphia-pa-building-photo.jpg',2,2,1045.00,'USD',1,'https://www.apartments.com/somerton-court-apartments-philadelphia-pa/t8wwh8c/',40.127973,-75.01356559999999,'APT','PA','PHIL'),(368,'8040 Rowland Ave, Philadelphia, PA 19136, USA','https://images1.apartments.com/i2/M19yL_6l3m6x0BUWZXERRDTy1oEkvYVcmYiChIzTQEA/117/park-terrace-apartments-philadelphia-pa-building-photo.jpg',1,1,810.00,'USD',1,'https://www.apartments.com/park-terrace-apartments-philadelphia-pa/75qzw0z/',40.0471635,-75.0304656,'APT','PA','PHIL'),(369,'8040 Rowland Ave, Philadelphia, PA 19136, USA','https://images1.apartments.com/i2/M19yL_6l3m6x0BUWZXERRDTy1oEkvYVcmYiChIzTQEA/117/park-terrace-apartments-philadelphia-pa-building-photo.jpg',2,2,1070.00,'USD',1,'https://www.apartments.com/park-terrace-apartments-philadelphia-pa/75qzw0z/',40.0471635,-75.0304656,'APT','PA','PHIL'),(370,'6803 Emlen St, Philadelphia, PA 19119, USA','https://images1.apartments.com/i2/Vwfld_5ga0ClXKd7aIRPRpKrHqAcEsK-Wm_a0OKbHII/117/pelham-court-apartments-philadelphia-pa-primary-photo.jpg',1,1,865.00,'USD',1,'https://www.apartments.com/pelham-court-apartments-philadelphia-pa/v2pbmwf/',40.0498157,-75.19010530000001,'APT','PA','PHIL'),(371,'6803 Emlen St, Philadelphia, PA 19119, USA','https://images1.apartments.com/i2/Vwfld_5ga0ClXKd7aIRPRpKrHqAcEsK-Wm_a0OKbHII/117/pelham-court-apartments-philadelphia-pa-primary-photo.jpg',2,2,1325.00,'USD',1,'https://www.apartments.com/pelham-court-apartments-philadelphia-pa/v2pbmwf/',40.0498157,-75.19010530000001,'APT','PA','PHIL'),(372,'4620 Sansom St, Philadelphia, PA 19139, USA','https://images1.apartments.com/i2/B39aiExe8iaf4Fs3MoYM6jmggwZP68KpbTSat-Fv8sg/117/u-city-flats-building-philadelphia-pa-interior-photo.jpg',2,2,1550.00,'USD',1,'https://www.apartments.com/u-city-flats-building-philadelphia-pa/ncc6h5m/',39.956151,-75.214384,'APT','PA','PHIL'),(373,'516 S 42nd St, Philadelphia, PA 19104, USA','https://images1.apartments.com/i2/CMAPULgvkECMUSLZqP-bYCruvfFlyvSXY8_531XAVIQ/117/alexandria-apartments-philadelphia-pa-building-photo.jpg',3,3,1500.00,'USD',2,'https://www.apartments.com/alexandria-apartments-philadelphia-pa/cq5ctsf/',39.948815,-75.20733899999999,'APT','PA','PHIL'),(374,'2222 Walnut St, Philadelphia, PA 19103, USA','https://images1.apartments.com/i2/J4WzosBShh4icqH2Xl1MVkvTgtsryR7Hu6If_osNmQA/117/the-roosevelt-edition-philadelphia-pa-building-photo.jpg',1,1,1745.00,'USD',1,'https://www.apartments.com/the-roosevelt-edition-philadelphia-pa/2mg9e19/',39.9509707,-75.178349,'APT','PA','PHIL'),(375,'2222 Walnut St, Philadelphia, PA 19103, USA','https://images1.apartments.com/i2/J4WzosBShh4icqH2Xl1MVkvTgtsryR7Hu6If_osNmQA/117/the-roosevelt-edition-philadelphia-pa-building-photo.jpg',1,1,2095.00,'USD',1,'https://www.apartments.com/the-roosevelt-edition-philadelphia-pa/2mg9e19/',39.9509707,-75.178349,'APT','PA','PHIL'),(376,'2300 Walnut St, Philadelphia, PA 19103, USA','https://images1.apartments.com/i2/KlKpGtlcyqBuVQ9bBXif1XYV3Y2KHaFkAI6_RNKYLJQ/117/the-riverloft-apartment-homes-philadelphia-pa-building-photo.jpg',1,1,1778.00,'USD',1,'https://www.apartments.com/the-riverloft-apartment-homes-philadelphia-pa/jjsmwp7/',39.9508979,-75.1790625,'APT','PA','PHIL'),(377,'2300 Walnut St, Philadelphia, PA 19103, USA','https://images1.apartments.com/i2/KlKpGtlcyqBuVQ9bBXif1XYV3Y2KHaFkAI6_RNKYLJQ/117/the-riverloft-apartment-homes-philadelphia-pa-building-photo.jpg',3,3,7751.00,'USD',1,'https://www.apartments.com/the-riverloft-apartment-homes-philadelphia-pa/jjsmwp7/',39.9508979,-75.1790625,'APT','PA','PHIL'),(378,'9601 Ashton Rd, Philadelphia, PA 19114, USA','https://images1.apartments.com/i2/knek3FwQ2jkLtTkwksnYEb-7fn7j-JRMav4NPciweTg/117/victoria-woods-apartments-and-townhomes-philadelphia-pa-building-photo.jpg',1,1,750.00,'USD',1,'https://www.apartments.com/victoria-woods-apartments-and-townhomes-philadelphia-pa/lwf6l2f/',40.070193,-75.01470189999999,'APT','PA','PHIL'),(379,'9601 Ashton Rd, Philadelphia, PA 19114, USA','https://images1.apartments.com/i2/knek3FwQ2jkLtTkwksnYEb-7fn7j-JRMav4NPciweTg/117/victoria-woods-apartments-and-townhomes-philadelphia-pa-building-photo.jpg',2,2,1060.00,'USD',1,'https://www.apartments.com/victoria-woods-apartments-and-townhomes-philadelphia-pa/lwf6l2f/',40.070193,-75.01470189999999,'APT','PA','PHIL'),(380,'10960 Bustleton Ave, Philadelphia, PA 19116, USA','https://images1.apartments.com/i2/harKUxCT0po_HqNX8e_DN0bR9lj1hqkGMfNwS7WObpY/117/ashley-court-apartments-philadelphia-pa-building-photo.jpg',1,1,675.00,'USD',1,'https://www.apartments.com/ashley-court-apartments-philadelphia-pa/ldfx4kg/',40.1129332,-75.0234822,'APT','PA','PHIL'),(381,'10960 Bustleton Ave, Philadelphia, PA 19116, USA','https://images1.apartments.com/i2/harKUxCT0po_HqNX8e_DN0bR9lj1hqkGMfNwS7WObpY/117/ashley-court-apartments-philadelphia-pa-building-photo.jpg',2,2,1200.00,'USD',1,'https://www.apartments.com/ashley-court-apartments-philadelphia-pa/ldfx4kg/',40.1129332,-75.0234822,'APT','PA','PHIL'),(382,'5000 Woodbine Ave, Philadelphia, PA 19131, USA','https://images1.apartments.com/i2/tAFtfyyO4Att5JNCU6mrZZbcZ682uUVqUoKfREXtqfo/117/the-metropolitan-wynnefield-philadelphia-pa-building-photo.jpg',1,1,1165.00,'USD',1,'https://www.apartments.com/the-metropolitan-wynnefield-philadelphia-pa/s3qjyr4/',39.9951076,-75.2262829,'APT','PA','PHIL'),(383,'5000 Woodbine Ave, Philadelphia, PA 19131, USA','https://images1.apartments.com/i2/tAFtfyyO4Att5JNCU6mrZZbcZ682uUVqUoKfREXtqfo/117/the-metropolitan-wynnefield-philadelphia-pa-building-photo.jpg',2,2,1325.00,'USD',1,'https://www.apartments.com/the-metropolitan-wynnefield-philadelphia-pa/s3qjyr4/',39.9951076,-75.2262829,'APT','PA','PHIL'),(384,'1117 E Mt Airy Ave, Philadelphia, PA 19150, USA','https://images1.apartments.com/i2/uNEkBzX0UPsDbkZIm9SnJig77NX4CNdibLVrR-AFEqA/117/wadsworth-manor-philadelphia-pa-building-photo.jpg',1,1,475.00,'USD',1,'https://www.apartments.com/wadsworth-manor-philadelphia-pa/7nqmfbz/',40.0726839,-75.178304,'APT','PA','PHIL'),(385,'1117 E Mt Airy Ave, Philadelphia, PA 19150, USA','https://images1.apartments.com/i2/uNEkBzX0UPsDbkZIm9SnJig77NX4CNdibLVrR-AFEqA/117/wadsworth-manor-philadelphia-pa-building-photo.jpg',2,2,825.00,'USD',1,'https://www.apartments.com/wadsworth-manor-philadelphia-pa/7nqmfbz/',40.0726839,-75.178304,'APT','PA','PHIL'),(386,'2400 Chestnut St, Philadelphia, PA 19103, USA','https://images1.apartments.com/i2/fhHyMdPi7V39T_N_qd9vdWF6CXafwveFci2PuOKbJ1I/117/2400-chestnut-st-philadelphia-pa-building-photo.jpg',1,1,1510.00,'USD',1,'https://www.apartments.com/2400-chestnut-st-philadelphia-pa/zqgzz2x/',39.9524846,-75.179735,'APT','PA','PHIL'),(387,'2400 Chestnut St, Philadelphia, PA 19103, USA','https://images1.apartments.com/i2/fhHyMdPi7V39T_N_qd9vdWF6CXafwveFci2PuOKbJ1I/117/2400-chestnut-st-philadelphia-pa-building-photo.jpg',2,2,2295.00,'USD',1,'https://www.apartments.com/2400-chestnut-st-philadelphia-pa/zqgzz2x/',39.9524846,-75.179735,'APT','PA','PHIL'),(388,'424 S 48th St, Philadelphia, PA 19143, USA','https://images1.apartments.com/i2/yTNGAGsMIV_kwvBE6-TQ2O1w_L0WWqQpPa7898wxs1A/117/sylvania-gardens-apartments-philadelphia-pa-building-photo.jpg',1,1,750.00,'USD',1,'https://www.apartments.com/sylvania-gardens-apartments-philadelphia-pa/t5x38nb/',39.9520045,-75.2186292,'APT','PA','PHIL'),(389,'424 S 48th St, Philadelphia, PA 19143, USA','https://images1.apartments.com/i2/yTNGAGsMIV_kwvBE6-TQ2O1w_L0WWqQpPa7898wxs1A/117/sylvania-gardens-apartments-philadelphia-pa-building-photo.jpg',1,1,950.00,'USD',1,'https://www.apartments.com/sylvania-gardens-apartments-philadelphia-pa/t5x38nb/',39.9520045,-75.2186292,'APT','PA','PHIL'),(390,'717 S Christopher Columbus Blvd, Philadelphia, PA 19147, USA','https://images1.apartments.com/i2/LwDTCzhRhlyERbPNUrYvbKtnpl1cIMWCMZiZDM1stZc/117/dockside-luxury-apartments-philadelphia-pa-building-photo.jpg',2,2,2275.00,'USD',1,'https://www.apartments.com/dockside-luxury-apartments-philadelphia-pa/s4ghtr4/',39.9390479,-75.14084729999999,'APT','PA','PHIL'),(391,'717 S Christopher Columbus Blvd, Philadelphia, PA 19147, USA','https://images1.apartments.com/i2/LwDTCzhRhlyERbPNUrYvbKtnpl1cIMWCMZiZDM1stZc/117/dockside-luxury-apartments-philadelphia-pa-building-photo.jpg',3,3,3800.00,'USD',1,'https://www.apartments.com/dockside-luxury-apartments-philadelphia-pa/s4ghtr4/',39.9390479,-75.14084729999999,'APT','PA','PHIL'),(392,'5001 Erringer Pl, Philadelphia, PA 19144, USA','https://images1.apartments.com/i2/XgfHwCSmBpDzD2uYxIwsRh3jbb__NvtCz_UL_ORyqfg/117/congress-hall-philadelphia-pa-building-photo.jpg',1,1,750.00,'USD',1,'https://www.apartments.com/congress-hall-philadelphia-pa/mn265xk/',40.021338,-75.1713709,'APT','PA','PHIL'),(393,'5001 Erringer Pl, Philadelphia, PA 19144, USA','https://images1.apartments.com/i2/XgfHwCSmBpDzD2uYxIwsRh3jbb__NvtCz_UL_ORyqfg/117/congress-hall-philadelphia-pa-building-photo.jpg',2,2,850.00,'USD',1,'https://www.apartments.com/congress-hall-philadelphia-pa/mn265xk/',40.021338,-75.1713709,'APT','PA','PHIL'),(394,'5219 Wynnefield Ave, Philadelphia, PA 19131, USA','https://images1.apartments.com/i2/DxrB-AeUjnjoDjk52dlLpzI6PLX6CMQAgDvh6qn4nqw/117/fairview-arms-apartments-philadelphia-pa-building-photo.jpg',1,1,750.00,'USD',1,'https://www.apartments.com/fairview-arms-apartments-philadelphia-pa/9m9lkx6/',39.9917473,-75.2306655,'APT','PA','PHIL'),(395,'5219 Wynnefield Ave, Philadelphia, PA 19131, USA','https://images1.apartments.com/i2/DxrB-AeUjnjoDjk52dlLpzI6PLX6CMQAgDvh6qn4nqw/117/fairview-arms-apartments-philadelphia-pa-building-photo.jpg',3,3,1150.00,'USD',1,'https://www.apartments.com/fairview-arms-apartments-philadelphia-pa/9m9lkx6/',39.9917473,-75.2306655,'APT','PA','PHIL'),(396,'8118 Verree Rd, Philadelphia, PA 19111, USA','https://images1.apartments.com/i2/rbj2dtL2ZaxgF0SxTLG3dOHQRioy6a5Agi-c60JYHM4/117/park-chase-apartments-philadelphia-pa-building-photo.jpg',1,1,715.00,'USD',1,'https://www.apartments.com/park-chase-apartments-philadelphia-pa/19nl1h5/',40.0750572,-75.0747815,'APT','PA','PHIL'),(397,'8118 Verree Rd, Philadelphia, PA 19111, USA','https://images1.apartments.com/i2/rbj2dtL2ZaxgF0SxTLG3dOHQRioy6a5Agi-c60JYHM4/117/park-chase-apartments-philadelphia-pa-building-photo.jpg',2,2,950.00,'USD',1,'https://www.apartments.com/park-chase-apartments-philadelphia-pa/19nl1h5/',40.0750572,-75.0747815,'APT','PA','PHIL'),(398,'400 S 48th St, Philadelphia, PA 19143, USA','https://images1.apartments.com/i2/H4M3iNuUPM2Z8v6mdjCZQDSuyUganvf9DSawAknnei0/117/the-cornerstone-philadelphia-pa-building-photo.jpg',1,1,825.00,'USD',2,'https://www.apartments.com/the-cornerstone-philadelphia-pa/2lhplp8/',39.9523665,-75.2188493,'APT','PA','PHIL'),(399,'400 S 48th St, Philadelphia, PA 19143, USA','https://images1.apartments.com/i2/H4M3iNuUPM2Z8v6mdjCZQDSuyUganvf9DSawAknnei0/117/the-cornerstone-philadelphia-pa-building-photo.jpg',2,2,1250.00,'USD',2,'https://www.apartments.com/the-cornerstone-philadelphia-pa/2lhplp8/',39.9523665,-75.2188493,'APT','PA','PHIL'),(400,'271 S 15th St, Philadelphia, PA 19102, USA','https://images1.apartments.com/i2/e7KQQBDsmRa_igp1hFHx-jqjwBtPLTspVRN4Ii7UDIs/117/westbury-philadelphia-pa-building-photo.jpg',1,1,1350.00,'USD',4,'https://www.apartments.com/westbury-philadelphia-pa/wm05w9h/',39.9473278,-75.1662819,'APT','PA','PHIL'),(401,'271 S 15th St, Philadelphia, PA 19102, USA','https://images1.apartments.com/i2/e7KQQBDsmRa_igp1hFHx-jqjwBtPLTspVRN4Ii7UDIs/117/westbury-philadelphia-pa-building-photo.jpg',3,3,4420.00,'USD',4,'https://www.apartments.com/westbury-philadelphia-pa/wm05w9h/',39.9473278,-75.1662819,'APT','PA','PHIL'),(402,'5115 Wissahickon Ave, Philadelphia, PA 19144, USA','https://images1.apartments.com/i2/WRGJVDrWx0BhY9wuC6EQDlR0tF9uG_w8sDBcsv65qFw/117/birchwood-hill-apartments-philadelphia-pa-building-photo.jpg',1,1,695.00,'USD',1,'https://www.apartments.com/birchwood-hill-apartments-philadelphia-pa/qz5nzpx/',40.0213463,-75.17588169999999,'APT','PA','PHIL'),(403,'5115 Wissahickon Ave, Philadelphia, PA 19144, USA','https://images1.apartments.com/i2/WRGJVDrWx0BhY9wuC6EQDlR0tF9uG_w8sDBcsv65qFw/117/birchwood-hill-apartments-philadelphia-pa-building-photo.jpg',2,2,895.00,'USD',1,'https://www.apartments.com/birchwood-hill-apartments-philadelphia-pa/qz5nzpx/',40.0213463,-75.17588169999999,'APT','PA','PHIL'),(404,'6101 Morris St, Philadelphia, PA 19144, USA','https://images1.apartments.com/i2/yvjSxIvy-KmuAU8e4OAtQkFIK-UCT1F7ssVc0c-hM6U/117/four-freedoms-house--seniors-62-yrs-and-older-philadelphia-pa-building-photo.jpg',1,1,440.00,'USD',1,'https://www.apartments.com/four-freedoms-house-seniors-62-yrs-and-older-philadelphia-pa/9x9g5e6/',40.03389629999999,-75.18644929999999,'APT','PA','PHIL');
/*!40000 ALTER TABLE `Listings` ENABLE KEYS */;
UNLOCK TABLES;

--
-- Table structure for table `RealEstateAgents`
--

DROP TABLE IF EXISTS `RealEstateAgents`;
/*!40101 SET @saved_cs_client     = @@character_set_client */;
/*!40101 SET character_set_client = utf8 */;
CREATE TABLE `RealEstateAgents` (
  `agent_id` char(4) NOT NULL DEFAULT '',
  `description` varchar(320) NOT NULL,
  `email_id` varchar(320) DEFAULT NULL,
  `phone_no` varchar(320) DEFAULT NULL,
  PRIMARY KEY (`agent_id`)
) ENGINE=InnoDB DEFAULT CHARSET=latin1;
/*!40101 SET character_set_client = @saved_cs_client */;

--
-- Dumping data for table `RealEstateAgents`
--

LOCK TABLES `RealEstateAgents` WRITE;
/*!40000 ALTER TABLE `RealEstateAgents` DISABLE KEYS */;
INSERT INTO `RealEstateAgents` VALUES ('APT','Apartments.com','support@apartments.com','(888) 658-7368'),('CAPT','Campus Apartments','contact@livecampusapts.com','(215)382-1300');
/*!40000 ALTER TABLE `RealEstateAgents` ENABLE KEYS */;
UNLOCK TABLES;

--
-- Table structure for table `StateCity`
--

DROP TABLE IF EXISTS `StateCity`;
/*!40101 SET @saved_cs_client     = @@character_set_client */;
/*!40101 SET character_set_client = utf8 */;
CREATE TABLE `StateCity` (
  `state` char(2) NOT NULL DEFAULT '',
  `city` varchar(4) NOT NULL DEFAULT '',
  `state_text` varchar(30) NOT NULL,
  `city_text` varchar(30) NOT NULL,
  PRIMARY KEY (`state`,`city`)
) ENGINE=InnoDB DEFAULT CHARSET=latin1;
/*!40101 SET character_set_client = @saved_cs_client */;

--
-- Dumping data for table `StateCity`
--

LOCK TABLES `StateCity` WRITE;
/*!40000 ALTER TABLE `StateCity` DISABLE KEYS */;
INSERT INTO `StateCity` VALUES ('MT','BOST','Massachusetts','Boston'),('PA','PHIL','Pennsylvania','Philadelphia');
/*!40000 ALTER TABLE `StateCity` ENABLE KEYS */;
UNLOCK TABLES;

--
-- Table structure for table `Users`
--

DROP TABLE IF EXISTS `Users`;
/*!40101 SET @saved_cs_client     = @@character_set_client */;
/*!40101 SET character_set_client = utf8 */;
CREATE TABLE `Users` (
  `user_id` varchar(100) NOT NULL DEFAULT '',
  `email_id` varchar(320) NOT NULL,
  `name` varchar(255) NOT NULL,
  PRIMARY KEY (`user_id`)
) ENGINE=InnoDB DEFAULT CHARSET=latin1;
/*!40101 SET character_set_client = @saved_cs_client */;

--
-- Dumping data for table `Users`
--

LOCK TABLES `Users` WRITE;
/*!40000 ALTER TABLE `Users` DISABLE KEYS */;
INSERT INTO `Users` VALUES ('auth0|58e02f7fc1002318c6262312','jacobv1992@gmail.com','jacobv1992@gmail.com'),('auth0|58e9258caa90fb0220c72f27','nidhiangle94@gmail.com','nidhiangle94@gmail.com'),('google-oauth2|1088984482526714','bhargavk.1995@gmail.com','Bhargav Kalluri'),('google-oauth2|108898448252671483233','bhargavk.1995@gmail.com','Bhargav Kalluri'),('google-oauth2|1169091360360572','jacobva@seas.upenn.edu','Jacob Varghese');
/*!40000 ALTER TABLE `Users` ENABLE KEYS */;
UNLOCK TABLES;

--
-- Temporary view structure for view `ViewListingsAmenities`
--

DROP TABLE IF EXISTS `ViewListingsAmenities`;
/*!50001 DROP VIEW IF EXISTS `ViewListingsAmenities`*/;
SET @saved_cs_client     = @@character_set_client;
SET character_set_client = utf8;
/*!50001 CREATE VIEW `ViewListingsAmenities` AS SELECT 
 1 AS `state`,
 1 AS `city`,
 1 AS `listing_id`,
 1 AS `address`,
 1 AS `image`,
 1 AS `beds`,
 1 AS `baths`,
 1 AS `price`,
 1 AS `price_sort`,
 1 AS `safety_rating`,
 1 AS `link`,
 1 AS `Agent`,
 1 AS `Agent_id`,
 1 AS `Amenity`,
 1 AS `fav`*/;
SET character_set_client = @saved_cs_client;

--
-- Final view structure for view `ViewListingsAmenities`
--

/*!50001 DROP VIEW IF EXISTS `ViewListingsAmenities`*/;
/*!50001 SET @saved_cs_client          = @@character_set_client */;
/*!50001 SET @saved_cs_results         = @@character_set_results */;
/*!50001 SET @saved_col_connection     = @@collation_connection */;
/*!50001 SET character_set_client      = utf8 */;
/*!50001 SET character_set_results     = utf8 */;
/*!50001 SET collation_connection      = utf8_general_ci */;
/*!50001 CREATE ALGORITHM=UNDEFINED */
/*!50013 DEFINER=`redroofs`@`%` SQL SECURITY DEFINER */
/*!50001 VIEW `ViewListingsAmenities` AS select `L`.`state` AS `state`,`L`.`city` AS `city`,`L`.`listing_id` AS `listing_id`,`L`.`address` AS `address`,`L`.`image` AS `image`,`L`.`beds` AS `beds`,`L`.`baths` AS `baths`,concat(`C`.`symbol`,`L`.`price`) AS `price`,`L`.`price` AS `price_sort`,`L`.`safety_rating` AS `safety_rating`,`L`.`link` AS `link`,concat(`R`.`description`,'<br><a href=\'mailto:',`R`.`email_id`,'\'>Send Mail</a>','<br><a href=\'tel:',`R`.`phone_no`,'\'>Call</a>') AS `Agent`,`L`.`Agent_id` AS `Agent_id`,group_concat(`AM`.`description` separator ', ') AS `Amenity`,concat('fav-',`L`.`listing_id`) AS `fav` from ((((`Listings` `L` join `Currencies` `C` on((`L`.`currency` = `C`.`currency`))) join `RealEstateAgents` `R` on((`L`.`Agent_id` = `R`.`agent_id`))) join `IncludedAmenities` `IA` on((`L`.`listing_id` = `IA`.`listing_id`))) join `Amenities` `AM` on((`IA`.`amenity_id` = `AM`.`amenity_id`))) group by `L`.`listing_id` */;
/*!50001 SET character_set_client      = @saved_cs_client */;
/*!50001 SET character_set_results     = @saved_cs_results */;
/*!50001 SET collation_connection      = @saved_col_connection */;
/*!40103 SET TIME_ZONE=@OLD_TIME_ZONE */;

/*!40101 SET SQL_MODE=@OLD_SQL_MODE */;
/*!40014 SET FOREIGN_KEY_CHECKS=@OLD_FOREIGN_KEY_CHECKS */;
/*!40014 SET UNIQUE_CHECKS=@OLD_UNIQUE_CHECKS */;
/*!40101 SET CHARACTER_SET_CLIENT=@OLD_CHARACTER_SET_CLIENT */;
/*!40101 SET CHARACTER_SET_RESULTS=@OLD_CHARACTER_SET_RESULTS */;
/*!40101 SET COLLATION_CONNECTION=@OLD_COLLATION_CONNECTION */;
/*!40111 SET SQL_NOTES=@OLD_SQL_NOTES */;

-- Dump completed on 2017-04-21 23:34:51
